== probing live site
probe: 200 {'Connection': 'Keep-Alive', 'Keep-Alive': 'timeout=5, max=100', 'X-Powered-By': 'PHP/8.2.33', 'Content-Type': 'text/html; charset=UTF-8', 'Link': '<https://yamunabuilders.com/wp-json/>; rel="https://api.w.org/", <https://yamunabuilders.com/wp-json/wp/v2/pages/389>; rel="alternate"; title="JSON"; type="application/json", <https://yamunabuilders.com/>; rel=shortlink', 'X-LiteSpeed-Cache-Control': 'public,max-age=604800', 'X-LiteSpeed-Tag': 'dc6_front,dc6_URL.6666cd76f96956469e7be39d750cc7d9,dc6_F,dc6_Po.389,dc6_PGS,dc6_', 'Etag': '"50057-1788891758;br"', 'X-Litespeed-Cache': 'miss', 'Transfer-Encoding': 'chunked', 'Content-Encoding': 'br', 'Vary': 'Accept-Encoding', 'Date': 'Tue, 08 Sep 2026 18:22:38 GMT', 'Server': 'LiteSpeed', 'platform': 'hostinger', 'panel': 'hpanel', 'Content-Security-Policy': 'upgrade-insecure-requests', 'alt-svc': 'h3=":443"; ma=2592000, h3-29=":443"; ma=2592000'}
probe body head: <!doctype html> <html lang="en-US" prefix="og: https://ogp.me/ns#" class="no-js"> <head> 	<meta charset="UTF-8"> 	<meta name="viewport" content="width=device-width, initial-scale=1, maximum-scale=5" /><!-- Manifest added by SuperPWA - Progressive Web Apps Plugin For WordPress --> <link rel="manifest" href="/superpwa-manifest.json"> <link rel="prefetch" href="/superpwa-manifest.json"> <meta name="theme-color" content="#D5E0EB"> <!-- / SuperPWA.com -->  <!-- Search Engine Optimization by Rank Math - https://rankmath.com/ --> <title>Yamuna Homes and Design - Premium Flats in Mangalore</title> <me
== sitemaps
sitemap urls: 69
== REST API
api pages 20
api posts 35
api media 838
api categories 9
api users 2
api menus 401
api menu-items 401
api menu-locations 401
api uig_image_gallery 404
api elementor_library 404
api block-types 401
api types 1
api taxonomies 1
api settings 401
== crawling pages
OK https://yamunabuilders.com/ 222245 queue 155
SKIP https://yamunabuilders.com/yamuna-garden/yamuna-garden-overview.html 404 text/html; charset=UTF-8
SKIP https://yamunabuilders.com/index.html 404 text/html; charset=UTF-8
OK https://yamunabuilders.com/top-smart-home-features-mangalore-apartments/ 140711 queue 198
OK https://yamunabuilders.com/yamuna-skycity-landmark-launch-with-lamborghini/ 139909 queue 237
OK https://yamunabuilders.com/apartment-in-mangalore-working-families/ 137350 queue 279
OK https://yamunabuilders.com/renting-vs-buying-flat-mangalore/ 140004 queue 322
OK https://yamunabuilders.com/holiday-homes-mangalore-attracting-investors/ 139115 queue 360
OK https://yamunabuilders.com/moving-to-mangalore-apartment-living-guide/ 140011 queue 398
OK https://yamunabuilders.com/10-questions-before-booking-flat-mangalore/ 141431 queue 440
OK https://yamunabuilders.com/the-new-face-of-mangalores-real-estate/ 137159 queue 480
OK https://yamunabuilders.com/why-mangalore-tech-park-matters-for-homebuyers/ 137405 queue 520
OK https://yamunabuilders.com/dont-just-read-about-it-experience-it-own-the-feeling-as-yamuna-sky-city-opens-its-doors-this-april-25/ 137097 queue 559
OK https://yamunabuilders.com/2-bhk-vs-3-bhk-mangalore/ 139643 queue 599
OK https://yamunabuilders.com/what-is-rera-and-why-it-matters/ 140339 queue 639
OK https://yamunabuilders.com/mangalore-high-rise-apartments-growth/ 139944 queue 675
OK https://yamunabuilders.com/how-nris-can-book-apartments-in-mangalore/ 140395 queue 717
OK https://yamunabuilders.com/why-invest-in-mangalores-fast-growing-areas/ 138581 queue 762
OK https://yamunabuilders.com/learn-more-about-yamuna-kamaldeep-twin-tower/ 139044 queue 804
OK https://yamunabuilders.com/mangalore-most-livable-coastal-city/ 140001 queue 842
OK https://yamunabuilders.com/beyond-bangalore-how-karnatakas-new-sustainability-push-is-reshaping-real-estate-and-urban-growth/ 133249 queue 877
OK https://yamunabuilders.com/mangalores-growing-infrastructure-is-changing/ 139395 queue 920
OK https://yamunabuilders.com/buying-flats-in-mangalore-guide/ 137763 queue 961
OK https://yamunabuilders.com/sea-view-apartments-in-mangalore/ 135785 queue 1000
OK https://yamunabuilders.com/why-homebuyers-choose-yamuna-homes-mangalore/ 139480 queue 1039
OK https://yamunabuilders.com/are-flats-in-mangalore-worth-buying-in-2026/ 135692 queue 1077
OK https://yamunabuilders.com/why-mangalore-is-ideal-for-apartment-living/ 136198 queue 1112
OK https://yamunabuilders.com/why-mangalore-is-ideal-for-your-future-home/ 135904 queue 1146
OK https://yamunabuilders.com/mangalore-hidden-real-estate-hotspots/ 136508 queue 1183
OK https://yamunabuilders.com/apartment-buying-tips-mangalore/ 135301 queue 1220
OK https://yamunabuilders.com/best-localities-in-mangalore-for-apartments/ 135824 queue 1253
OK https://yamunabuilders.com/yamuna-homes-designs-trusted-builders-mangalore/ 135437 queue 1288
OK https://yamunabuilders.com/yamuna-sky-city-featured-by-mangalore-meri-jaan/ 125741 queue 1321
OK https://yamunabuilders.com/yamuna-sky-city-mangalores-most-talked-project/ 140522 queue 1356
OK https://yamunabuilders.com/yamunas-journey-to-becoming-a-leading-builder-in-mangalore/ 148773 queue 1394
OK https://yamunabuilders.com/yamuna-builders-finished-projects-and-what-next/ 139214 queue 1430
OK https://yamunabuilders.com/yamuna-homes-featured-in-daijiworld-a-glimpse-into-coastal-luxury-living/ 123019 queue 1463
OK https://yamunabuilders.com/yamuna-sky-city-makes-its-debut-at-the-india-property-show-in-dubai/ 145996 queue 1494
OK https://yamunabuilders.com/projects/completed-projects/ 176182 queue 1514
OK https://yamunabuilders.com/yamuna-sky-city/ 326354 queue 1554
OK https://yamunabuilders.com/about/ 201869 queue 1567
OK https://yamunabuilders.com/contact/ 145157 queue 1576
OK https://yamunabuilders.com/other-services/ 140035 queue 1582
OK https://yamunabuilders.com/projects/ 102028 queue 1588
OK https://yamunabuilders.com/sky-city-digital-brochure-new/ 298255 queue 1595
OK https://yamunabuilders.com/projects/ongoing-projects/ 150631 queue 1598
OK https://yamunabuilders.com/insights/ 151175 queue 1609
OK https://yamunabuilders.com/sky-city-digital-brochure/ 288556 queue 1610
OK https://yamunabuilders.com/yamuna-kamaldeep-twin-tower/ 132658 queue 1610
OK https://yamunabuilders.com/progress-work/ 380854 queue 1726
OK https://yamunabuilders.com/apartment-in-mangalore/ 276557 queue 1725
OK https://yamunabuilders.com/flats-sale-in-mangalore/ 276531 queue 1724
OK https://yamunabuilders.com/sea-facing-apartment-in-karnataka/ 315770 queue 1746
OK https://yamunabuilders.com/plans/ 183561 queue 1745
OK https://yamunabuilders.com/gallery/ 202715 queue 1797
OK https://yamunabuilders.com/sky-city-brochure/ 109103 queue 1796
OK https://yamunabuilders.com/uig_image_gallery/14-2/ 105954 queue 1798
OK https://yamunabuilders.com/uig_image_gallery/14/ 105944 queue 1800
OK https://yamunabuilders.com/uig_image_gallery/13/ 105944 queue 1802
OK https://yamunabuilders.com/uig_image_gallery/12/ 105944 queue 1804
OK https://yamunabuilders.com/uig_image_gallery/11/ 105944 queue 1806
OK https://yamunabuilders.com/uig_image_gallery/10/ 105940 queue 1808
OK https://yamunabuilders.com/uig_image_gallery/9/ 105929 queue 1810
OK https://yamunabuilders.com/uig_image_gallery/8/ 105929 queue 1812
OK https://yamunabuilders.com/uig_image_gallery/7/ 105935 queue 1814
OK https://yamunabuilders.com/uig_image_gallery/1787/ 105944 queue 1816
OK https://yamunabuilders.com/uig_image_gallery/3/ 105930 queue 1818
OK https://yamunabuilders.com/uig_image_gallery/4/ 105930 queue 1818
OK https://yamunabuilders.com/uig_image_gallery/2/ 105936 queue 1820
OK https://yamunabuilders.com/uig_image_gallery/1772/ 105794 queue 1820
OK https://yamunabuilders.com/uig_image_gallery/5/ 105857 queue 1820
OK https://yamunabuilders.com/yamuna-asha-city/ 182293 queue 1817
OK https://yamunabuilders.com/category/yamuna-sky-city/ 116474 queue 1726
OK https://yamunabuilders.com/author/yamunapagraphics/ 128024 queue 1736
OK https://yamunabuilders.com/category/news-announcement/ 126111 queue 1729
OK https://yamunabuilders.com/category/our-story/ 106188 queue 1646
OK https://yamunabuilders.com/category/yamuna-homes-and-designs/ 107459 queue 1438
OK https://yamunabuilders.com/category/projects/ 104613 queue 1391
OK https://yamunabuilders.com/category/yamuna-kamaldeep-twin-tower/ 105176 queue 1236
OK https://yamunabuilders.com/author/hazrath/ 103253 queue 52
OK https://yamunabuilders.com/author/yamunapagraphics/page/2/ 130671 queue 11
OK https://yamunabuilders.com/author/yamunapagraphics/page/3/ 126219 queue 13
OK https://yamunabuilders.com/author/yamunapagraphics/page/4/ 115438 queue 13
OK https://yamunabuilders.com/category/news-announcement/page/2/ 126957 queue 15
OK https://yamunabuilders.com/category/news-announcement/page/3/ 109736 queue 15
pages: 88 asset urls: 1584
== assets 7867
ASSET OK https://yamunabuilders.com/superpwa-manifest.json 894 total MB 0.0
ASSET OK https://yamunabuilders.com/wp-content/plugins/akismet/_inc/akismet-frontend.js?ver=1787129856 12574 total MB 0.0
ASSET OK https://yamunabuilders.com/wp-content/plugins/click-to-chat-for-whatsapp/new/inc/assets/css/main.css?ver=4.43 3015 total MB 0.0
ASSET OK https://yamunabuilders.com/wp-content/plugins/click-to-chat-for-whatsapp/new/inc/assets/js/app.js?ver=4.43 15818 total MB 0.0
ASSET OK https://yamunabuilders.com/wp-content/plugins/contact-form-7/includes/css/styles.css?ver=6.1.7 2979 total MB 0.0
ASSET OK https://yamunabuilders.com/wp-content/plugins/contact-form-7/includes/js/index.js?ver=6.1.7 13452 total MB 0.0
ASSET OK https://yamunabuilders.com/wp-content/plugins/contact-form-7/includes/swv/js/index.js?ver=6.1.7 12512 total MB 0.1
ASSET OK https://yamunabuilders.com/wp-content/plugins/email-verification-for-contact-form-7/assets/css/front-style.css?ver=2.5.1 1068 total MB 0.1
ASSET OK https://yamunabuilders.com/wp-content/plugins/email-verification-for-contact-form-7/assets/js/front-script.js?ver=2.5.1 3556 total MB 0.1
ASSET OK https://yamunabuilders.com/wp-content/plugins/js_composer_salient/assets/js/dist/js_composer_front.min.js?ver=8.7.2 23821 total MB 0.1
ASSET OK https://yamunabuilders.com/wp-content/plugins/mousewheel-smooth-scroll/js/SmoothScroll.min.js?ver=1.5.1 7450 total MB 0.1
ASSET OK https://yamunabuilders.com/wp-content/plugins/popup-maker/ 0 total MB 0.1
ASSET OK https://yamunabuilders.com/wp-content/plugins/salient-core/css/fallback/portfolio.css?ver=3.1.4 64256 total MB 0.2
ASSET OK https://yamunabuilders.com/wp-content/plugins/salient-core/js/fallback/salient-portfolio.js?ver=3.1.4 55084 total MB 0.2
ASSET OK https://yamunabuilders.com/wp-content/plugins/salient-core/js/third-party/touchswipe.min.js?ver=3.1.4 9375 total MB 0.2
ASSET OK https://yamunabuilders.com/wp-content/plugins/salient-nectar-slider/css/nectar-slider.css?ver=1.7.8 68215 total MB 0.3
ASSET OK https://yamunabuilders.com/wp-content/plugins/salient-nectar-slider/js/nectar-slider.js?ver=1.7.8 220832 total MB 0.5
ASSET OK https://yamunabuilders.com/wp-content/plugins/super-progressive-web-apps/public/js/register-sw.js?ver=2.2.48 35524 total MB 0.6
ASSET OK https://yamunabuilders.com/wp-content/plugins/ultimate-image-gallery/assets/css/styles.css?ver=7.1 7044 total MB 0.6
ASSET OK https://yamunabuilders.com/wp-content/plugins/ultimate-image-gallery/assets/css/viewer.css?ver=7.1 10060 total MB 0.6
ASSET OK https://yamunabuilders.com/wp-content/plugins/ultimate-image-gallery/assets/js/mixitup.min.js?ver=1.2.1 28941 total MB 0.6
ASSET OK https://yamunabuilders.com/wp-content/plugins/ultimate-image-gallery/assets/js/scripts.js?ver=1.2.1 3830 total MB 0.6
ASSET OK https://yamunabuilders.com/wp-content/plugins/ultimate-image-gallery/assets/js/viewer.js 76616 total MB 0.7
ASSET OK https://yamunabuilders.com/wp-content/plugins/wpcf7-redirect/build/assets/frontend-script.css?ver=2c532d7e2be36f6af233 125 total MB 0.7
ASSET OK https://yamunabuilders.com/wp-content/plugins/wpcf7-redirect/build/assets/frontend-script.js?ver=2c532d7e2be36f6af233 4046 total MB 0.7
ASSET OK https://yamunabuilders.com/wp-content/themes/salient/css/build/blog/auto-masonry-meta-overlaid-spaced.css?ver=18.1.1 11899 total MB 0.7
ASSET OK https://yamunabuilders.com/wp-content/themes/salient/css/build/elements/element-fancy-box.css?ver=18.1.1 11702 total MB 0.7
ASSET OK https://yamunabuilders.com/wp-content/themes/salient/css/build/elements/element-fancy-unordered-list.css?ver=18.1.1 2159 total MB 0.7
ASSET OK https://yamunabuilders.com/wp-content/themes/salient/css/build/elements/element-highlighted-text.css?ver=18.1.1 3970 total MB 0.7
ASSET OK https://yamunabuilders.com/wp-content/themes/salient/css/build/elements/element-horizontal-list-item.css?ver=18.1.1 12155 total MB 0.7
ASSET OK https://yamunabuilders.com/wp-content/themes/salient/css/build/elements/element-icon-with-text.css?ver=18.1.1 1264 total MB 0.7
ASSET OK https://yamunabuilders.com/wp-content/themes/salient/css/build/elements/element-interactive-map.css?ver=18.1.1 3884 total MB 0.7
ASSET OK https://yamunabuilders.com/wp-content/themes/salient/css/build/elements/element-milestone.css?ver=18.1.1 2105 total MB 0.7
ASSET OK https://yamunabuilders.com/wp-content/themes/salient/css/build/elements/element-page-submenu.css?ver=18.1.1 3206 total MB 0.7
ASSET OK https://yamunabuilders.com/wp-content/themes/salient/css/build/elements/element-post-grid.css?ver=18.1.1 49273 total MB 0.8
ASSET OK https://yamunabuilders.com/wp-content/themes/salient/css/build/elements/element-recent-posts.css?ver=18.1.1 37035 total MB 0.8
ASSET OK https://yamunabuilders.com/wp-content/themes/salient/css/build/elements/element-scrolling-text.css?ver=18.1.1 3881 total MB 0.8
ASSET OK https://yamunabuilders.com/wp-content/themes/salient/css/build/elements/element-toggles.css?ver=18.1.1 2651 total MB 0.8
ASSET OK https://yamunabuilders.com/wp-content/themes/salient/css/build/elements/element-wpb-column-border.css?ver=18.1.1 21634 total MB 0.8
ASSET OK https://yamunabuilders.com/wp-content/themes/salient/css/build/grid-system.css?ver=18.1.1 21942 total MB 0.9
ASSET OK https://yamunabuilders.com/wp-content/themes/salient/css/build/header/header-layout-menu-left-aligned.css?ver=18.1.1 862 total MB 0.9
ASSET OK https://yamunabuilders.com/wp-content/themes/salient/css/build/off-canvas/core.css?ver=18.1.1 26420 total MB 0.9
ASSET OK https://yamunabuilders.com/wp-content/themes/salient/css/build/off-canvas/slide-out-right-hover.css?ver=18.1.1 12664 total MB 0.9
ASSET OK https://yamunabuilders.com/wp-content/themes/salient/css/build/plugins/flickity.css?ver=18.1.1 42450 total MB 1.0
ASSET OK https://yamunabuilders.com/wp-content/themes/salient/css/build/plugins/jquery.fancybox.css?ver=3.3.1 13897 total MB 1.0
ASSET OK https://yamunabuilders.com/wp-content/themes/salient/css/build/plugins/js_composer.css?ver=18.1.1 23546 total MB 1.0
ASSET OK https://yamunabuilders.com/wp-content/themes/salient/css/build/plugins/leaflet.css?ver=7.1 10601 total MB 1.0
ASSET OK https://yamunabuilders.com/wp-content/themes/salient/css/build/responsive.css?ver=18.1.1 36252 total MB 1.0
ASSET OK https://yamunabuilders.com/wp-content/themes/salient/css/build/single.css?ver=18.1.1 42305 total MB 1.1
ASSET OK https://yamunabuilders.com/wp-content/themes/salient/css/build/skin-material.css?ver=18.1.1 55994 total MB 1.1
ASSET OK https://yamunabuilders.com/wp-content/themes/salient/css/build/style-non-critical.css?ver=18.1.1 32717 total MB 1.2
ASSET OK https://yamunabuilders.com/wp-content/themes/salient/css/build/style.css?ver=18.1.1 164251 total MB 1.3
ASSET OK https://yamunabuilders.com/wp-content/themes/salient/css/build/third-party/cf7.css?ver=18.1.1 3139 total MB 1.3
ASSET OK https://yamunabuilders.com/wp-content/themes/salient/css/font-awesome.min.css?ver=4.7.1 34885 total MB 1.4
ASSET OK https://yamunabuilders.com/wp-content/themes/salient/css/fonts/icomoon.woff?v=1.7 21964 total MB 1.4
ASSET OK https://yamunabuilders.com/wp-content/themes/salient/js/build/elements/nectar-leaflet-map.js?ver=18.1.1 2144 total MB 1.4
ASSET OK https://yamunabuilders.com/wp-content/themes/salient/js/build/elements/nectar-sticky-media-sections.js?ver=18.1.1 34138 total MB 1.4
ASSET OK https://yamunabuilders.com/wp-content/themes/salient/js/build/init.js?ver=18.1.1 392463 total MB 1.8
ASSET OK https://yamunabuilders.com/wp-content/themes/salient/js/build/nectar-slider-priority.js?ver=18.1.1 3283 total MB 1.8
ASSET OK https://yamunabuilders.com/wp-content/themes/salient/js/build/priority.js?ver=18.1.1 1922 total MB 1.8
ASSET OK https://yamunabuilders.com/wp-content/themes/salient/js/build/third-party/anime.min.js?ver=4.5.1 17741 total MB 1.8
ASSET OK https://yamunabuilders.com/wp-content/themes/salient/js/build/third-party/flickity.js?ver=2.3.3 55874 total MB 1.9
ASSET OK https://yamunabuilders.com/wp-content/themes/salient/js/build/third-party/hoverintent.min.js?ver=1.9 2245 total MB 1.9
ASSET OK https://yamunabuilders.com/wp-content/themes/salient/js/build/third-party/imagesLoaded.min.js?ver=4.1.4 5594 total MB 1.9
ASSET OK https://yamunabuilders.com/wp-content/themes/salient/js/build/third-party/isotope.min.js?ver=7.6 52886 total MB 2.0
ASSET OK https://yamunabuilders.com/wp-content/themes/salient/js/build/third-party/jquery.easing.min.js?ver=1.3 2392 total MB 2.0
ASSET OK https://yamunabuilders.com/wp-content/themes/salient/js/build/third-party/jquery.fancybox.js?ver=18.1.1 70220 total MB 2.0
ASSET OK https://yamunabuilders.com/wp-content/themes/salient/js/build/third-party/jquery.mousewheel.min.js?ver=3.1.13 2711 total MB 2.0
ASSET OK https://yamunabuilders.com/wp-content/themes/salient/js/build/third-party/leaflet.min.js?ver=1.3.1 147516 total MB 2.2
ASSET OK https://yamunabuilders.com/wp-content/themes/salient/js/build/third-party/stickkit.js?ver=18.1.1 7594 total MB 2.2
ASSET OK https://yamunabuilders.com/wp-content/themes/salient/js/build/third-party/superfish.js?ver=1.5.8 5725 total MB 2.2
ASSET OK https://yamunabuilders.com/wp-content/themes/salient/js/build/third-party/transit.min.js?ver=0.9.9 7416 total MB 2.2
ASSET OK https://yamunabuilders.com/wp-content/themes/salient/js/build/third-party/waypoints.js?ver=4.0.2 8999 total MB 2.2
ASSET OK https://yamunabuilders.com/wp-content/uploads/2024/10/PA-Theme-Logo.png 1332 total MB 2.2
ASSET OK https://yamunabuilders.com/wp-content/uploads/2024/12/15815392.webp 55910 total MB 2.3
ASSET OK https://yamunabuilders.com/wp-content/uploads/2024/12/17461549-1.webp 31732 total MB 2.3
ASSET OK https://yamunabuilders.com/wp-content/uploads/2024/12/1829-1.webp 244954 total MB 2.5
ASSET OK https://yamunabuilders.com/wp-content/uploads/2024/12/20.webp 65890 total MB 2.6
ASSET OK https://yamunabuilders.com/wp-content/uploads/2024/12/25416118.webp 428084 total MB 3.0
ASSET OK https://yamunabuilders.com/wp-content/uploads/2024/12/28315.webp 66734 total MB 3.1
ASSET OK https://yamunabuilders.com/wp-content/uploads/2024/12/3775.webp 172398 total MB 3.3
ASSET OK https://yamunabuilders.com/wp-content/uploads/2024/12/480.webp 51652 total MB 3.3
ASSET OK https://yamunabuilders.com/wp-content/uploads/2024/12/4806.webp 193504 total MB 3.5
ASSET OK https://yamunabuilders.com/wp-content/uploads/2024/12/48219.webp 49176 total MB 3.6
ASSET OK https://yamunabuilders.com/wp-content/uploads/2024/12/63adaa5de648e010074b5032_form-img-p-2000.webp 225182 total MB 3.8
ASSET OK https://yamunabuilders.com/wp-content/uploads/2024/12/6480f485c77cfb1ac72a5117_office-003.webp 86636 total MB 3.9
ASSET OK https://yamunabuilders.com/wp-content/uploads/2024/12/66da8b905da3697ae2f97fb5_Home-Two-Hero-scaled.webp 36726 total MB 3.9
ASSET OK https://yamunabuilders.com/wp-content/uploads/2024/12/66da8b905da3697ae2f97fb5_Home-Two-Hero.webp 40334 total MB 4.0
ASSET OK https://yamunabuilders.com/wp-content/uploads/2024/12/66da8cab22aa9880e20dc0c9_Triangle20Room-p-500.webp 14476 total MB 4.0
ASSET OK https://yamunabuilders.com/wp-content/uploads/2024/12/66da8cac22aa9880e20dc0e6_Big20Decoration-p-500.webp 19670 total MB 4.0
ASSET OK https://yamunabuilders.com/wp-content/uploads/2024/12/66da8ccddc2a17f17bd02cf8_House-Outline.webp 111222 total MB 4.1
ASSET OK https://yamunabuilders.com/wp-content/uploads/2024/12/66da8d8f88404fe1ee00ed5e_FooterBackground-scaled.webp 49286 total MB 4.2
ASSET OK https://yamunabuilders.com/wp-content/uploads/2024/12/66da8d8f88404fe1ee00ed5e_FooterBackground.webp 51744 total MB 4.2
ASSET OK https://yamunabuilders.com/wp-content/uploads/2024/12/6720dbd976a16262137732e9_Work-14.webp 9932 total MB 4.2
ASSET OK https://yamunabuilders.com/wp-content/uploads/2024/12/ARIAL-SHOT-png.webp 402524 total MB 4.6
ASSET OK https://yamunabuilders.com/wp-content/uploads/2024/12/ARIAL-SHOT.webp 467246 total MB 5.1
ASSET OK https://yamunabuilders.com/wp-content/uploads/2024/12/BALCONY-SHOT_1-1.webp 62264 total MB 5.2
ASSET OK https://yamunabuilders.com/wp-content/uploads/2024/12/BALCONY-SHOT_1-png.webp 41824 total MB 5.2
ASSET OK https://yamunabuilders.com/wp-content/uploads/2024/12/BALCONY-SHOT_1.webp 48588 total MB 5.2
ASSET OK https://yamunabuilders.com/wp-content/uploads/2024/12/Close-Up-Shot-png.webp 94328 total MB 5.3
ASSET OK https://yamunabuilders.com/wp-content/uploads/2024/12/Close-Up-Shot.webp 111192 total MB 5.4
ASSET OK https://yamunabuilders.com/wp-content/uploads/2024/12/ENTRY-WITH-LOGO-2.webp 344534 total MB 5.8
ASSET OK https://yamunabuilders.com/wp-content/uploads/2024/12/Entrance-facing-Side-Elevation_1-png.webp 218770 total MB 6.0
ASSET OK https://yamunabuilders.com/wp-content/uploads/2024/12/Entrance-facing-Side-Elevation_1.webp 251892 total MB 6.3
ASSET OK https://yamunabuilders.com/wp-content/uploads/2024/12/Favicon-1-png.webp 4984 total MB 6.3
ASSET 404 https://yamunabuilders.com/wp-content/uploads/2024/12/Favicon-1.webp
ASSET OK https://yamunabuilders.com/wp-content/uploads/2024/12/GRID-scaled-1-png.webp 18726 total MB 6.3
ASSET 404 https://yamunabuilders.com/wp-content/uploads/2024/12/GRID-scaled-1.webp
ASSET OK https://yamunabuilders.com/wp-content/uploads/2024/12/Image_5-png.webp 299698 total MB 6.6
ASSET OK https://yamunabuilders.com/wp-content/uploads/2024/12/Image_5.webp 269908 total MB 6.9
ASSET OK https://yamunabuilders.com/wp-content/uploads/2024/12/Organization-Logo.webp 5722 total MB 6.9
ASSET OK https://yamunabuilders.com/wp-content/uploads/2024/12/Scene-26-png.webp 339834 total MB 7.2
ASSET OK https://yamunabuilders.com/wp-content/uploads/2024/12/Scene-26.webp 306742 total MB 7.5
ASSET OK https://yamunabuilders.com/wp-content/uploads/2024/12/Sea-Facing-Front-Elevation-png.webp 124564 total MB 7.6
ASSET OK https://yamunabuilders.com/wp-content/uploads/2024/12/Sea-Facing-Front-Elevation.webp 143880 total MB 7.8
ASSET OK https://yamunabuilders.com/wp-content/uploads/2024/12/Sea-Facing-Side-Elevation-png.webp 175064 total MB 8.0
ASSET OK https://yamunabuilders.com/wp-content/uploads/2024/12/Sea-Facing-Side-Elevation.webp 203238 total MB 8.2
ASSET OK https://yamunabuilders.com/wp-content/uploads/2024/12/Site-Image-5.webp 98918 total MB 8.3
ASSET OK https://yamunabuilders.com/wp-content/uploads/2024/12/TOP-POOL-FRONT-png.webp 78636 total MB 8.3
ASSET OK https://yamunabuilders.com/wp-content/uploads/2024/12/TOP-POOL-FRONT.webp 95726 total MB 8.4
ASSET OK https://yamunabuilders.com/wp-content/uploads/2024/12/WhatsApp-Image-2024-12-31-at-6.04.15-PM.webp 11866 total MB 8.4
ASSET OK https://yamunabuilders.com/wp-content/uploads/2024/12/YAMUNA_LOGO-png.webp 11046 total MB 8.5
ASSET 404 https://yamunabuilders.com/wp-content/uploads/2024/12/YAMUNA_LOGO.webp
ASSET OK https://yamunabuilders.com/wp-content/uploads/2024/12/YAMUNA_LOGO_WHITE-png.webp 10444 total MB 8.5
ASSET 404 https://yamunabuilders.com/wp-content/uploads/2024/12/YAMUNA_LOGO_WHITE.webp
ASSET OK https://yamunabuilders.com/wp-content/uploads/2024/12/YSC-BOOKLET-21-05-2024-2.pdf-image-000.webp 139084 total MB 8.6
ASSET OK https://yamunabuilders.com/wp-content/uploads/2024/12/YSC-BOOKLET-21-05-2024-2.pdf-image-012.webp 324268 total MB 8.9
ASSET OK https://yamunabuilders.com/wp-content/uploads/2024/12/YSC-BOOKLET-21-05-2024-2.pdf-image-151.webp 14218 total MB 8.9
ASSET OK https://yamunabuilders.com/wp-content/uploads/2024/12/abstract-futuristic-architecture-curved-style-common-use-modern-buildings-city-future-futuristic-city-mall-scifi-graphic-backgrounds-3d-illustration-scaled.webp 72268 total MB 9.0
ASSET OK https://yamunabuilders.com/wp-content/uploads/2024/12/abstract-futuristic-architecture-curved-style-common-use-modern-buildings-city-future-futuristic-city-mall-scifi-graphic-backgrounds-3d-illustration.webp 95148 total MB 9.1
ASSET OK https://yamunabuilders.com/wp-content/uploads/2024/12/amphitheatre-png.webp 2836 total MB 9.1
ASSET OK https://yamunabuilders.com/wp-content/uploads/2024/12/architecture_12035178-ezgif.com-effects.gif 45836 total MB 9.2
ASSET OK https://yamunabuilders.com/wp-content/uploads/2024/12/asha.webp 236406 total MB 9.4
ASSET OK https://yamunabuilders.com/wp-content/uploads/2024/12/badge-2-png.webp 13318 total MB 9.4
ASSET OK https://yamunabuilders.com/wp-content/uploads/2024/12/balcony-png.webp 620 total MB 9.4
ASSET OK https://yamunabuilders.com/wp-content/uploads/2024/12/basketball-hoop-png.webp 860 total MB 9.4
ASSET OK https://yamunabuilders.com/wp-content/uploads/2024/12/bed-alt-png.webp 610 total MB 9.4
ASSET OK https://yamunabuilders.com/wp-content/uploads/2024/12/bench-tree-png.webp 1164 total MB 9.4
ASSET OK https://yamunabuilders.com/wp-content/uploads/2024/12/box_15309826-ezgif.com-effects.gif 703781 total MB 10.1
ASSET OK https://yamunabuilders.com/wp-content/uploads/2024/12/building-1-png.webp 506 total MB 10.1
ASSET OK https://yamunabuilders.com/wp-content/uploads/2024/12/building-png.webp 506 total MB 10.1
ASSET OK https://yamunabuilders.com/wp-content/uploads/2024/12/building6-ezgif.com-effects.gif 279527 total MB 10.4
ASSET OK https://yamunabuilders.com/wp-content/uploads/2024/12/camera-cctv-1-png.webp 1702 total MB 10.4
ASSET OK https://yamunabuilders.com/wp-content/uploads/2024/12/camera-cctv-png.webp 1702 total MB 10.4
ASSET OK https://yamunabuilders.com/wp-content/uploads/2024/12/candle-lotus-yoga-1-png.webp 2052 total MB 10.4
ASSET OK https://yamunabuilders.com/wp-content/uploads/2024/12/chess-knight-alt-png.webp 1150 total MB 10.4
ASSET OK https://yamunabuilders.com/wp-content/uploads/2024/12/city-png.webp 680 total MB 10.4
ASSET OK https://yamunabuilders.com/wp-content/uploads/2024/12/court-sport-2-png.webp 986 total MB 10.4
ASSET OK https://yamunabuilders.com/wp-content/uploads/2024/12/court-sport-png.webp 986 total MB 10.4
ASSET OK https://yamunabuilders.com/wp-content/uploads/2024/12/dumbbell-ray-1-png.webp 960 total MB 10.4
ASSET OK https://yamunabuilders.com/wp-content/uploads/2024/12/dumbbell-ray-png.webp 960 total MB 10.4
ASSET OK https://yamunabuilders.com/wp-content/uploads/2024/12/ecology-png.webp 11846 total MB 10.4
ASSET OK https://yamunabuilders.com/wp-content/uploads/2024/12/ezgif-2-148434ff7b-100x100.gif.webp 1632 total MB 10.4
ASSET OK https://yamunabuilders.com/wp-content/uploads/2024/12/ezgif-2-148434ff7b-140x140.gif.webp 2522 total MB 10.4
ASSET OK https://yamunabuilders.com/wp-content/uploads/2024/12/ezgif-2-148434ff7b.gif 103846 total MB 10.5
ASSET OK https://yamunabuilders.com/wp-content/uploads/2024/12/ezgif-2-148434ff7b.gif.webp 268150 total MB 10.8
ASSET OK https://yamunabuilders.com/wp-content/uploads/2024/12/ezgif-2-5705294ccc.gif 457595 total MB 11.2
ASSET OK https://yamunabuilders.com/wp-content/uploads/2024/12/ezgif-2-611eef6038.gif 188428 total MB 11.4
ASSET OK https://yamunabuilders.com/wp-content/uploads/2024/12/ezgif-2-7d65a63d06.gif 284146 total MB 11.7
ASSET OK https://yamunabuilders.com/wp-content/uploads/2024/12/ezgif-2-91ecb03748-100x100.gif.webp 1602 total MB 11.7
ASSET OK https://yamunabuilders.com/wp-content/uploads/2024/12/ezgif-2-91ecb03748-140x140.gif.webp 2730 total MB 11.7
ASSET OK https://yamunabuilders.com/wp-content/uploads/2024/12/ezgif-2-91ecb03748.gif 143139 total MB 11.9
ASSET OK https://yamunabuilders.com/wp-content/uploads/2024/12/ezgif-2-91ecb03748.gif.webp 351650 total MB 12.2
ASSET OK https://yamunabuilders.com/wp-content/uploads/2024/12/ezgif-2-9a2381324d-100x100.gif.webp 1510 total MB 12.2
ASSET OK https://yamunabuilders.com/wp-content/uploads/2024/12/ezgif-2-9a2381324d-140x140.gif.webp 2482 total MB 12.2
ASSET OK https://yamunabuilders.com/wp-content/uploads/2024/12/ezgif-2-9a2381324d.gif 111933 total MB 12.3
ASSET OK https://yamunabuilders.com/wp-content/uploads/2024/12/ezgif-2-9a2381324d.gif.webp 186036 total MB 12.5
ASSET OK https://yamunabuilders.com/wp-content/uploads/2024/12/ezgif-2-e455764215.gif 292897 total MB 12.8
ASSET OK https://yamunabuilders.com/wp-content/uploads/2024/12/ezgif-2-e78b400074-100x100.gif.webp 1560 total MB 12.8
ASSET OK https://yamunabuilders.com/wp-content/uploads/2024/12/ezgif-2-e78b400074-140x140.gif.webp 2314 total MB 12.8
ASSET OK https://yamunabuilders.com/wp-content/uploads/2024/12/ezgif-2-e78b400074.gif 124793 total MB 12.9
ASSET OK https://yamunabuilders.com/wp-content/uploads/2024/12/ezgif-2-e78b400074.gif.webp 273180 total MB 13.2
ASSET OK https://yamunabuilders.com/wp-content/uploads/2024/12/fan-png.webp 2412 total MB 13.2
ASSET OK https://yamunabuilders.com/wp-content/uploads/2024/12/faucet-drip-png.webp 586 total MB 13.2
ASSET OK https://yamunabuilders.com/wp-content/uploads/2024/12/fire-extinguisher-png.webp 1064 total MB 13.2
ASSET OK https://yamunabuilders.com/wp-content/uploads/2024/12/floor-alt-png.webp 1334 total MB 13.2
ASSET OK https://yamunabuilders.com/wp-content/uploads/2024/12/floor-layer-png.webp 2060 total MB 13.2
ASSET OK https://yamunabuilders.com/wp-content/uploads/2024/12/forest-png.webp 2562 total MB 13.2
ASSET OK https://yamunabuilders.com/wp-content/uploads/2024/12/goals-ezgif.com-effects.gif 610832 total MB 13.8
ASSET OK https://yamunabuilders.com/wp-content/uploads/2024/12/golf-club-1-png.webp 1726 total MB 13.8
ASSET OK https://yamunabuilders.com/wp-content/uploads/2024/12/golf-club-png.webp 1726 total MB 13.8
ASSET OK https://yamunabuilders.com/wp-content/uploads/2024/12/hand-holding-water-png.webp 1694 total MB 13.8
ASSET OK https://yamunabuilders.com/wp-content/uploads/2024/12/hand-shake-png.webp 8640 total MB 13.9
ASSET 404 https://yamunabuilders.com/wp-content/uploads/2024/12/hand-shake.webp
ASSET OK https://yamunabuilders.com/wp-content/uploads/2024/12/home.webp 128364 total MB 14.0
ASSET OK https://yamunabuilders.com/wp-content/uploads/2024/12/idea-png.webp 5648 total MB 14.0
ASSET OK https://yamunabuilders.com/wp-content/uploads/2024/12/idea2-ezgif.com-effects.gif 1156351 total MB 15.1
ASSET OK https://yamunabuilders.com/wp-content/uploads/2024/12/kitchen-set-png.webp 2018 total MB 15.1
ASSET OK https://yamunabuilders.com/wp-content/uploads/2024/12/land-location-png.webp 2570 total MB 15.1
ASSET OK https://yamunabuilders.com/wp-content/uploads/2024/12/light-switch-off-png.webp 450 total MB 15.1
ASSET OK https://yamunabuilders.com/wp-content/uploads/2024/12/light-switch-on-png.webp 460 total MB 15.1
ASSET OK https://yamunabuilders.com/wp-content/uploads/2024/12/location1-ezgif.com-effects.gif 186882 total MB 15.3
ASSET OK https://yamunabuilders.com/wp-content/uploads/2024/12/meter-droplet-png.webp 2288 total MB 15.3
ASSET OK https://yamunabuilders.com/wp-content/uploads/2024/12/mission-png.webp 13618 total MB 15.4
ASSET OK https://yamunabuilders.com/wp-content/uploads/2024/12/mountains-png.webp 1956 total MB 15.4
ASSET OK https://yamunabuilders.com/wp-content/uploads/2024/12/parking-circle-png.webp 2092 total MB 15.4
ASSET OK https://yamunabuilders.com/wp-content/uploads/2024/12/people-roof-png.webp 1784 total MB 15.4
ASSET OK https://yamunabuilders.com/wp-content/uploads/2024/12/person-military-pointing-png.webp 1518 total MB 15.4
ASSET OK https://yamunabuilders.com/wp-content/uploads/2024/12/plug-circle-bolt-png.webp 1520 total MB 15.4
ASSET OK https://yamunabuilders.com/wp-content/uploads/2024/12/recycle-1-png.webp 1716 total MB 15.4
ASSET OK https://yamunabuilders.com/wp-content/uploads/2024/12/recycling-ezgif.com-effects.gif 275424 total MB 15.6
ASSET OK https://yamunabuilders.com/wp-content/uploads/2024/12/recycling-ezgif.com-effects.gif.webp 689468 total MB 16.3
ASSET OK https://yamunabuilders.com/wp-content/uploads/2024/12/residential-png.webp 6616 total MB 16.3
ASSET 404 https://yamunabuilders.com/wp-content/uploads/2024/12/residential.webp
ASSET OK https://yamunabuilders.com/wp-content/uploads/2024/12/sensor-fire-png.webp 1826 total MB 16.3
ASSET OK https://yamunabuilders.com/wp-content/uploads/2024/12/shared-vision-1-png.webp 9640 total MB 16.3
ASSET 404 https://yamunabuilders.com/wp-content/uploads/2024/12/shared-vision-1.webp
ASSET OK https://yamunabuilders.com/wp-content/uploads/2024/12/smile-1-png.webp 8594 total MB 16.4
ASSET OK https://yamunabuilders.com/wp-content/uploads/2024/12/sunrise-ezgif.com-effects.gif 549433 total MB 16.9
ASSET OK https://yamunabuilders.com/wp-content/uploads/2024/12/sunrise-png.webp 1914 total MB 16.9
ASSET OK https://yamunabuilders.com/wp-content/uploads/2024/12/swimmer-1-png.webp 1918 total MB 16.9
ASSET OK https://yamunabuilders.com/wp-content/uploads/2024/12/swimmer-2-png.webp 1918 total MB 16.9
ASSET OK https://yamunabuilders.com/wp-content/uploads/2024/12/swimmer-png.webp 1918 total MB 16.9
ASSET OK https://yamunabuilders.com/wp-content/uploads/2024/12/tech-support-ezgif.com-effects.gif 258093 total MB 17.2
ASSET OK https://yamunabuilders.com/wp-content/uploads/2024/12/thumb1.webp 30026 total MB 17.2
ASSET OK https://yamunabuilders.com/wp-content/uploads/2024/12/toilet-png.webp 1504 total MB 17.2
ASSET OK https://yamunabuilders.com/wp-content/uploads/2024/12/user-fast-running-1-png.webp 1458 total MB 17.2
ASSET OK https://yamunabuilders.com/wp-content/uploads/2024/12/utility-pole-double-png.webp 410 total MB 17.2
ASSET OK https://yamunabuilders.com/wp-content/uploads/2024/12/value-png.webp 9422 total MB 17.2
ASSET OK https://yamunabuilders.com/wp-content/uploads/2024/12/verified4-ezgif.com-effects.gif 86413 total MB 17.3
ASSET OK https://yamunabuilders.com/wp-content/uploads/2024/12/walking-png.webp 1642 total MB 17.3
ASSET OK https://yamunabuilders.com/wp-content/uploads/2024/12/washer-png.webp 1426 total MB 17.3
ASSET OK https://yamunabuilders.com/wp-content/uploads/2024/12/window-frame-png.webp 356 total MB 17.3
ASSET OK https://yamunabuilders.com/wp-content/uploads/2024/12/yamuna-asha-city-home-img2.webp 132992 total MB 17.4
ASSET OK https://yamunabuilders.com/wp-content/uploads/2024/12/yamuna-asha-city-logo-png.webp 4296 total MB 17.4
ASSET 404 https://yamunabuilders.com/wp-content/uploads/2024/12/yamuna-asha-city-logo.webp
ASSET OK https://yamunabuilders.com/wp-content/uploads/2024/12/yamuna-builders-md.webp 23372 total MB 17.5
ASSET OK https://yamunabuilders.com/wp-content/uploads/2024/12/yamuna-home-png.webp 4316 total MB 17.5
ASSET 404 https://yamunabuilders.com/wp-content/uploads/2024/12/yamuna-home.webp
ASSET OK https://yamunabuilders.com/wp-content/uploads/2024/12/yamuna-scaled.webp 229640 total MB 17.7
ASSET OK https://yamunabuilders.com/wp-content/uploads/2024/12/yamuna-sky-city-logo-1-png.webp 3240 total MB 17.7
ASSET 404 https://yamunabuilders.com/wp-content/uploads/2024/12/yamuna-sky-city-logo-1.webp
ASSET OK https://yamunabuilders.com/wp-content/uploads/2024/12/yamuna.webp 212208 total MB 17.9
ASSET OK https://yamunabuilders.com/wp-content/uploads/2025/01/02-png.webp 490484 total MB 18.4
ASSET OK https://yamunabuilders.com/wp-content/uploads/2025/01/02.webp 441560 total MB 18.8
ASSET OK https://yamunabuilders.com/wp-content/uploads/2025/01/03_32_F1_ISO-scaled.webp 63764 total MB 18.9
ASSET OK https://yamunabuilders.com/wp-content/uploads/2025/01/03_32_F1_ISO.webp 92400 total MB 19.0
ASSET OK https://yamunabuilders.com/wp-content/uploads/2025/01/03_32_F1_floor_plan-1-png.webp 53600 total MB 19.1
ASSET OK https://yamunabuilders.com/wp-content/uploads/2025/01/03_32_F1_floor_plan-1.webp 54954 total MB 19.1
ASSET OK https://yamunabuilders.com/wp-content/uploads/2025/01/03_32_F1_floor_plan-png.webp 53600 total MB 19.2
ASSET OK https://yamunabuilders.com/wp-content/uploads/2025/01/03_32_F1_floor_plan.webp 55442 total MB 19.2
ASSET OK https://yamunabuilders.com/wp-content/uploads/2025/01/03_32_F2_ISO-scaled.webp 77278 total MB 19.3
ASSET OK https://yamunabuilders.com/wp-content/uploads/2025/01/03_32_F2_ISO.webp 114018 total MB 19.4
ASSET OK https://yamunabuilders.com/wp-content/uploads/2025/01/03_32_F2_floor_plan-png.webp 68984 total MB 19.5
ASSET OK https://yamunabuilders.com/wp-content/uploads/2025/01/03_32_F2_floor_plan.webp 76758 total MB 19.6
ASSET OK https://yamunabuilders.com/wp-content/uploads/2025/01/03_32_F3_ISO-scaled.webp 69494 total MB 19.6
ASSET OK https://yamunabuilders.com/wp-content/uploads/2025/01/03_32_F3_ISO.webp 102124 total MB 19.7
ASSET OK https://yamunabuilders.com/wp-content/uploads/2025/01/03_32_F3_floor_plan-png.webp 62532 total MB 19.8
ASSET OK https://yamunabuilders.com/wp-content/uploads/2025/01/03_32_F3_floor_plan.webp 69750 total MB 19.9
ASSET OK https://yamunabuilders.com/wp-content/uploads/2025/01/03_32_F4_ISO-scaled.webp 83752 total MB 19.9
ASSET OK https://yamunabuilders.com/wp-content/uploads/2025/01/03_32_F4_ISO.webp 124346 total MB 20.1
ASSET OK https://yamunabuilders.com/wp-content/uploads/2025/01/03_32_F4_floor_plan-png.webp 76102 total MB 20.1
ASSET OK https://yamunabuilders.com/wp-content/uploads/2025/01/03_32_F4_floor_plan.webp 82806 total MB 20.2
ASSET OK https://yamunabuilders.com/wp-content/uploads/2025/01/03_32_F5_ISO-scaled.webp 78002 total MB 20.3
ASSET OK https://yamunabuilders.com/wp-content/uploads/2025/01/03_32_F5_ISO.webp 115342 total MB 20.4
ASSET OK https://yamunabuilders.com/wp-content/uploads/2025/01/03_32_F5_floor_plan-png.webp 75732 total MB 20.5
ASSET OK https://yamunabuilders.com/wp-content/uploads/2025/01/03_32_F5_floor_plan.webp 82982 total MB 20.6
ASSET OK https://yamunabuilders.com/wp-content/uploads/2025/01/03_32_F6_ISO-scaled.webp 76374 total MB 20.7
ASSET OK https://yamunabuilders.com/wp-content/uploads/2025/01/03_32_F6_ISO.webp 114714 total MB 20.8
ASSET OK https://yamunabuilders.com/wp-content/uploads/2025/01/03_32_F6_floor_plan-1-png.webp 65368 total MB 20.8
ASSET OK https://yamunabuilders.com/wp-content/uploads/2025/01/03_32_F6_floor_plan-1.webp 71436 total MB 20.9
ASSET OK https://yamunabuilders.com/wp-content/uploads/2025/01/03_32_F6_floor_plan-png.webp 65368 total MB 21.0
ASSET OK https://yamunabuilders.com/wp-content/uploads/2025/01/03_32_F6_floor_plan.webp 72236 total MB 21.0
ASSET OK https://yamunabuilders.com/wp-content/uploads/2025/01/03_32_F7_ISO-scaled.webp 75540 total MB 21.1
ASSET OK https://yamunabuilders.com/wp-content/uploads/2025/01/03_32_F7_ISO.webp 112834 total MB 21.2
ASSET OK https://yamunabuilders.com/wp-content/uploads/2025/01/03_32_F7_floor_plan-png.webp 67598 total MB 21.3
ASSET OK https://yamunabuilders.com/wp-content/uploads/2025/01/03_32_F7_floor_plan.webp 73746 total MB 21.4
ASSET OK https://yamunabuilders.com/wp-content/uploads/2025/01/03_32_F8_ISO-scaled.webp 56910 total MB 21.4
ASSET OK https://yamunabuilders.com/wp-content/uploads/2025/01/03_32_F8_ISO.webp 81902 total MB 21.5
ASSET OK https://yamunabuilders.com/wp-content/uploads/2025/01/03_32_F8_floor_plan-png.webp 57146 total MB 21.6
ASSET OK https://yamunabuilders.com/wp-content/uploads/2025/01/03_32_F8_floor_plan.webp 61742 total MB 21.6
ASSET OK https://yamunabuilders.com/wp-content/uploads/2025/01/0_Ground-Floor-png.webp 241432 total MB 21.9
ASSET OK https://yamunabuilders.com/wp-content/uploads/2025/01/0_Ground-Floor.webp 227668 total MB 22.1
ASSET OK https://yamunabuilders.com/wp-content/uploads/2025/01/1-1-scaled.webp 161582 total MB 22.3
ASSET OK https://yamunabuilders.com/wp-content/uploads/2025/01/1-1.webp 206462 total MB 22.5
ASSET OK https://yamunabuilders.com/wp-content/uploads/2025/01/1-scaled.webp 162020 total MB 22.6
ASSET OK https://yamunabuilders.com/wp-content/uploads/2025/01/1.webp 205320 total MB 22.8
ASSET OK https://yamunabuilders.com/wp-content/uploads/2025/01/10-1-png.webp 339164 total MB 23.2
ASSET OK https://yamunabuilders.com/wp-content/uploads/2025/01/10-1.webp 315824 total MB 23.5
ASSET OK https://yamunabuilders.com/wp-content/uploads/2025/01/10-png.webp 339164 total MB 23.8
ASSET OK https://yamunabuilders.com/wp-content/uploads/2025/01/10.webp 315824 total MB 24.1
ASSET OK https://yamunabuilders.com/wp-content/uploads/2025/01/11.1-png.webp 224948 total MB 24.4
ASSET 404 https://yamunabuilders.com/wp-content/uploads/2025/01/11.1.webp
ASSET OK https://yamunabuilders.com/wp-content/uploads/2025/01/1145-scaled.webp 128260 total MB 24.5
ASSET OK https://yamunabuilders.com/wp-content/uploads/2025/01/1145.webp 157088 total MB 24.7
ASSET OK https://yamunabuilders.com/wp-content/uploads/2025/01/12-1-png.webp 159722 total MB 24.8
ASSET OK https://yamunabuilders.com/wp-content/uploads/2025/01/12-1.webp 146656 total MB 25.0
ASSET OK https://yamunabuilders.com/wp-content/uploads/2025/01/12-png.webp 159722 total MB 25.1
ASSET OK https://yamunabuilders.com/wp-content/uploads/2025/01/12.webp 145728 total MB 25.3
ASSET OK https://yamunabuilders.com/wp-content/uploads/2025/01/13-png.webp 213248 total MB 25.5
ASSET 404 https://yamunabuilders.com/wp-content/uploads/2025/01/13.webp
ASSET OK https://yamunabuilders.com/wp-content/uploads/2025/01/18.webp 189338 total MB 25.7
ASSET OK https://yamunabuilders.com/wp-content/uploads/2025/01/1_First-Floor-png.webp 130164 total MB 25.8
ASSET OK https://yamunabuilders.com/wp-content/uploads/2025/01/1_First-Floor.webp 140610 total MB 25.9
ASSET OK https://yamunabuilders.com/wp-content/uploads/2025/01/2-1-scaled.webp 230008 total MB 26.2
ASSET OK https://yamunabuilders.com/wp-content/uploads/2025/01/2-1.webp 277788 total MB 26.4
ASSET OK https://yamunabuilders.com/wp-content/uploads/2025/01/2-scaled.webp 230028 total MB 26.7
ASSET OK https://yamunabuilders.com/wp-content/uploads/2025/01/2.1-1-png.webp 400826 total MB 27.1
ASSET OK https://yamunabuilders.com/wp-content/uploads/2025/01/2.1-1.webp 363318 total MB 27.4
ASSET OK https://yamunabuilders.com/wp-content/uploads/2025/01/2.1-png.webp 400826 total MB 27.8
ASSET OK https://yamunabuilders.com/wp-content/uploads/2025/01/2.1.webp 362814 total MB 28.2
ASSET OK https://yamunabuilders.com/wp-content/uploads/2025/01/2.webp 277788 total MB 28.5
ASSET OK https://yamunabuilders.com/wp-content/uploads/2025/01/2_Second-floor-png.webp 121872 total MB 28.6
ASSET OK https://yamunabuilders.com/wp-content/uploads/2025/01/2_Second-floor.webp 121770 total MB 28.7
ASSET OK https://yamunabuilders.com/wp-content/uploads/2025/01/3-scaled.webp 256112 total MB 29.0
ASSET OK https://yamunabuilders.com/wp-content/uploads/2025/01/3.webp 304594 total MB 29.3
ASSET OK https://yamunabuilders.com/wp-content/uploads/2025/01/33-34-png.webp 149142 total MB 29.4
ASSET OK https://yamunabuilders.com/wp-content/uploads/2025/01/33-34.webp 154746 total MB 29.6
ASSET OK https://yamunabuilders.com/wp-content/uploads/2025/01/33_F1_ISO-scaled.webp 84576 total MB 29.7
ASSET OK https://yamunabuilders.com/wp-content/uploads/2025/01/33_F1_ISO.webp 127800 total MB 29.8
ASSET OK https://yamunabuilders.com/wp-content/uploads/2025/01/33_F1_floor_plan-png.webp 80032 total MB 29.9
ASSET OK https://yamunabuilders.com/wp-content/uploads/2025/01/33_F1_floor_plan.webp 86206 total MB 30.0
ASSET OK https://yamunabuilders.com/wp-content/uploads/2025/01/33_F2_ISO-scaled.webp 83784 total MB 30.1
ASSET OK https://yamunabuilders.com/wp-content/uploads/2025/01/33_F2_ISO.webp 124346 total MB 30.2
ASSET OK https://yamunabuilders.com/wp-content/uploads/2025/01/33_F2_floor_plan-png.webp 76016 total MB 30.3
ASSET OK https://yamunabuilders.com/wp-content/uploads/2025/01/33_F2_floor_plan.webp 82584 total MB 30.3
ASSET OK https://yamunabuilders.com/wp-content/uploads/2025/01/33_F3_ISO-scaled.webp 78002 total MB 30.4
ASSET OK https://yamunabuilders.com/wp-content/uploads/2025/01/33_F3_ISO.webp 115342 total MB 30.5
ASSET OK https://yamunabuilders.com/wp-content/uploads/2025/01/33_F3_floor_plan-png.webp 75678 total MB 30.6
ASSET OK https://yamunabuilders.com/wp-content/uploads/2025/01/33_F3_floor_plan.webp 82212 total MB 30.7
ASSET OK https://yamunabuilders.com/wp-content/uploads/2025/01/33_F4_ISO-scaled.webp 73772 total MB 30.8
ASSET OK https://yamunabuilders.com/wp-content/uploads/2025/01/33_F4_ISO.webp 109810 total MB 30.9
ASSET OK https://yamunabuilders.com/wp-content/uploads/2025/01/33_F4_floor_plan-png.webp 78718 total MB 31.0
ASSET OK https://yamunabuilders.com/wp-content/uploads/2025/01/33_F4_floor_plan.webp 83064 total MB 31.0
ASSET OK https://yamunabuilders.com/wp-content/uploads/2025/01/34_F1_ISO-scaled.webp 56098 total MB 31.1
ASSET OK https://yamunabuilders.com/wp-content/uploads/2025/01/34_F1_ISO.webp 69256 total MB 31.2
ASSET OK https://yamunabuilders.com/wp-content/uploads/2025/01/34_F1_floor_plan-png.webp 79586 total MB 31.2
ASSET OK https://yamunabuilders.com/wp-content/uploads/2025/01/34_F1_floor_plan.webp 79120 total MB 31.3
ASSET OK https://yamunabuilders.com/wp-content/uploads/2025/01/34_F2_ISO-scaled.webp 50970 total MB 31.4
ASSET OK https://yamunabuilders.com/wp-content/uploads/2025/01/34_F2_ISO.webp 63168 total MB 31.4
ASSET OK https://yamunabuilders.com/wp-content/uploads/2025/01/34_F2_floor_plan-png.webp 71712 total MB 31.5
ASSET OK https://yamunabuilders.com/wp-content/uploads/2025/01/34_F2_floor_plan.webp 79326 total MB 31.6
ASSET OK https://yamunabuilders.com/wp-content/uploads/2025/01/35-44-png.webp 140050 total MB 31.7
ASSET OK https://yamunabuilders.com/wp-content/uploads/2025/01/35-44.webp 147150 total MB 31.9
ASSET OK https://yamunabuilders.com/wp-content/uploads/2025/01/35_44_F1_ISO-scaled.webp 71520 total MB 31.9
ASSET OK https://yamunabuilders.com/wp-content/uploads/2025/01/35_44_F1_ISO.webp 104296 total MB 32.0
ASSET OK https://yamunabuilders.com/wp-content/uploads/2025/01/35_44_F1_floor_plan-png.webp 82152 total MB 32.1
ASSET OK https://yamunabuilders.com/wp-content/uploads/2025/01/35_44_F1_floor_plan.webp 87736 total MB 32.2
ASSET OK https://yamunabuilders.com/wp-content/uploads/2025/01/35_44_F2_ISO-scaled.webp 69246 total MB 32.3
ASSET OK https://yamunabuilders.com/wp-content/uploads/2025/01/35_44_F2_ISO.webp 88652 total MB 32.4
ASSET OK https://yamunabuilders.com/wp-content/uploads/2025/01/35_44_F2_floor_plan-png.webp 72524 total MB 32.4
ASSET OK https://yamunabuilders.com/wp-content/uploads/2025/01/35_44_F2_floor_plan.webp 76350 total MB 32.5
ASSET OK https://yamunabuilders.com/wp-content/uploads/2025/01/35_44_F3_ISO-scaled.webp 88102 total MB 32.6
ASSET OK https://yamunabuilders.com/wp-content/uploads/2025/01/35_44_F3_ISO.webp 132474 total MB 32.7
ASSET OK https://yamunabuilders.com/wp-content/uploads/2025/01/35_44_F3_floor_plan-png.webp 87018 total MB 32.8
ASSET OK https://yamunabuilders.com/wp-content/uploads/2025/01/35_44_F3_floor_plan.webp 93244 total MB 32.9
ASSET OK https://yamunabuilders.com/wp-content/uploads/2025/01/3rd-floor-plan-PODIUM-png.webp 216198 total MB 33.1
ASSET OK https://yamunabuilders.com/wp-content/uploads/2025/01/3rd-floor-plan-PODIUM.webp 229936 total MB 33.4
ASSET OK https://yamunabuilders.com/wp-content/uploads/2025/01/4-1-scaled.webp 141512 total MB 33.5
ASSET OK https://yamunabuilders.com/wp-content/uploads/2025/01/4-1.webp 130508 total MB 33.6
ASSET OK https://yamunabuilders.com/wp-content/uploads/2025/01/4-scaled.webp 141512 total MB 33.8
ASSET OK https://yamunabuilders.com/wp-content/uploads/2025/01/4.webp 163756 total MB 33.9
ASSET OK https://yamunabuilders.com/wp-content/uploads/2025/01/45-50-png.webp 141206 total MB 34.1
ASSET OK https://yamunabuilders.com/wp-content/uploads/2025/01/45-50.webp 146896 total MB 34.2
ASSET OK https://yamunabuilders.com/wp-content/uploads/2025/01/45_50_F1_ISO-scaled.webp 60686 total MB 34.3
ASSET OK https://yamunabuilders.com/wp-content/uploads/2025/01/45_50_F1_ISO.webp 74812 total MB 34.4
ASSET OK https://yamunabuilders.com/wp-content/uploads/2025/01/45_50_F1_floor_plan-png.webp 86490 total MB 34.5
ASSET OK https://yamunabuilders.com/wp-content/uploads/2025/01/45_50_F1_floor_plan.webp 82880 total MB 34.5
ASSET OK https://yamunabuilders.com/wp-content/uploads/2025/01/45_50_F2_ISO-scaled.webp 59590 total MB 34.6
ASSET OK https://yamunabuilders.com/wp-content/uploads/2025/01/45_50_F2_ISO.webp 74510 total MB 34.7
ASSET OK https://yamunabuilders.com/wp-content/uploads/2025/01/45_50_F2_floor_plan-png.webp 86504 total MB 34.8
ASSET OK https://yamunabuilders.com/wp-content/uploads/2025/01/45_50_F2_floor_plan.webp 81434 total MB 34.8
ASSET OK https://yamunabuilders.com/wp-content/uploads/2025/01/4th-png.webp 137328 total MB 35.0
ASSET OK https://yamunabuilders.com/wp-content/uploads/2025/01/4th.webp 159562 total MB 35.1
ASSET OK https://yamunabuilders.com/wp-content/uploads/2025/01/5-1-png.webp 194748 total MB 35.3
ASSET OK https://yamunabuilders.com/wp-content/uploads/2025/01/5-1.webp 182496 total MB 35.5
ASSET OK https://yamunabuilders.com/wp-content/uploads/2025/01/5-2-scaled.webp 236660 total MB 35.8
ASSET 404 https://yamunabuilders.com/wp-content/uploads/2025/01/5-2.webp
ASSET OK https://yamunabuilders.com/wp-content/uploads/2025/01/5-scaled.webp 236660 total MB 36.0
ASSET 404 https://yamunabuilders.com/wp-content/uploads/2025/01/5.webp
ASSET OK https://yamunabuilders.com/wp-content/uploads/2025/01/51-52-png.webp 134872 total MB 36.1
ASSET OK https://yamunabuilders.com/wp-content/uploads/2025/01/51-52.webp 136266 total MB 36.3
ASSET OK https://yamunabuilders.com/wp-content/uploads/2025/01/51_F1_ISO-scaled.webp 61440 total MB 36.3
ASSET OK https://yamunabuilders.com/wp-content/uploads/2025/01/51_F1_ISO.webp 76328 total MB 36.4
ASSET OK https://yamunabuilders.com/wp-content/uploads/2025/01/51_F1_floor_plan-png.webp 81924 total MB 36.5
ASSET OK https://yamunabuilders.com/wp-content/uploads/2025/01/51_F1_floor_plan.webp 78164 total MB 36.6
ASSET OK https://yamunabuilders.com/wp-content/uploads/2025/01/51_F2_ISO-scaled.webp 56372 total MB 36.6
ASSET OK https://yamunabuilders.com/wp-content/uploads/2025/01/51_F2_ISO.webp 70100 total MB 36.7
ASSET OK https://yamunabuilders.com/wp-content/uploads/2025/01/51_F2_floor_plan-1-png.webp 70694 total MB 36.8
ASSET OK https://yamunabuilders.com/wp-content/uploads/2025/01/51_F2_floor_plan-1.webp 78230 total MB 36.8
ASSET OK https://yamunabuilders.com/wp-content/uploads/2025/01/51_F2_floor_plan-png.webp 70624 total MB 36.9
ASSET OK https://yamunabuilders.com/wp-content/uploads/2025/01/51_F2_floor_plan.webp 78230 total MB 37.0
ASSET OK https://yamunabuilders.com/wp-content/uploads/2025/01/52_F1_ISO-scaled.webp 52058 total MB 37.0
ASSET OK https://yamunabuilders.com/wp-content/uploads/2025/01/52_F1_ISO.webp 64038 total MB 37.1
ASSET OK https://yamunabuilders.com/wp-content/uploads/2025/01/52_F1_floor_plan-png.webp 66182 total MB 37.2
ASSET OK https://yamunabuilders.com/wp-content/uploads/2025/01/52_F1_floor_plan.webp 62296 total MB 37.2
ASSET OK https://yamunabuilders.com/wp-content/uploads/2025/01/53-58-png.webp 104502 total MB 37.3
ASSET OK https://yamunabuilders.com/wp-content/uploads/2025/01/53-58.webp 110760 total MB 37.4
ASSET OK https://yamunabuilders.com/wp-content/uploads/2025/01/53_60_F1_ISO-scaled.webp 52552 total MB 37.5
ASSET OK https://yamunabuilders.com/wp-content/uploads/2025/01/53_60_F1_ISO.webp 64898 total MB 37.6
ASSET OK https://yamunabuilders.com/wp-content/uploads/2025/01/53_60_F1_floor_plan-png.webp 66614 total MB 37.6
ASSET OK https://yamunabuilders.com/wp-content/uploads/2025/01/53_60_F1_floor_plan.webp 71706 total MB 37.7
ASSET OK https://yamunabuilders.com/wp-content/uploads/2025/01/59-60-png.webp 106376 total MB 37.8
ASSET OK https://yamunabuilders.com/wp-content/uploads/2025/01/59-60.webp 108974 total MB 37.9
ASSET OK https://yamunabuilders.com/wp-content/uploads/2025/01/5th-png.webp 87780 total MB 38.0
ASSET OK https://yamunabuilders.com/wp-content/uploads/2025/01/5th.webp 90444 total MB 38.1
ASSET OK https://yamunabuilders.com/wp-content/uploads/2025/01/6-1-png.webp 291152 total MB 38.4
ASSET OK https://yamunabuilders.com/wp-content/uploads/2025/01/6-1.webp 278416 total MB 38.7
ASSET OK https://yamunabuilders.com/wp-content/uploads/2025/01/6-2-scaled.webp 267676 total MB 38.9
ASSET OK https://yamunabuilders.com/wp-content/uploads/2025/01/6-2.webp 246832 total MB 39.2
ASSET OK https://yamunabuilders.com/wp-content/uploads/2025/01/6-32-scaled.webp 70330 total MB 39.2
ASSET OK https://yamunabuilders.com/wp-content/uploads/2025/01/6-32.webp 81658 total MB 39.3
ASSET OK https://yamunabuilders.com/wp-content/uploads/2025/01/6-32th-png.webp 156432 total MB 39.5
ASSET OK https://yamunabuilders.com/wp-content/uploads/2025/01/6-32th.webp 163266 total MB 39.6
ASSET OK https://yamunabuilders.com/wp-content/uploads/2025/01/6-scaled.webp 267676 total MB 39.9
ASSET OK https://yamunabuilders.com/wp-content/uploads/2025/01/6.webp 246798 total MB 40.2
ASSET OK https://yamunabuilders.com/wp-content/uploads/2025/01/61_TERRACE-png.webp 75658 total MB 40.2
ASSET OK https://yamunabuilders.com/wp-content/uploads/2025/01/61_TERRACE.webp 77916 total MB 40.3
ASSET OK https://yamunabuilders.com/wp-content/uploads/2025/01/7-1-scaled.webp 145344 total MB 40.5
ASSET OK https://yamunabuilders.com/wp-content/uploads/2025/01/7-1.webp 131472 total MB 40.6
ASSET OK https://yamunabuilders.com/wp-content/uploads/2025/01/7-2-scaled.webp 145344 total MB 40.7
ASSET OK https://yamunabuilders.com/wp-content/uploads/2025/01/7-2.webp 131492 total MB 40.9
ASSET OK https://yamunabuilders.com/wp-content/uploads/2025/01/7-3-png.webp 315570 total MB 41.2
ASSET OK https://yamunabuilders.com/wp-content/uploads/2025/01/7-3.webp 298404 total MB 41.5
ASSET OK https://yamunabuilders.com/wp-content/uploads/2025/01/7-png.webp 315570 total MB 41.8
ASSET OK https://yamunabuilders.com/wp-content/uploads/2025/01/7.webp 298404 total MB 42.1
ASSET OK https://yamunabuilders.com/wp-content/uploads/2025/01/8-1-png.webp 321214 total MB 42.4
ASSET OK https://yamunabuilders.com/wp-content/uploads/2025/01/8-1.webp 298262 total MB 42.7
ASSET OK https://yamunabuilders.com/wp-content/uploads/2025/01/8-2-scaled.webp 180556 total MB 42.9
ASSET OK https://yamunabuilders.com/wp-content/uploads/2025/01/8-2.webp 171628 total MB 43.1
ASSET OK https://yamunabuilders.com/wp-content/uploads/2025/01/8-scaled.webp 180556 total MB 43.2
ASSET OK https://yamunabuilders.com/wp-content/uploads/2025/01/8.1-1-png.webp 327550 total MB 43.6
ASSET OK https://yamunabuilders.com/wp-content/uploads/2025/01/8.1-1.webp 305410 total MB 43.9
ASSET OK https://yamunabuilders.com/wp-content/uploads/2025/01/8.1-png.webp 327550 total MB 44.2
ASSET OK https://yamunabuilders.com/wp-content/uploads/2025/01/8.1.webp 305410 total MB 44.5
ASSET OK https://yamunabuilders.com/wp-content/uploads/2025/01/8.webp 171628 total MB 44.7
ASSET OK https://yamunabuilders.com/wp-content/uploads/2025/01/9-1-scaled.webp 164248 total MB 44.9
ASSET OK https://yamunabuilders.com/wp-content/uploads/2025/01/9-1.webp 161800 total MB 45.0
ASSET OK https://yamunabuilders.com/wp-content/uploads/2025/01/9-2-scaled.webp 164248 total MB 45.2
ASSET OK https://yamunabuilders.com/wp-content/uploads/2025/01/9-2.webp 161800 total MB 45.3
ASSET OK https://yamunabuilders.com/wp-content/uploads/2025/01/9-3-png.webp 155380 total MB 45.5
ASSET OK https://yamunabuilders.com/wp-content/uploads/2025/01/9-3.webp 154412 total MB 45.6
ASSET OK https://yamunabuilders.com/wp-content/uploads/2025/01/9-png.webp 155380 total MB 45.8
ASSET OK https://yamunabuilders.com/wp-content/uploads/2025/01/9.webp 154412 total MB 46.0
ASSET OK https://yamunabuilders.com/wp-content/uploads/2025/01/Batching-plant-pooja-26-feb-2024.webp 121332 total MB 46.1
ASSET OK https://yamunabuilders.com/wp-content/uploads/2025/01/Batching-plant.webp 27334 total MB 46.1
ASSET OK https://yamunabuilders.com/wp-content/uploads/2025/01/Bhoomi-Pooja-1_8.09.2023-scaled.webp 229738 total MB 46.3
ASSET OK https://yamunabuilders.com/wp-content/uploads/2025/01/Bhoomi-Pooja-1_8.09.2023.webp 237404 total MB 46.6
ASSET OK https://yamunabuilders.com/wp-content/uploads/2025/01/Bhoomi-Pooja-2_8.09.2023-scaled.webp 205732 total MB 46.8
ASSET OK https://yamunabuilders.com/wp-content/uploads/2025/01/Bhoomi-Pooja-2_8.09.2023.webp 251512 total MB 47.0
ASSET OK https://yamunabuilders.com/wp-content/uploads/2025/01/Concrete-works-1.webp 48078 total MB 47.1
ASSET OK https://yamunabuilders.com/wp-content/uploads/2025/01/Concrete-works.webp 95866 total MB 47.2
ASSET OK https://yamunabuilders.com/wp-content/uploads/2025/01/Core-Barrel-bit-for-Uplift-piles-4.04.2024-scaled.webp 262258 total MB 47.4
ASSET 404 https://yamunabuilders.com/wp-content/uploads/2025/01/Core-Barrel-bit-for-Uplift-piles-4.04.2024.webp
ASSET OK https://yamunabuilders.com/wp-content/uploads/2025/01/Core-barrel-bit-for-uplift-piles.webp 29992 total MB 47.5
ASSET OK https://yamunabuilders.com/wp-content/uploads/2025/01/Cube-cast-for-quality-check-png.webp 189098 total MB 47.7
ASSET OK https://yamunabuilders.com/wp-content/uploads/2025/01/Cube-cast-for-quality-check.webp 207640 total MB 47.9
ASSET OK https://yamunabuilders.com/wp-content/uploads/2025/01/Cube-casting-Quality-check-30-march-2024.webp 61480 total MB 47.9
ASSET OK https://yamunabuilders.com/wp-content/uploads/2025/01/Cube-test-report-png.webp 45020 total MB 48.0
ASSET OK https://yamunabuilders.com/wp-content/uploads/2025/01/Cube-test-report.webp 47768 total MB 48.0
ASSET OK https://yamunabuilders.com/wp-content/uploads/2025/01/Drilling-machine-steel-casing-crane-etc-Dec-2023-scaled.webp 270580 total MB 48.3
ASSET 404 https://yamunabuilders.com/wp-content/uploads/2025/01/Drilling-machine-steel-casing-crane-etc-Dec-2023.webp
ASSET OK https://yamunabuilders.com/wp-content/uploads/2025/01/Dynamic-test-for-pile-30.04.2024-scaled.webp 406592 total MB 48.7
ASSET 404 https://yamunabuilders.com/wp-content/uploads/2025/01/Dynamic-test-for-pile-30.04.2024.webp
ASSET OK https://yamunabuilders.com/wp-content/uploads/2025/01/Dynamic-test-for-piles-01.05.2024-scaled.webp 321936 total MB 49.0
ASSET 404 https://yamunabuilders.com/wp-content/uploads/2025/01/Dynamic-test-for-piles-01.05.2024.webp
ASSET OK https://yamunabuilders.com/wp-content/uploads/2025/01/Dynamic-test-for-piles-30.04.2024-scaled.webp 351310 total MB 49.4
ASSET 404 https://yamunabuilders.com/wp-content/uploads/2025/01/Dynamic-test-for-piles-30.04.2024.webp
ASSET OK https://yamunabuilders.com/wp-content/uploads/2025/01/ENTRY-2-1-png.webp 371518 total MB 49.7
ASSET OK https://yamunabuilders.com/wp-content/uploads/2025/01/ENTRY-2-1.webp 341500 total MB 50.1
ASSET OK https://yamunabuilders.com/wp-content/uploads/2025/01/ENTRY-2-2-scaled.webp 275736 total MB 50.4
ASSET 404 https://yamunabuilders.com/wp-content/uploads/2025/01/ENTRY-2-2.webp
ASSET OK https://yamunabuilders.com/wp-content/uploads/2025/01/ENTRY-2-png.webp 371362 total MB 50.7
ASSET OK https://yamunabuilders.com/wp-content/uploads/2025/01/ENTRY-2.webp 341500 total MB 51.1
ASSET OK https://yamunabuilders.com/wp-content/uploads/2025/01/ENTRY-W-LOGO-1.webp 305838 total MB 51.4
ASSET OK https://yamunabuilders.com/wp-content/uploads/2025/01/ENTRY-W-LOGO.webp 305762 total MB 51.7
ASSET OK https://yamunabuilders.com/wp-content/uploads/2025/01/ENTRY-WITH-LOGO-2.webp 344690 total MB 52.0
ASSET OK https://yamunabuilders.com/wp-content/uploads/2025/01/ENTRY-png.webp 320896 total MB 52.3
ASSET OK https://yamunabuilders.com/wp-content/uploads/2025/01/ENTRY-wo-Car-png.webp 311960 total MB 52.7
ASSET OK https://yamunabuilders.com/wp-content/uploads/2025/01/ENTRY-wo-Car.webp 357976 total MB 53.0
ASSET OK https://yamunabuilders.com/wp-content/uploads/2025/01/ENTRY.webp 294150 total MB 53.3
ASSET OK https://yamunabuilders.com/wp-content/uploads/2025/01/Entrance-facing-Side-Elevation_1-1-scaled.webp 201438 total MB 53.5
ASSET OK https://yamunabuilders.com/wp-content/uploads/2025/01/Entrance-facing-Side-Elevation_1-1.webp 175454 total MB 53.7
ASSET OK https://yamunabuilders.com/wp-content/uploads/2025/01/Hard-rock-sample-15-feb-2024.webp 32868 total MB 53.7
ASSET OK https://yamunabuilders.com/wp-content/uploads/2025/01/Hard-rock-sample-26-feb-2024.webp 50472 total MB 53.8
ASSET OK https://yamunabuilders.com/wp-content/uploads/2025/01/Hard-rock-sample-27-feb-2024.webp 70090 total MB 53.8
ASSET OK https://yamunabuilders.com/wp-content/uploads/2025/01/Hard-rock-sample-5-march-2024.webp 121292 total MB 54.0
ASSET OK https://yamunabuilders.com/wp-content/uploads/2025/01/Hard-rock-sample-for-uplift-pile-4-Apr-2024-scaled.webp 757362 total MB 54.7
ASSET 404 https://yamunabuilders.com/wp-content/uploads/2025/01/Hard-rock-sample-for-uplift-pile-4-Apr-2024.webp
ASSET OK https://yamunabuilders.com/wp-content/uploads/2025/01/IMG-20240120-WA0022.webp 98362 total MB 54.8
ASSET OK https://yamunabuilders.com/wp-content/uploads/2025/01/IMG-20240129-WA0002.webp 178728 total MB 55.0
ASSET OK https://yamunabuilders.com/wp-content/uploads/2025/01/IMG-20240206-WA0026.webp 119366 total MB 55.1
ASSET OK https://yamunabuilders.com/wp-content/uploads/2025/01/IMG-20240206-WA0034.webp 110774 total MB 55.2
ASSET OK https://yamunabuilders.com/wp-content/uploads/2025/01/IMG-20240208-WA0019.webp 136636 total MB 55.4
ASSET OK https://yamunabuilders.com/wp-content/uploads/2025/01/IMG-20240820-WA0013.webp 153808 total MB 55.5
ASSET OK https://yamunabuilders.com/wp-content/uploads/2025/01/IMG-20240820-WA0017.webp 84958 total MB 55.6
ASSET OK https://yamunabuilders.com/wp-content/uploads/2025/01/Image-1-png.webp 283932 total MB 55.9
ASSET OK https://yamunabuilders.com/wp-content/uploads/2025/01/Image-1.webp 262786 total MB 56.1
ASSET OK https://yamunabuilders.com/wp-content/uploads/2025/01/Image-png.webp 283932 total MB 56.4
ASSET OK https://yamunabuilders.com/wp-content/uploads/2025/01/Image.webp 262760 total MB 56.7
ASSET OK https://yamunabuilders.com/wp-content/uploads/2025/01/Image1-png.webp 420156 total MB 57.1
ASSET OK https://yamunabuilders.com/wp-content/uploads/2025/01/Image1.webp 386744 total MB 57.5
ASSET OK https://yamunabuilders.com/wp-content/uploads/2025/01/Image10-png.webp 262770 total MB 57.8
ASSET OK https://yamunabuilders.com/wp-content/uploads/2025/01/Image10.webp 248626 total MB 58.0
ASSET OK https://yamunabuilders.com/wp-content/uploads/2025/01/Image11-png.webp 206866 total MB 58.2
ASSET OK https://yamunabuilders.com/wp-content/uploads/2025/01/Image11.webp 201706 total MB 58.4
ASSET OK https://yamunabuilders.com/wp-content/uploads/2025/01/Image12-png.webp 235194 total MB 58.7
ASSET OK https://yamunabuilders.com/wp-content/uploads/2025/01/Image12.webp 228784 total MB 58.9
ASSET OK https://yamunabuilders.com/wp-content/uploads/2025/01/Image13-png.webp 357746 total MB 59.2
ASSET OK https://yamunabuilders.com/wp-content/uploads/2025/01/Image13.webp 330586 total MB 59.6
ASSET OK https://yamunabuilders.com/wp-content/uploads/2025/01/Image14-png.webp 467214 total MB 60.0
ASSET OK https://yamunabuilders.com/wp-content/uploads/2025/01/Image14.webp 440610 total MB 60.5
ASSET OK https://yamunabuilders.com/wp-content/uploads/2025/01/Image16-png.webp 638176 total MB 61.1
ASSET OK https://yamunabuilders.com/wp-content/uploads/2025/01/Image16.webp 581642 total MB 61.7
ASSET OK https://yamunabuilders.com/wp-content/uploads/2025/01/Image2-png.webp 351434 total MB 62.1
ASSET OK https://yamunabuilders.com/wp-content/uploads/2025/01/Image2.webp 332078 total MB 62.4
ASSET OK https://yamunabuilders.com/wp-content/uploads/2025/01/Image3-png.webp 479684 total MB 62.9
ASSET OK https://yamunabuilders.com/wp-content/uploads/2025/01/Image3.webp 443260 total MB 63.3
ASSET OK https://yamunabuilders.com/wp-content/uploads/2025/01/Image4-png.webp 312566 total MB 63.6
ASSET OK https://yamunabuilders.com/wp-content/uploads/2025/01/Image4.webp 295738 total MB 63.9
ASSET OK https://yamunabuilders.com/wp-content/uploads/2025/01/Image5-png.webp 139326 total MB 64.1
ASSET OK https://yamunabuilders.com/wp-content/uploads/2025/01/Image5.webp 131426 total MB 64.2
ASSET OK https://yamunabuilders.com/wp-content/uploads/2025/01/Image6-png.webp 212932 total MB 64.4
ASSET OK https://yamunabuilders.com/wp-content/uploads/2025/01/Image6.webp 204856 total MB 64.6
ASSET OK https://yamunabuilders.com/wp-content/uploads/2025/01/Image7-1-png.webp 490694 total MB 65.1
ASSET OK https://yamunabuilders.com/wp-content/uploads/2025/01/Image7-1.webp 439250 total MB 65.5
ASSET OK https://yamunabuilders.com/wp-content/uploads/2025/01/Image7-png.webp 487342 total MB 66.0
ASSET OK https://yamunabuilders.com/wp-content/uploads/2025/01/Image7.webp 438204 total MB 66.5
ASSET OK https://yamunabuilders.com/wp-content/uploads/2025/01/Image8-png.webp 388524 total MB 66.9
ASSET OK https://yamunabuilders.com/wp-content/uploads/2025/01/Image8.webp 358512 total MB 67.2
ASSET OK https://yamunabuilders.com/wp-content/uploads/2025/01/Image9-png.webp 361292 total MB 67.6
ASSET OK https://yamunabuilders.com/wp-content/uploads/2025/01/Image9.webp 338738 total MB 67.9
ASSET OK https://yamunabuilders.com/wp-content/uploads/2025/01/Image_2-png.webp 344228 total MB 68.3
ASSET OK https://yamunabuilders.com/wp-content/uploads/2025/01/Image_2.webp 320538 total MB 68.6
ASSET OK https://yamunabuilders.com/wp-content/uploads/2025/01/Image_3-png.webp 494502 total MB 69.1
ASSET OK https://yamunabuilders.com/wp-content/uploads/2025/01/Image_3.webp 457582 total MB 69.5
ASSET OK https://yamunabuilders.com/wp-content/uploads/2025/01/LOBBY-V_01-1-scaled.webp 110160 total MB 69.6
ASSET OK https://yamunabuilders.com/wp-content/uploads/2025/01/LOBBY-V_01-1.webp 178590 total MB 69.8
ASSET OK https://yamunabuilders.com/wp-content/uploads/2025/01/LOBBY-V_01-scaled.webp 110160 total MB 69.9
ASSET OK https://yamunabuilders.com/wp-content/uploads/2025/01/LOBBY-V_01.webp 178590 total MB 70.1
ASSET OK https://yamunabuilders.com/wp-content/uploads/2025/01/LOBBY-V_02-1-scaled.webp 95794 total MB 70.2
ASSET OK https://yamunabuilders.com/wp-content/uploads/2025/01/LOBBY-V_02-1.webp 116262 total MB 70.3
ASSET OK https://yamunabuilders.com/wp-content/uploads/2025/01/LOBBY-V_02-scaled.webp 94318 total MB 70.4
ASSET OK https://yamunabuilders.com/wp-content/uploads/2025/01/LOBBY-V_02.webp 116638 total MB 70.5
ASSET OK https://yamunabuilders.com/wp-content/uploads/2025/01/LOBBY-V_03-1-scaled.webp 120256 total MB 70.6
ASSET OK https://yamunabuilders.com/wp-content/uploads/2025/01/LOBBY-V_03-1.webp 186396 total MB 70.8
ASSET OK https://yamunabuilders.com/wp-content/uploads/2025/01/LOBBY-V_03-scaled.webp 120952 total MB 71.0
ASSET OK https://yamunabuilders.com/wp-content/uploads/2025/01/LOBBY-V_03.webp 144174 total MB 71.1
ASSET OK https://yamunabuilders.com/wp-content/uploads/2025/01/LOBBY-V_04-1-scaled.webp 139356 total MB 71.2
ASSET OK https://yamunabuilders.com/wp-content/uploads/2025/01/LOBBY-V_04-1.webp 171370 total MB 71.4
ASSET OK https://yamunabuilders.com/wp-content/uploads/2025/01/LOBBY-V_04-scaled.webp 139356 total MB 71.5
ASSET OK https://yamunabuilders.com/wp-content/uploads/2025/01/LOBBY-V_04.webp 224582 total MB 71.8
ASSET OK https://yamunabuilders.com/wp-content/uploads/2025/01/LOBBY-V_06-1-scaled.webp 56572 total MB 71.8
ASSET OK https://yamunabuilders.com/wp-content/uploads/2025/01/LOBBY-V_06-1.webp 88776 total MB 71.9
ASSET OK https://yamunabuilders.com/wp-content/uploads/2025/01/LOBBY-V_06-scaled.webp 56572 total MB 72.0
ASSET OK https://yamunabuilders.com/wp-content/uploads/2025/01/LOBBY-V_06.webp 88776 total MB 72.1
ASSET OK https://yamunabuilders.com/wp-content/uploads/2025/01/Part-1-removed-colour-09-scaled.webp 76488 total MB 72.1
ASSET OK https://yamunabuilders.com/wp-content/uploads/2025/01/Part-1-removed-colour-09.webp 90480 total MB 72.2
ASSET OK https://yamunabuilders.com/wp-content/uploads/2025/01/Part-1-removed-colour-11-1-scaled.webp 78322 total MB 72.3
ASSET OK https://yamunabuilders.com/wp-content/uploads/2025/01/Part-1-removed-colour-11-1.webp 89140 total MB 72.4
ASSET OK https://yamunabuilders.com/wp-content/uploads/2025/01/Part-1-removed-colour-11-scaled.webp 78338 total MB 72.5
ASSET OK https://yamunabuilders.com/wp-content/uploads/2025/01/Part-1-removed-colour-11.webp 89140 total MB 72.6
ASSET OK https://yamunabuilders.com/wp-content/uploads/2025/01/Part-1-removed-colour-13-scaled.webp 66310 total MB 72.6
ASSET OK https://yamunabuilders.com/wp-content/uploads/2025/01/Part-1-removed-colour-13.webp 78526 total MB 72.7
ASSET OK https://yamunabuilders.com/wp-content/uploads/2025/01/Part-1-removed-colour-16-scaled.webp 60378 total MB 72.8
ASSET OK https://yamunabuilders.com/wp-content/uploads/2025/01/Part-1-removed-colour-16.webp 85122 total MB 72.9
ASSET OK https://yamunabuilders.com/wp-content/uploads/2025/01/Part-1-removed-colour-17-scaled.webp 37526 total MB 72.9
ASSET OK https://yamunabuilders.com/wp-content/uploads/2025/01/Part-1-removed-colour-17.webp 42168 total MB 72.9
ASSET OK https://yamunabuilders.com/wp-content/uploads/2025/01/Part-2-removed-colour-02-scaled.webp 48444 total MB 73.0
ASSET OK https://yamunabuilders.com/wp-content/uploads/2025/01/Part-2-removed-colour-02.webp 57950 total MB 73.0
ASSET OK https://yamunabuilders.com/wp-content/uploads/2025/01/Part-2-removed-colour-03-scaled.webp 53416 total MB 73.1
ASSET OK https://yamunabuilders.com/wp-content/uploads/2025/01/Part-2-removed-colour-03.webp 64450 total MB 73.2
ASSET OK https://yamunabuilders.com/wp-content/uploads/2025/01/Part-2-removed-colour-04-scaled.webp 51506 total MB 73.2
ASSET OK https://yamunabuilders.com/wp-content/uploads/2025/01/Part-2-removed-colour-04.webp 62986 total MB 73.3
ASSET OK https://yamunabuilders.com/wp-content/uploads/2025/01/Part-2-removed-colour-05-scaled.webp 47738 total MB 73.3
ASSET OK https://yamunabuilders.com/wp-content/uploads/2025/01/Part-2-removed-colour-05.webp 57202 total MB 73.4
ASSET OK https://yamunabuilders.com/wp-content/uploads/2025/01/Part-2-removed-colour-06-1-scaled.webp 47844 total MB 73.4
ASSET OK https://yamunabuilders.com/wp-content/uploads/2025/01/Part-2-removed-colour-06-1.webp 58056 total MB 73.5
ASSET OK https://yamunabuilders.com/wp-content/uploads/2025/01/Part-2-removed-colour-06-scaled.webp 48014 total MB 73.5
ASSET OK https://yamunabuilders.com/wp-content/uploads/2025/01/Part-2-removed-colour-06.webp 58056 total MB 73.6
ASSET OK https://yamunabuilders.com/wp-content/uploads/2025/01/Part-2-removed-colour-07-scaled.webp 48696 total MB 73.6
ASSET OK https://yamunabuilders.com/wp-content/uploads/2025/01/Part-2-removed-colour-07.webp 59120 total MB 73.7
ASSET OK https://yamunabuilders.com/wp-content/uploads/2025/01/Part-2-removed-colour-08-scaled.webp 53874 total MB 73.8
ASSET OK https://yamunabuilders.com/wp-content/uploads/2025/01/Part-2-removed-colour-08.webp 65768 total MB 73.8
ASSET OK https://yamunabuilders.com/wp-content/uploads/2025/01/Part-2-removed-colour-09-scaled.webp 47042 total MB 73.9
ASSET OK https://yamunabuilders.com/wp-content/uploads/2025/01/Part-2-removed-colour-09.webp 56666 total MB 73.9
ASSET OK https://yamunabuilders.com/wp-content/uploads/2025/01/Part-3-safe-color-removed-16-scaled.webp 65976 total MB 74.0
ASSET OK https://yamunabuilders.com/wp-content/uploads/2025/01/Part-3-safe-color-removed-16.webp 81240 total MB 74.1
ASSET OK https://yamunabuilders.com/wp-content/uploads/2025/01/Part-3-safe-color-removed-17-scaled.webp 64874 total MB 74.1
ASSET OK https://yamunabuilders.com/wp-content/uploads/2025/01/Part-3-safe-color-removed-17.webp 77564 total MB 74.2
ASSET OK https://yamunabuilders.com/wp-content/uploads/2025/01/Pile-chipping-and-head-removal-28.04.2024.webp 106520 total MB 74.3
ASSET OK https://yamunabuilders.com/wp-content/uploads/2025/01/Pile-chipping-status_23.10.20241.webp 272698 total MB 74.6
ASSET OK https://yamunabuilders.com/wp-content/uploads/2025/01/Pile-chipping-status_23.10.20242.webp 283364 total MB 74.9
ASSET OK https://yamunabuilders.com/wp-content/uploads/2025/01/Pile-chipping-works-26.04.2024.webp 168452 total MB 75.0
ASSET OK https://yamunabuilders.com/wp-content/uploads/2025/01/Pile-concreting-11-march-2024.webp 105984 total MB 75.1
ASSET OK https://yamunabuilders.com/wp-content/uploads/2025/01/Pile-concreting-2-Apr-2024.webp 141918 total MB 75.3
ASSET OK https://yamunabuilders.com/wp-content/uploads/2025/01/Pile-drilling-15-Feb-2024.webp 101442 total MB 75.4
ASSET OK https://yamunabuilders.com/wp-content/uploads/2025/01/Pile-drilling-works-December-2023.webp 76976 total MB 75.5
ASSET OK https://yamunabuilders.com/wp-content/uploads/2025/01/Pile-integrity-test-PIT-1.05.2024.webp 159850 total MB 75.6
ASSET OK https://yamunabuilders.com/wp-content/uploads/2025/01/Pile-integrity-test-PIT-9-Feb-2024-scaled.webp 349502 total MB 76.0
ASSET 404 https://yamunabuilders.com/wp-content/uploads/2025/01/Pile-integrity-test-PIT-9-Feb-2024.webp
ASSET OK https://yamunabuilders.com/wp-content/uploads/2025/01/Primary-steel-for-Piling-works-19-Jan-2024.webp 197358 total MB 76.2
ASSET OK https://yamunabuilders.com/wp-content/uploads/2025/01/Reinforcement-placing-or-the-pile-Dec-2023.webp 91626 total MB 76.3
ASSET OK https://yamunabuilders.com/wp-content/uploads/2025/01/Reinforcement-steel-fabrication-for-piling-works-December-2023-pic-2.webp 209376 total MB 76.5
ASSET OK https://yamunabuilders.com/wp-content/uploads/2025/01/Reinforment-steel-placed-inside-casing.webp 87280 total MB 76.6
ASSET OK https://yamunabuilders.com/wp-content/uploads/2025/01/Reinforment-teel-placed-inside-casing-23-Jan-2024.webp 73684 total MB 76.6
ASSET OK https://yamunabuilders.com/wp-content/uploads/2025/01/Scene-17_2-1-png.webp 436552 total MB 77.1
ASSET OK https://yamunabuilders.com/wp-content/uploads/2025/01/Scene-17_2-1.webp 407904 total MB 77.5
ASSET OK https://yamunabuilders.com/wp-content/uploads/2025/01/Scene-17_2-png.webp 436118 total MB 77.9
ASSET OK https://yamunabuilders.com/wp-content/uploads/2025/01/Scene-17_2.webp 407904 total MB 78.3
ASSET OK https://yamunabuilders.com/wp-content/uploads/2025/01/Scene-24-png.webp 311050 total MB 78.6
ASSET OK https://yamunabuilders.com/wp-content/uploads/2025/01/Scene-24.webp 286172 total MB 78.9
ASSET OK https://yamunabuilders.com/wp-content/uploads/2025/01/Scene-81-png.webp 267776 total MB 79.2
ASSET OK https://yamunabuilders.com/wp-content/uploads/2025/01/Scene-81.webp 255654 total MB 79.4
ASSET OK https://yamunabuilders.com/wp-content/uploads/2025/01/Scene-9-png.webp 360504 total MB 79.8
ASSET OK https://yamunabuilders.com/wp-content/uploads/2025/01/Scene-9.webp 336978 total MB 80.1
ASSET OK https://yamunabuilders.com/wp-content/uploads/2025/01/Sea-Facing-Front-Elevation-1-png-e1738244047171.webp 1874300 total MB 82.0
ASSET OK https://yamunabuilders.com/wp-content/uploads/2025/01/Sea-Facing-Front-Elevation-1-png-e1738244421683.webp 125044 total MB 82.1
ASSET OK https://yamunabuilders.com/wp-content/uploads/2025/01/Site-photo-1.05.2024-2.webp 180452 total MB 82.3
ASSET OK https://yamunabuilders.com/wp-content/uploads/2025/01/Site-photo-1.05.2024.webp 131722 total MB 82.5
ASSET OK https://yamunabuilders.com/wp-content/uploads/2025/01/Site-photo-17.06.2024-2.webp 163942 total MB 82.6
ASSET OK https://yamunabuilders.com/wp-content/uploads/2025/01/Site-photo-17.06.2024.webp 111296 total MB 82.7
ASSET OK https://yamunabuilders.com/wp-content/uploads/2025/01/Site-photo-19.06.2024.webp 231564 total MB 83.0
ASSET OK https://yamunabuilders.com/wp-content/uploads/2025/01/Site-photo-21.03.2024.webp 144890 total MB 83.1
ASSET OK https://yamunabuilders.com/wp-content/uploads/2025/01/Site-photo-29.04.2024.webp 207232 total MB 83.3
ASSET OK https://yamunabuilders.com/wp-content/uploads/2025/01/Site-photo-3.05.2024.webp 157944 total MB 83.5
ASSET OK https://yamunabuilders.com/wp-content/uploads/2025/01/Site-photo-4.04.2024.webp 149996 total MB 83.6
ASSET OK https://yamunabuilders.com/wp-content/uploads/2025/01/Site-works.webp 83804 total MB 83.7
ASSET OK https://yamunabuilders.com/wp-content/uploads/2025/01/Steel-casing-insert-by-vibro-hammer-mechanism-15-feb-2024.webp 25486 total MB 83.7
ASSET OK https://yamunabuilders.com/wp-content/uploads/2025/01/Steel-casing-insert-by-vibro-hammer-mechanism-19-Jan-2024.webp 125434 total MB 83.9
ASSET OK https://yamunabuilders.com/wp-content/uploads/2025/01/Steel-casing-insert-by-vibro-hammer-mechanism-29.02.2024-scaled.webp 125852 total MB 84.0
ASSET OK https://yamunabuilders.com/wp-content/uploads/2025/01/Steel-casing-insert-by-vibro-hammer-mechanism-29.02.2024.webp 118462 total MB 84.1
ASSET OK https://yamunabuilders.com/wp-content/uploads/2025/01/Steel-casing-insert-by-vibro-hammer-mechanism-4.03.2024-scaled.webp 285286 total MB 84.4
ASSET 404 https://yamunabuilders.com/wp-content/uploads/2025/01/Steel-casing-insert-by-vibro-hammer-mechanism-4.03.2024.webp
ASSET OK https://yamunabuilders.com/wp-content/uploads/2025/01/Steel-casing-insert-by-vibro-hammer-mechanism-Jan-2024-scaled.webp 453052 total MB 84.8
ASSET 404 https://yamunabuilders.com/wp-content/uploads/2025/01/Steel-casing-insert-by-vibro-hammer-mechanism-Jan-2024.webp
ASSET OK https://yamunabuilders.com/wp-content/uploads/2025/01/Steel-casing-insert-by-vibro-hammer-mechanism.webp 32814 total MB 84.9
ASSET OK https://yamunabuilders.com/wp-content/uploads/2025/01/Test-Pile-drilling_06.03.2023-scaled.webp 226328 total MB 85.1
ASSET 404 https://yamunabuilders.com/wp-content/uploads/2025/01/Test-Pile-drilling_06.03.2023.webp
ASSET OK https://yamunabuilders.com/wp-content/uploads/2025/01/Test-oile-load-testing-pic-2.webp 60730 total MB 85.2
ASSET OK https://yamunabuilders.com/wp-content/uploads/2025/01/Test-pile-concreting-scaled.webp 267538 total MB 85.4
ASSET 404 https://yamunabuilders.com/wp-content/uploads/2025/01/Test-pile-concreting.webp
ASSET OK https://yamunabuilders.com/wp-content/uploads/2025/01/Test-pile-load-testing-pic-1.webp 139700 total MB 85.6
ASSET OK https://yamunabuilders.com/wp-content/uploads/2025/01/Test-pile-reinforcement-2023-03-07-at-3.15.43-PM.webp 68010 total MB 85.6
ASSET OK https://yamunabuilders.com/wp-content/uploads/2025/01/Test-pile-reinforcement-scaled.webp 250394 total MB 85.9
ASSET OK https://yamunabuilders.com/wp-content/uploads/2025/01/Test-pile-reinforcement.webp 312596 total MB 86.2
ASSET OK https://yamunabuilders.com/wp-content/uploads/2025/01/Ultratech-cement-bulker-06.03.2024.webp 139052 total MB 86.3
ASSET OK https://yamunabuilders.com/wp-content/uploads/2025/01/Untitled-design-64-png.webp 115950 total MB 86.5
ASSET OK https://yamunabuilders.com/wp-content/uploads/2025/01/Untitled-design-64.webp 124550 total MB 86.6
ASSET OK https://yamunabuilders.com/wp-content/uploads/2025/01/Yamuna-Cover-png.webp 59470 total MB 86.6
ASSET OK https://yamunabuilders.com/wp-content/uploads/2025/01/Yamuna-Cover.webp 64010 total MB 86.7
ASSET OK https://yamunabuilders.com/wp-content/uploads/2025/01/bed-alt-png.webp 902 total MB 86.7
ASSET OK https://yamunabuilders.com/wp-content/uploads/2025/01/bullseye-arrow-png.webp 3026 total MB 86.7
ASSET OK https://yamunabuilders.com/wp-content/uploads/2025/01/city-png.webp 680 total MB 86.7
ASSET OK https://yamunabuilders.com/wp-content/uploads/2025/01/expand-arrows-png.webp 944 total MB 86.7
ASSET OK https://yamunabuilders.com/wp-content/uploads/2025/01/freepik__expand__17988-e1757160706788.webp 94990 total MB 86.8
ASSET OK https://yamunabuilders.com/wp-content/uploads/2025/01/freepik__expand__73940-e1737552804271.webp 115604 total MB 86.9
ASSET OK https://yamunabuilders.com/wp-content/uploads/2025/01/freepik__expand__73941.webp 277198 total MB 87.2
ASSET OK https://yamunabuilders.com/wp-content/uploads/2025/01/ganga-yamuna.webp 23788 total MB 87.2
ASSET OK https://yamunabuilders.com/wp-content/uploads/2025/01/gem-png.webp 2368 total MB 87.2
ASSET OK https://yamunabuilders.com/wp-content/uploads/2025/01/laugh-beam-png.webp 2538 total MB 87.2
ASSET OK https://yamunabuilders.com/wp-content/uploads/2025/01/lightbulb-on-png.webp 1820 total MB 87.2
ASSET OK https://yamunabuilders.com/wp-content/uploads/2025/01/lrg42.webp 64760 total MB 87.3
ASSET OK https://yamunabuilders.com/wp-content/uploads/2025/01/overview-e1738315844210.webp 87484 total MB 87.4
ASSET OK https://yamunabuilders.com/wp-content/uploads/2025/01/overview.webp 216108 total MB 87.6
ASSET OK https://yamunabuilders.com/wp-content/uploads/2025/01/pencil-ruler-png.webp 1960 total MB 87.6
ASSET OK https://yamunabuilders.com/wp-content/uploads/2025/01/people-roof-png.webp 2300 total MB 87.6
ASSET OK https://yamunabuilders.com/wp-content/uploads/2025/01/plant-care-png.webp 2488 total MB 87.6
ASSET OK https://yamunabuilders.com/wp-content/uploads/2025/01/prakruthi.webp 16074 total MB 87.6
ASSET OK https://yamunabuilders.com/wp-content/uploads/2025/01/quality-png.webp 2816 total MB 87.6
ASSET OK https://yamunabuilders.com/wp-content/uploads/2025/01/shield-check-png.webp 1764 total MB 87.6
ASSET OK https://yamunabuilders.com/wp-content/uploads/2025/01/tags-2-png.webp 2056 total MB 87.6
ASSET OK https://yamunabuilders.com/wp-content/uploads/2025/01/thumb1-1.webp 30026 total MB 87.7
ASSET OK https://yamunabuilders.com/wp-content/uploads/2025/01/thumb37.webp 27116 total MB 87.7
ASSET OK https://yamunabuilders.com/wp-content/uploads/2025/01/thumb48.webp 16224 total MB 87.7
ASSET OK https://yamunabuilders.com/wp-content/uploads/2025/01/trust-alt-png.webp 2406 total MB 87.7
ASSET OK https://yamunabuilders.com/wp-content/uploads/2025/01/vision-png.webp 2170 total MB 87.7
ASSET OK https://yamunabuilders.com/wp-content/uploads/2025/01/yamuna-garden.webp 18546 total MB 87.7
ASSET OK https://yamunabuilders.com/wp-content/uploads/2025/01/yamuna-mathias-heights.webp 14614 total MB 87.7
ASSET OK https://yamunabuilders.com/wp-content/uploads/2025/01/yamuna-paradise.webp 14596 total MB 87.7
ASSET OK https://yamunabuilders.com/wp-content/uploads/2025/01/yamuna-pride.webp 20708 total MB 87.8
ASSET OK https://yamunabuilders.com/wp-content/uploads/2025/01/yamuna-residency.webp 16642 total MB 87.8
ASSET OK https://yamunabuilders.com/wp-content/uploads/2025/01/yamuna-sky-city-about-img-3.webp 19880 total MB 87.8
ASSET OK https://yamunabuilders.com/wp-content/uploads/2025/01/yamuna-westline-signature.webp 12940 total MB 87.8
ASSET OK https://yamunabuilders.com/wp-content/uploads/2025/02/001-png-e1739037492107.webp 75114 total MB 87.9
ASSET OK https://yamunabuilders.com/wp-content/uploads/2025/02/001.webp 99448 total MB 88.0
ASSET OK https://yamunabuilders.com/wp-content/uploads/2025/02/002-png-e1739037476280.webp 71296 total MB 88.1
ASSET OK https://yamunabuilders.com/wp-content/uploads/2025/02/002.webp 80170 total MB 88.1
ASSET OK https://yamunabuilders.com/wp-content/uploads/2025/02/003-png-e1739037458124.webp 68396 total MB 88.2
ASSET OK https://yamunabuilders.com/wp-content/uploads/2025/02/003.webp 78748 total MB 88.3
ASSET OK https://yamunabuilders.com/wp-content/uploads/2025/02/10-A.-Pile-concreting-2-Apr-2024.webp 141918 total MB 88.4
ASSET OK https://yamunabuilders.com/wp-content/uploads/2025/02/10-C.-Pile-concreting-11-march-2024.webp 105984 total MB 88.5
ASSET OK https://yamunabuilders.com/wp-content/uploads/2025/02/10-E.-Cube-cast-for-quality-check-png.webp 189818 total MB 88.7
ASSET OK https://yamunabuilders.com/wp-content/uploads/2025/02/10-E.-Cube-cast-for-quality-check.webp 207640 total MB 88.9
ASSET OK https://yamunabuilders.com/wp-content/uploads/2025/02/10-F.-Cube-casting-Quality-check-30-march-2024.webp 61480 total MB 89.0
ASSET OK https://yamunabuilders.com/wp-content/uploads/2025/02/10-G.-Cube-test-report-png.webp 44134 total MB 89.0
ASSET OK https://yamunabuilders.com/wp-content/uploads/2025/02/10-G.-Cube-test-report.webp 46160 total MB 89.1
ASSET OK https://yamunabuilders.com/wp-content/uploads/2025/02/11-B.-Site-photo-1.05.2024-2.webp 180452 total MB 89.3
ASSET OK https://yamunabuilders.com/wp-content/uploads/2025/02/11-C.-Site-photo-3.05.2024.webp 157564 total MB 89.4
ASSET OK https://yamunabuilders.com/wp-content/uploads/2025/02/11-D.-Pile-chipping-works-26.04.2024.webp 168452 total MB 89.6
ASSET OK https://yamunabuilders.com/wp-content/uploads/2025/02/11-E.-Pile-chipping-and-head-removal-28.04.2024.webp 106520 total MB 89.7
ASSET OK https://yamunabuilders.com/wp-content/uploads/2025/02/11-F.-Site-photo-29.04.2024.webp 207232 total MB 89.9
ASSET OK https://yamunabuilders.com/wp-content/uploads/2025/02/12-A.-Pile-integrity-test-PIT-9-Feb-2024-scaled.webp 349502 total MB 90.3
ASSET 404 https://yamunabuilders.com/wp-content/uploads/2025/02/12-A.-Pile-integrity-test-PIT-9-Feb-2024.webp
ASSET OK https://yamunabuilders.com/wp-content/uploads/2025/02/12-B.-Pile-integrity-test-PIT-1.05.2024.webp 159850 total MB 90.4
ASSET OK https://yamunabuilders.com/wp-content/uploads/2025/02/12-C.-Dynamic-test-for-piles-30.04.2024-scaled.webp 351310 total MB 90.8
ASSET 404 https://yamunabuilders.com/wp-content/uploads/2025/02/12-C.-Dynamic-test-for-piles-30.04.2024.webp
ASSET OK https://yamunabuilders.com/wp-content/uploads/2025/02/12-D.-Dynamic-test-for-piles-01.05.2024-scaled.webp 321936 total MB 91.1
ASSET 404 https://yamunabuilders.com/wp-content/uploads/2025/02/12-D.-Dynamic-test-for-piles-01.05.2024.webp
ASSET OK https://yamunabuilders.com/wp-content/uploads/2025/02/12-E.-Dynamic-test-for-pile-30.04.2024-scaled.webp 405508 total MB 91.5
ASSET 404 https://yamunabuilders.com/wp-content/uploads/2025/02/12-E.-Dynamic-test-for-pile-30.04.2024.webp
ASSET OK https://yamunabuilders.com/wp-content/uploads/2025/02/13-A.-Site-photo-17.06.2024.webp 111308 total MB 91.6
ASSET OK https://yamunabuilders.com/wp-content/uploads/2025/02/13-B.-Site-photo-17.06.2024-2.webp 166386 total MB 91.8
ASSET OK https://yamunabuilders.com/wp-content/uploads/2025/02/13-C.-Site-photo-19.06.2024.webp 231756 total MB 92.0
ASSET OK https://yamunabuilders.com/wp-content/uploads/2025/02/13-D.-Pile-chipping-status_23.10.20241.webp 270798 total MB 92.3
ASSET OK https://yamunabuilders.com/wp-content/uploads/2025/02/13-E.-Pile-chipping-status_23.10.20242.webp 283364 total MB 92.6
ASSET OK https://yamunabuilders.com/wp-content/uploads/2025/02/4-C.-IMG-20240820-WA0013.webp 153808 total MB 92.7
ASSET OK https://yamunabuilders.com/wp-content/uploads/2025/02/4-D.-IMG-20240206-WA0026.webp 119366 total MB 92.8
ASSET OK https://yamunabuilders.com/wp-content/uploads/2025/02/4-G.-IMG-20240206-WA0034.webp 110774 total MB 92.9
ASSET OK https://yamunabuilders.com/wp-content/uploads/2025/02/4-H.-Batching-plant.webp 27334 total MB 93.0
ASSET OK https://yamunabuilders.com/wp-content/uploads/2025/02/4-png.webp 75152 total MB 93.0
ASSET OK https://yamunabuilders.com/wp-content/uploads/2025/02/4.webp 77480 total MB 93.1
ASSET OK https://yamunabuilders.com/wp-content/uploads/2025/02/444-png.webp 68322 total MB 93.2
ASSET OK https://yamunabuilders.com/wp-content/uploads/2025/02/444.webp 82634 total MB 93.3
ASSET OK https://yamunabuilders.com/wp-content/uploads/2025/02/5-B.-Pile-drilling-15-Feb-2024.webp 101442 total MB 93.4
ASSET OK https://yamunabuilders.com/wp-content/uploads/2025/02/5-C.-Hard-rock-sample-27-feb-2024.webp 70090 total MB 93.4
ASSET OK https://yamunabuilders.com/wp-content/uploads/2025/02/5-E.-Hard-rock-sample-26-feb-2024.webp 50472 total MB 93.5
ASSET OK https://yamunabuilders.com/wp-content/uploads/2025/02/5-F.-Hard-rock-sample-15-feb-2024.webp 32868 total MB 93.5
ASSET OK https://yamunabuilders.com/wp-content/uploads/2025/02/6-32-scaled.webp 70330 total MB 93.6
ASSET OK https://yamunabuilders.com/wp-content/uploads/2025/02/6-32.webp 81658 total MB 93.7
ASSET OK https://yamunabuilders.com/wp-content/uploads/2025/02/6-A.-Core-barrel-bit-for-uplift-piles.webp 18852 total MB 93.7
ASSET OK https://yamunabuilders.com/wp-content/uploads/2025/02/6-B.-Core-Barrel-bit-for-Uplift-piles-4.04.2024-scaled.webp 262258 total MB 94.0
ASSET 404 https://yamunabuilders.com/wp-content/uploads/2025/02/6-B.-Core-Barrel-bit-for-Uplift-piles-4.04.2024.webp
ASSET OK https://yamunabuilders.com/wp-content/uploads/2025/02/6-C.-Hard-rock-sample-for-uplift-pile-4-Apr-2024-scaled.webp 757362 total MB 94.7
ASSET 404 https://yamunabuilders.com/wp-content/uploads/2025/02/6-C.-Hard-rock-sample-for-uplift-pile-4-Apr-2024.webp
ASSET OK https://yamunabuilders.com/wp-content/uploads/2025/02/7-A.-Drilling-machine-steel-casing-crane-etc-Dec-2023-scaled.webp 270576 total MB 95.0
ASSET 404 https://yamunabuilders.com/wp-content/uploads/2025/02/7-A.-Drilling-machine-steel-casing-crane-etc-Dec-2023.webp
ASSET OK https://yamunabuilders.com/wp-content/uploads/2025/02/7-B.-Pile-drilling-works-December-2023.webp 76976 total MB 95.1
ASSET OK https://yamunabuilders.com/wp-content/uploads/2025/02/7-C.-Reinforcement-steel-fabrication-for-piling-works-December-2023-pic-2.webp 209376 total MB 95.3
ASSET OK https://yamunabuilders.com/wp-content/uploads/2025/02/7-D.-Site-photo-1.05.2024.webp 131066 total MB 95.4
ASSET OK https://yamunabuilders.com/wp-content/uploads/2025/02/7-D.-Site-photo-21.03.2024.webp 145128 total MB 95.6
ASSET OK https://yamunabuilders.com/wp-content/uploads/2025/02/7-E.-Site-photo-4.04.2024.webp 149996 total MB 95.7
ASSET OK https://yamunabuilders.com/wp-content/uploads/2025/02/8-A.-Steel-casing-insert-by-vibro-hammer-mechanism-19-Jan-2024.webp 125434 total MB 95.8
ASSET OK https://yamunabuilders.com/wp-content/uploads/2025/02/8-B.-Steel-casing-insert-by-vibro-hammer-mechanism.webp 26912 total MB 95.9
ASSET OK https://yamunabuilders.com/wp-content/uploads/2025/02/8-D.-Steel-casing-insert-by-vibro-hammer-mechanism-4.03.2024-scaled.webp 285286 total MB 96.1
ASSET 404 https://yamunabuilders.com/wp-content/uploads/2025/02/8-D.-Steel-casing-insert-by-vibro-hammer-mechanism-4.03.2024.webp
ASSET OK https://yamunabuilders.com/wp-content/uploads/2025/02/8-E.-Steel-casing-insert-by-vibro-hammer-mechanism-15-feb-2024.webp 25700 total MB 96.2
ASSET OK https://yamunabuilders.com/wp-content/uploads/2025/02/9-A.-Reinforcement-placing-or-the-pile-Dec-2023.webp 91626 total MB 96.3
ASSET OK https://yamunabuilders.com/wp-content/uploads/2025/02/9-B.-Reinforment-steel-placed-inside-casing-23-Jan-2024.webp 73684 total MB 96.3
ASSET OK https://yamunabuilders.com/wp-content/uploads/2025/02/9-C.Reinforment-steel-placed-inside-casing.webp 67698 total MB 96.4
ASSET OK https://yamunabuilders.com/wp-content/uploads/2025/02/Erection-of-In-house-Batching-plant-for-the-project.webp 98362 total MB 96.5
ASSET OK https://yamunabuilders.com/wp-content/uploads/2025/02/FRONT_ELEVATION_NIGHT-1080x1080-1.webp 61610 total MB 96.6
ASSET OK https://yamunabuilders.com/wp-content/uploads/2025/02/Part-1-removed-colour-09-scaled.webp 76488 total MB 96.6
ASSET OK https://yamunabuilders.com/wp-content/uploads/2025/02/Part-1-removed-colour-09.webp 90480 total MB 96.7
ASSET OK https://yamunabuilders.com/wp-content/uploads/2025/02/Part-1-removed-colour-11-scaled.webp 78322 total MB 96.8
ASSET OK https://yamunabuilders.com/wp-content/uploads/2025/02/Part-1-removed-colour-11.webp 89140 total MB 96.9
ASSET OK https://yamunabuilders.com/wp-content/uploads/2025/02/Part-1-removed-colour-13-scaled.webp 66310 total MB 97.0
ASSET OK https://yamunabuilders.com/wp-content/uploads/2025/02/Part-1-removed-colour-13.webp 78526 total MB 97.0
ASSET OK https://yamunabuilders.com/wp-content/uploads/2025/02/Part-1-removed-colour-16-scaled.webp 60348 total MB 97.1
ASSET OK https://yamunabuilders.com/wp-content/uploads/2025/02/Part-1-removed-colour-16.webp 85122 total MB 97.2
ASSET OK https://yamunabuilders.com/wp-content/uploads/2025/02/Part-1-removed-colour-17-scaled.webp 37526 total MB 97.2
ASSET OK https://yamunabuilders.com/wp-content/uploads/2025/02/Part-1-removed-colour-17.webp 42116 total MB 97.3
ASSET OK https://yamunabuilders.com/wp-content/uploads/2025/02/Part-2-removed-colour-02-scaled.webp 48444 total MB 97.3
ASSET OK https://yamunabuilders.com/wp-content/uploads/2025/02/Part-2-removed-colour-02.webp 57950 total MB 97.4
ASSET OK https://yamunabuilders.com/wp-content/uploads/2025/02/Part-2-removed-colour-03-scaled.webp 53416 total MB 97.4
ASSET OK https://yamunabuilders.com/wp-content/uploads/2025/02/Part-2-removed-colour-03.webp 64450 total MB 97.5
ASSET OK https://yamunabuilders.com/wp-content/uploads/2025/02/Part-2-removed-colour-04-scaled.webp 51506 total MB 97.5
ASSET OK https://yamunabuilders.com/wp-content/uploads/2025/02/Part-2-removed-colour-04.webp 62800 total MB 97.6
ASSET OK https://yamunabuilders.com/wp-content/uploads/2025/02/Part-2-removed-colour-05-scaled.webp 47820 total MB 97.7
ASSET OK https://yamunabuilders.com/wp-content/uploads/2025/02/Part-2-removed-colour-05.webp 57124 total MB 97.7
ASSET OK https://yamunabuilders.com/wp-content/uploads/2025/02/Part-2-removed-colour-06-1-scaled.webp 48014 total MB 97.8
ASSET OK https://yamunabuilders.com/wp-content/uploads/2025/02/Part-2-removed-colour-06-1.webp 58056 total MB 97.8
ASSET OK https://yamunabuilders.com/wp-content/uploads/2025/02/Part-2-removed-colour-07-scaled.webp 48696 total MB 97.9
ASSET OK https://yamunabuilders.com/wp-content/uploads/2025/02/Part-2-removed-colour-07.webp 59098 total MB 97.9
ASSET OK https://yamunabuilders.com/wp-content/uploads/2025/02/Part-2-removed-colour-08-scaled.webp 54004 total MB 98.0
ASSET OK https://yamunabuilders.com/wp-content/uploads/2025/02/Part-2-removed-colour-08.webp 65768 total MB 98.0
ASSET OK https://yamunabuilders.com/wp-content/uploads/2025/02/Part-2-removed-colour-09-scaled.webp 47042 total MB 98.1
ASSET OK https://yamunabuilders.com/wp-content/uploads/2025/02/Part-2-removed-colour-09.webp 56666 total MB 98.1
ASSET OK https://yamunabuilders.com/wp-content/uploads/2025/02/Part-2-removed-colour-10-scaled.webp 69078 total MB 98.2
ASSET OK https://yamunabuilders.com/wp-content/uploads/2025/02/Part-2-removed-colour-10.webp 79890 total MB 98.3
ASSET OK https://yamunabuilders.com/wp-content/uploads/2025/02/Part-2-removed-colour-11-scaled.webp 42046 total MB 98.3
ASSET OK https://yamunabuilders.com/wp-content/uploads/2025/02/Part-2-removed-colour-11.webp 50282 total MB 98.4
ASSET OK https://yamunabuilders.com/wp-content/uploads/2025/02/Part-2-removed-colour-12-scaled.webp 47618 total MB 98.4
ASSET OK https://yamunabuilders.com/wp-content/uploads/2025/02/Part-2-removed-colour-12.webp 56666 total MB 98.5
ASSET OK https://yamunabuilders.com/wp-content/uploads/2025/02/Part-2-removed-colour-13-scaled.webp 48344 total MB 98.5
ASSET OK https://yamunabuilders.com/wp-content/uploads/2025/02/Part-2-removed-colour-13.webp 58352 total MB 98.6
ASSET OK https://yamunabuilders.com/wp-content/uploads/2025/02/Part-2-removed-colour-14-scaled.webp 42086 total MB 98.6
ASSET OK https://yamunabuilders.com/wp-content/uploads/2025/02/Part-2-removed-colour-14.webp 50410 total MB 98.7
ASSET OK https://yamunabuilders.com/wp-content/uploads/2025/02/Part-3-safe-color-removed-01-scaled.webp 62904 total MB 98.8
ASSET OK https://yamunabuilders.com/wp-content/uploads/2025/02/Part-3-safe-color-removed-01.webp 74338 total MB 98.8
ASSET OK https://yamunabuilders.com/wp-content/uploads/2025/02/Part-3-safe-color-removed-02-scaled.webp 41228 total MB 98.9
ASSET OK https://yamunabuilders.com/wp-content/uploads/2025/02/Part-3-safe-color-removed-02.webp 48196 total MB 98.9
ASSET OK https://yamunabuilders.com/wp-content/uploads/2025/02/Part-3-safe-color-removed-03-scaled.webp 39764 total MB 99.0
ASSET OK https://yamunabuilders.com/wp-content/uploads/2025/02/Part-3-safe-color-removed-03.webp 46182 total MB 99.0
ASSET OK https://yamunabuilders.com/wp-content/uploads/2025/02/Part-3-safe-color-removed-04-scaled.webp 65374 total MB 99.1
ASSET OK https://yamunabuilders.com/wp-content/uploads/2025/02/Part-3-safe-color-removed-04.webp 77010 total MB 99.1
ASSET OK https://yamunabuilders.com/wp-content/uploads/2025/02/Part-3-safe-color-removed-05-scaled.webp 44406 total MB 99.2
ASSET OK https://yamunabuilders.com/wp-content/uploads/2025/02/Part-3-safe-color-removed-05.webp 51864 total MB 99.2
ASSET OK https://yamunabuilders.com/wp-content/uploads/2025/02/Part-3-safe-color-removed-06-scaled.webp 41458 total MB 99.3
ASSET OK https://yamunabuilders.com/wp-content/uploads/2025/02/Part-3-safe-color-removed-06.webp 48974 total MB 99.3
ASSET OK https://yamunabuilders.com/wp-content/uploads/2025/02/Part-3-safe-color-removed-07-scaled.webp 46582 total MB 99.4
ASSET OK https://yamunabuilders.com/wp-content/uploads/2025/02/Part-3-safe-color-removed-07.webp 54822 total MB 99.4
ASSET OK https://yamunabuilders.com/wp-content/uploads/2025/02/Part-3-safe-color-removed-08-scaled.webp 66234 total MB 99.5
ASSET OK https://yamunabuilders.com/wp-content/uploads/2025/02/Part-3-safe-color-removed-08.webp 79890 total MB 99.6
ASSET OK https://yamunabuilders.com/wp-content/uploads/2025/02/Part-3-safe-color-removed-09-scaled.webp 43612 total MB 99.6
ASSET OK https://yamunabuilders.com/wp-content/uploads/2025/02/Part-3-safe-color-removed-09.webp 50148 total MB 99.7
ASSET OK https://yamunabuilders.com/wp-content/uploads/2025/02/Part-3-safe-color-removed-10-scaled.webp 40762 total MB 99.7
ASSET OK https://yamunabuilders.com/wp-content/uploads/2025/02/Part-3-safe-color-removed-10.webp 47642 total MB 99.8
ASSET OK https://yamunabuilders.com/wp-content/uploads/2025/02/Part-3-safe-color-removed-11-scaled.webp 63842 total MB 99.8
ASSET OK https://yamunabuilders.com/wp-content/uploads/2025/02/Part-3-safe-color-removed-11.webp 76644 total MB 99.9
ASSET OK https://yamunabuilders.com/wp-content/uploads/2025/02/Part-3-safe-color-removed-12-scaled.webp 43496 total MB 99.9
ASSET OK https://yamunabuilders.com/wp-content/uploads/2025/02/Part-3-safe-color-removed-12.webp 50160 total MB 100.0
ASSET OK https://yamunabuilders.com/wp-content/uploads/2025/02/Part-3-safe-color-removed-13-scaled.webp 39352 total MB 100.0
ASSET OK https://yamunabuilders.com/wp-content/uploads/2025/02/Part-3-safe-color-removed-13.webp 45458 total MB 100.1
ASSET OK https://yamunabuilders.com/wp-content/uploads/2025/02/Part-3-safe-color-removed-14-scaled.webp 61538 total MB 100.1
ASSET OK https://yamunabuilders.com/wp-content/uploads/2025/02/Part-3-safe-color-removed-14.webp 73546 total MB 100.2
ASSET OK https://yamunabuilders.com/wp-content/uploads/2025/02/Part-3-safe-color-removed-15-scaled.webp 53496 total MB 100.3
ASSET OK https://yamunabuilders.com/wp-content/uploads/2025/02/Part-3-safe-color-removed-15.webp 62260 total MB 100.3
ASSET OK https://yamunabuilders.com/wp-content/uploads/2025/02/TOP-POOL_001-png-e1739037523497.webp 157098 total MB 100.5
ASSET OK https://yamunabuilders.com/wp-content/uploads/2025/02/TOP-POOL_001.webp 212496 total MB 100.7
ASSET OK https://yamunabuilders.com/wp-content/uploads/2025/02/TOP-POOL_2-scaled.webp 222778 total MB 100.9
ASSET OK https://yamunabuilders.com/wp-content/uploads/2025/02/TOP-POOL_2.webp 134002 total MB 101.1
ASSET OK https://yamunabuilders.com/wp-content/uploads/2025/02/Test-pile-load-testing-pic-1.webp 139700 total MB 101.2
ASSET OK https://yamunabuilders.com/wp-content/uploads/2025/02/Test-pile-reinforcement-2023-03-07-at-3.15.43-PM.webp 68010 total MB 101.3
ASSET OK https://yamunabuilders.com/wp-content/uploads/2025/02/Test-pile-reinforcement-scaled.webp 250394 total MB 101.5
ASSET OK https://yamunabuilders.com/wp-content/uploads/2025/02/Test-pile-reinforcement.webp 228060 total MB 101.7
ASSET OK https://yamunabuilders.com/wp-content/uploads/2025/02/Untitled-design-75-png.webp 50414 total MB 101.8
ASSET OK https://yamunabuilders.com/wp-content/uploads/2025/02/Untitled-design-75.webp 58318 total MB 101.9
ASSET OK https://yamunabuilders.com/wp-content/uploads/2025/02/Untitled-design-76-png.webp 148862 total MB 102.0
ASSET OK https://yamunabuilders.com/wp-content/uploads/2025/02/Untitled-design-76.webp 165376 total MB 102.2
ASSET OK https://yamunabuilders.com/wp-content/uploads/2025/02/Untitled-design-77-png.webp 193962 total MB 102.4
ASSET OK https://yamunabuilders.com/wp-content/uploads/2025/02/Untitled-design-77.webp 217664 total MB 102.6
ASSET OK https://yamunabuilders.com/wp-content/uploads/2025/02/Untitled-design-78-png.webp 97852 total MB 102.7
ASSET OK https://yamunabuilders.com/wp-content/uploads/2025/02/Untitled-design-78.webp 107986 total MB 102.8
ASSET OK https://yamunabuilders.com/wp-content/uploads/2025/02/Untitled-design-79-png.webp 97018 total MB 102.9
ASSET OK https://yamunabuilders.com/wp-content/uploads/2025/02/Untitled-design-79.webp 109524 total MB 103.0
ASSET OK https://yamunabuilders.com/wp-content/uploads/2025/02/Untitled-design-80-png.webp 162108 total MB 103.2
ASSET OK https://yamunabuilders.com/wp-content/uploads/2025/02/Untitled-design-80.webp 178762 total MB 103.3
ASSET OK https://yamunabuilders.com/wp-content/uploads/2025/02/Untitled-design-81-png.webp 55220 total MB 103.4
ASSET OK https://yamunabuilders.com/wp-content/uploads/2025/02/Untitled-design-81.webp 67210 total MB 103.5
ASSET OK https://yamunabuilders.com/wp-content/uploads/2025/02/YAMUNA-SKYCITY-V_03-1-1-scaled-e1739348224320.webp 188656 total MB 103.6
ASSET OK https://yamunabuilders.com/wp-content/uploads/2025/02/YAMUNA-SKYCITY-V_03-1-scaled.webp 230420 total MB 103.9
ASSET OK https://yamunabuilders.com/wp-content/uploads/2025/02/YAMUNA-SKYCITY-V_03-1.webp 139128 total MB 104.0
ASSET OK https://yamunabuilders.com/wp-content/uploads/2025/02/Yamuna-Sky-City-Brochure-pdf.webp 15166 total MB 104.0
ASSET OK https://yamunabuilders.com/wp-content/uploads/2025/02/Yamuna-Sky-City-Brochure.pdf 12965626 total MB 117.0
ASSET OK https://yamunabuilders.com/wp-content/uploads/2025/02/calendar-check-png.webp 5258 total MB 117.0
ASSET 404 https://yamunabuilders.com/wp-content/uploads/2025/02/calendar-check.webp
ASSET OK https://yamunabuilders.com/wp-content/uploads/2025/02/exchange-png.webp 1258 total MB 117.0
ASSET 404 https://yamunabuilders.com/wp-content/uploads/2025/02/exchange.webp
ASSET OK https://yamunabuilders.com/wp-content/uploads/2025/02/raft-1.webp 117950 total MB 117.1
ASSET OK https://yamunabuilders.com/wp-content/uploads/2025/02/raft-2.webp 190138 total MB 117.3
ASSET OK https://yamunabuilders.com/wp-content/uploads/2025/02/raft-foundation-1-scaled.webp 197038 total MB 117.5
ASSET OK https://yamunabuilders.com/wp-content/uploads/2025/02/raft-foundation-1.webp 181912 total MB 117.7
ASSET OK https://yamunabuilders.com/wp-content/uploads/2025/02/raft-foundation-2-scaled.webp 412120 total MB 118.1
ASSET 404 https://yamunabuilders.com/wp-content/uploads/2025/02/raft-foundation-2.webp
ASSET OK https://yamunabuilders.com/wp-content/uploads/2025/02/raft-foundation-3-scaled.webp 440034 total MB 118.5
ASSET 404 https://yamunabuilders.com/wp-content/uploads/2025/02/raft-foundation-3.webp
ASSET OK https://yamunabuilders.com/wp-content/uploads/2025/02/raft-foundation-scaled.webp 689428 total MB 119.2
ASSET 404 https://yamunabuilders.com/wp-content/uploads/2025/02/raft-foundation.webp
ASSET OK https://yamunabuilders.com/wp-content/uploads/2025/02/raft-scaled.webp 293770 total MB 119.5
ASSET OK https://yamunabuilders.com/wp-content/uploads/2025/02/raft.webp 334164 total MB 119.9
ASSET OK https://yamunabuilders.com/wp-content/uploads/2025/02/shear-column-works-2.webp 268748 total MB 120.1
ASSET OK https://yamunabuilders.com/wp-content/uploads/2025/02/shear-column-works.webp 303168 total MB 120.4
ASSET OK https://yamunabuilders.com/wp-content/uploads/2025/07/Favicon-1-png-1-e1753968332588.webp 3028 total MB 120.4
ASSET OK https://yamunabuilders.com/wp-content/uploads/2025/07/Favicon-1-png-1.webp 4984 total MB 120.4
ASSET OK https://yamunabuilders.com/wp-content/uploads/2025/07/YamunaSkyCity_Brochure-pdf.jpg 30284 total MB 120.5
ASSET OK https://yamunabuilders.com/wp-content/uploads/2025/07/YamunaSkyCity_Brochure.pdf 27872043 total MB 148.3
ASSET OK https://yamunabuilders.com/wp-content/uploads/2025/08/Organization-Logo.webp 5722 total MB 148.3
ASSET OK https://yamunabuilders.com/wp-content/uploads/2025/09/01_Yamuna-Sky.webp 85236 total MB 148.4
ASSET OK https://yamunabuilders.com/wp-content/uploads/2025/09/02_Yamuna-Sky.webp 103464 total MB 148.5
ASSET OK https://yamunabuilders.com/wp-content/uploads/2025/09/03_Yamuna-Sky_Golf_View-scaled.webp 413946 total MB 148.9
ASSET OK https://yamunabuilders.com/wp-content/uploads/2025/09/03_Yamuna-Sky_Golf_View.webp 413000 total MB 149.4
ASSET OK https://yamunabuilders.com/wp-content/uploads/2025/09/04-32-scaled.webp 60922 total MB 149.4
ASSET OK https://yamunabuilders.com/wp-content/uploads/2025/09/04-32.webp 75410 total MB 149.5
ASSET OK https://yamunabuilders.com/wp-content/uploads/2025/09/04_Yamuna-Sky_Miyawaki-Forest-scaled.webp 589134 total MB 150.1
ASSET 404 https://yamunabuilders.com/wp-content/uploads/2025/09/04_Yamuna-Sky_Miyawaki-Forest.webp
ASSET OK https://yamunabuilders.com/wp-content/uploads/2025/09/05_Yamuna-Sky_Terrace-Pool_01-e1756883805944.webp 127454 total MB 150.2
ASSET OK https://yamunabuilders.com/wp-content/uploads/2025/09/05_Yamuna-Sky_Terrace-Pool_01.webp 108710 total MB 150.3
ASSET OK https://yamunabuilders.com/wp-content/uploads/2025/09/05_Yamuna-Sky_Terrace.webp 123686 total MB 150.4
ASSET OK https://yamunabuilders.com/wp-content/uploads/2025/09/06_Yamuna-Sky_Entrance.webp 283288 total MB 150.7
ASSET OK https://yamunabuilders.com/wp-content/uploads/2025/09/07_Yamuna-Sky-scaled.webp 204090 total MB 150.9
ASSET OK https://yamunabuilders.com/wp-content/uploads/2025/09/07_Yamuna-Sky.webp 181274 total MB 151.1
ASSET OK https://yamunabuilders.com/wp-content/uploads/2025/09/08_Yamuna-Sky_Terrace-Pool_02-400x269.jpg.webp 7814 total MB 151.1
ASSET OK https://yamunabuilders.com/wp-content/uploads/2025/09/08_Yamuna-Sky_Terrace-Pool_02-600x403.jpg.webp 14140 total MB 151.1
ASSET OK https://yamunabuilders.com/wp-content/uploads/2025/09/08_Yamuna-Sky_Terrace-Pool_02-900x604.jpg.webp 26088 total MB 151.2
ASSET OK https://yamunabuilders.com/wp-content/uploads/2025/09/08_Yamuna-Sky_Terrace-Pool_02.jpg 61615 total MB 151.2
ASSET OK https://yamunabuilders.com/wp-content/uploads/2025/09/08_Yamuna-Sky_Terrace-Pool_02.jpg.webp 114854 total MB 151.3
ASSET OK https://yamunabuilders.com/wp-content/uploads/2025/09/09_Yamuna-Sky-1000x1000.jpg.webp 337786 total MB 151.7
ASSET OK https://yamunabuilders.com/wp-content/uploads/2025/09/09_Yamuna-Sky-100x100.jpg.webp 3710 total MB 151.7
ASSET OK https://yamunabuilders.com/wp-content/uploads/2025/09/09_Yamuna-Sky-1080x608.jpg.webp 212610 total MB 151.9
ASSET OK https://yamunabuilders.com/wp-content/uploads/2025/09/09_Yamuna-Sky-140x140.jpg.webp 7084 total MB 151.9
ASSET OK https://yamunabuilders.com/wp-content/uploads/2025/09/09_Yamuna-Sky-150x84.jpg.webp 4508 total MB 151.9
ASSET OK https://yamunabuilders.com/wp-content/uploads/2025/09/09_Yamuna-Sky-1536x864.jpg.webp 425612 total MB 152.3
ASSET OK https://yamunabuilders.com/wp-content/uploads/2025/09/09_Yamuna-Sky-300x169.jpg.webp 17186 total MB 152.3
ASSET OK https://yamunabuilders.com/wp-content/uploads/2025/09/09_Yamuna-Sky-350x350.jpg.webp 43238 total MB 152.4
ASSET OK https://yamunabuilders.com/wp-content/uploads/2025/09/09_Yamuna-Sky-400x269.jpg.webp 36554 total MB 152.4
ASSET OK https://yamunabuilders.com/wp-content/uploads/2025/09/09_Yamuna-Sky-500x500.jpg.webp 84936 total MB 152.5
ASSET OK https://yamunabuilders.com/wp-content/uploads/2025/09/09_Yamuna-Sky-600x403.jpg.webp 81410 total MB 152.6
ASSET OK https://yamunabuilders.com/wp-content/uploads/2025/09/09_Yamuna-Sky-768x432.jpg.webp 108648 total MB 152.7
ASSET OK https://yamunabuilders.com/wp-content/uploads/2025/09/09_Yamuna-Sky-800x800.jpg.webp 215560 total MB 152.9
ASSET OK https://yamunabuilders.com/wp-content/uploads/2025/09/09_Yamuna-Sky-900x604.jpg.webp 180222 total MB 153.1
ASSET OK https://yamunabuilders.com/wp-content/uploads/2025/09/09_Yamuna-Sky-scaled.jpg 254009 total MB 153.4
ASSET OK https://yamunabuilders.com/wp-content/uploads/2025/09/09_Yamuna-Sky-scaled.jpg.webp 1212426 total MB 154.6
ASSET OK https://yamunabuilders.com/wp-content/uploads/2025/09/09_Yamuna-Sky.jpg 297800 total MB 154.9
ASSET OK https://yamunabuilders.com/wp-content/uploads/2025/09/10_Yamuna-Sky_Swiming_Pool_Podium-scaled.webp 362032 total MB 155.2
ASSET 404 https://yamunabuilders.com/wp-content/uploads/2025/09/10_Yamuna-Sky_Swiming_Pool_Podium.webp
ASSET OK https://yamunabuilders.com/wp-content/uploads/2025/09/12_Yamuna-Sky_51st-floor-terrace.webp 185602 total MB 155.4
ASSET OK https://yamunabuilders.com/wp-content/uploads/2025/09/1st-and-2nd-floor-plan-scaled.webp 68300 total MB 155.5
ASSET OK https://yamunabuilders.com/wp-content/uploads/2025/09/1st-and-2nd-floor-plan.webp 82466 total MB 155.6
ASSET OK https://yamunabuilders.com/wp-content/uploads/2025/09/2_Sea-Facing-Front-Elevation_1.webp 96672 total MB 155.7
ASSET OK https://yamunabuilders.com/wp-content/uploads/2025/09/33rd-floor-plan-scaled.webp 60568 total MB 155.7
ASSET OK https://yamunabuilders.com/wp-content/uploads/2025/09/33rd-floor-plan.webp 74112 total MB 155.8
ASSET OK https://yamunabuilders.com/wp-content/uploads/2025/09/34th-floor-plan-scaled.webp 54808 total MB 155.8
ASSET OK https://yamunabuilders.com/wp-content/uploads/2025/09/34th-floor-plan.webp 69074 total MB 155.9
ASSET OK https://yamunabuilders.com/wp-content/uploads/2025/09/35th-42nd-scaled.webp 56628 total MB 156.0
ASSET OK https://yamunabuilders.com/wp-content/uploads/2025/09/35th-42nd.webp 72146 total MB 156.0
ASSET OK https://yamunabuilders.com/wp-content/uploads/2025/09/43-44th_F1-scaled.webp 41382 total MB 156.1
ASSET OK https://yamunabuilders.com/wp-content/uploads/2025/09/43-44th_F1.webp 50528 total MB 156.1
ASSET OK https://yamunabuilders.com/wp-content/uploads/2025/09/43-44th_F2-scaled.webp 42120 total MB 156.2
ASSET OK https://yamunabuilders.com/wp-content/uploads/2025/09/43-44th_F2.webp 51200 total MB 156.2
ASSET OK https://yamunabuilders.com/wp-content/uploads/2025/09/43-44th_F3-scaled.webp 50102 total MB 156.3
ASSET OK https://yamunabuilders.com/wp-content/uploads/2025/09/43-44th_F3.webp 60936 total MB 156.3
ASSET OK https://yamunabuilders.com/wp-content/uploads/2025/09/43rd-duplex-lower-floor-plan-scaled.webp 56686 total MB 156.4
ASSET OK https://yamunabuilders.com/wp-content/uploads/2025/09/43rd-duplex-lower-floor-plan.webp 71326 total MB 156.5
ASSET OK https://yamunabuilders.com/wp-content/uploads/2025/09/444.webp 58286 total MB 156.5
ASSET OK https://yamunabuilders.com/wp-content/uploads/2025/09/44th-duplex-upper-floor-plan-scaled.webp 54954 total MB 156.6
ASSET OK https://yamunabuilders.com/wp-content/uploads/2025/09/44th-duplex-upper-floor-plan.webp 69716 total MB 156.7
ASSET OK https://yamunabuilders.com/wp-content/uploads/2025/09/45th-50th-floor-plan-scaled.webp 57594 total MB 156.7
ASSET OK https://yamunabuilders.com/wp-content/uploads/2025/09/45th-50th-floor-plan.webp 73300 total MB 156.8
ASSET OK https://yamunabuilders.com/wp-content/uploads/2025/09/4f7e695b-f1fb-4d6d-8fb4-84f8ebc219c7.webp 139602 total MB 156.9
ASSET OK https://yamunabuilders.com/wp-content/uploads/2025/09/51st-floor-plan-scaled.webp 55830 total MB 157.0
ASSET OK https://yamunabuilders.com/wp-content/uploads/2025/09/51st-floor-plan.webp 71070 total MB 157.0
ASSET OK https://yamunabuilders.com/wp-content/uploads/2025/09/52nd-floor-plan-scaled.webp 53692 total MB 157.1
ASSET OK https://yamunabuilders.com/wp-content/uploads/2025/09/52nd-floor-plan.webp 67806 total MB 157.2
ASSET OK https://yamunabuilders.com/wp-content/uploads/2025/09/53-60_F1-scaled.webp 57002 total MB 157.2
ASSET OK https://yamunabuilders.com/wp-content/uploads/2025/09/53-60_F1.webp 70632 total MB 157.3
ASSET OK https://yamunabuilders.com/wp-content/uploads/2025/09/53rd-60th-floor-plan-scaled.webp 58084 total MB 157.4
ASSET OK https://yamunabuilders.com/wp-content/uploads/2025/09/53rd-60th-floor-plan.webp 88852 total MB 157.4
ASSET OK https://yamunabuilders.com/wp-content/uploads/2025/09/5917063816_1738811676720.webp 206410 total MB 157.7
ASSET OK https://yamunabuilders.com/wp-content/uploads/2025/09/7df39fea-929d-4b86-a3c4-a80e7b1ddbcc.mp4 11912008 total MB 169.6
ASSET OK https://yamunabuilders.com/wp-content/uploads/2025/09/8_BALCONY-SHOT_1-scaled.webp 36708 total MB 169.6
ASSET OK https://yamunabuilders.com/wp-content/uploads/2025/09/8_BALCONY-SHOT_1.webp 44606 total MB 169.6
ASSET OK https://yamunabuilders.com/wp-content/uploads/2025/09/F.F-Pour-1-slab-shuttering-photos-1.webp 134846 total MB 169.8
ASSET OK https://yamunabuilders.com/wp-content/uploads/2025/09/F.F-Pour-1-slab-shuttering-photos-4.webp 197728 total MB 170.0
ASSET OK https://yamunabuilders.com/wp-content/uploads/2025/09/F.F-lobby-East-side-Flat-slab-2.webp 114326 total MB 170.1
ASSET OK https://yamunabuilders.com/wp-content/uploads/2025/09/F1-1-scaled.webp 38162 total MB 170.1
ASSET OK https://yamunabuilders.com/wp-content/uploads/2025/09/F1-1.webp 45362 total MB 170.2
ASSET OK https://yamunabuilders.com/wp-content/uploads/2025/09/F1-2-scaled.webp 36674 total MB 170.2
ASSET OK https://yamunabuilders.com/wp-content/uploads/2025/09/F1-2.webp 42858 total MB 170.3
ASSET OK https://yamunabuilders.com/wp-content/uploads/2025/09/F1-3-scaled.webp 38424 total MB 170.3
ASSET OK https://yamunabuilders.com/wp-content/uploads/2025/09/F1-3.webp 46758 total MB 170.3
ASSET OK https://yamunabuilders.com/wp-content/uploads/2025/09/F1-4-scaled.webp 39372 total MB 170.4
ASSET OK https://yamunabuilders.com/wp-content/uploads/2025/09/F1-4.webp 45834 total MB 170.4
ASSET OK https://yamunabuilders.com/wp-content/uploads/2025/09/F1-5-scaled.webp 39142 total MB 170.5
ASSET OK https://yamunabuilders.com/wp-content/uploads/2025/09/F1-5.webp 45614 total MB 170.5
ASSET OK https://yamunabuilders.com/wp-content/uploads/2025/09/F1-6-scaled.webp 46698 total MB 170.6
ASSET OK https://yamunabuilders.com/wp-content/uploads/2025/09/F1-6.webp 56860 total MB 170.6
ASSET OK https://yamunabuilders.com/wp-content/uploads/2025/09/F1-scaled.webp 46092 total MB 170.7
ASSET 404 https://yamunabuilders.com/wp-content/uploads/2025/09/F1.webp
ASSET OK https://yamunabuilders.com/wp-content/uploads/2025/09/F2-1-scaled.webp 43728 total MB 170.7
ASSET OK https://yamunabuilders.com/wp-content/uploads/2025/09/F2-1.webp 49868 total MB 170.8
ASSET OK https://yamunabuilders.com/wp-content/uploads/2025/09/F2-2-scaled.webp 34390 total MB 170.8
ASSET OK https://yamunabuilders.com/wp-content/uploads/2025/09/F2-2.webp 41240 total MB 170.8
ASSET OK https://yamunabuilders.com/wp-content/uploads/2025/09/F2-3-scaled.webp 37030 total MB 170.9
ASSET OK https://yamunabuilders.com/wp-content/uploads/2025/09/F2-3.webp 43762 total MB 170.9
ASSET OK https://yamunabuilders.com/wp-content/uploads/2025/09/F2-4-scaled.webp 35450 total MB 170.9
ASSET OK https://yamunabuilders.com/wp-content/uploads/2025/09/F2-4.webp 43112 total MB 171.0
ASSET OK https://yamunabuilders.com/wp-content/uploads/2025/09/F2-5-scaled.webp 35224 total MB 171.0
ASSET OK https://yamunabuilders.com/wp-content/uploads/2025/09/F2-5.webp 40940 total MB 171.1
ASSET OK https://yamunabuilders.com/wp-content/uploads/2025/09/F2-scaled.webp 47726 total MB 171.1
ASSET OK https://yamunabuilders.com/wp-content/uploads/2025/09/F2.webp 56742 total MB 171.2
ASSET OK https://yamunabuilders.com/wp-content/uploads/2025/09/F3-1-scaled.webp 43446 total MB 171.2
ASSET OK https://yamunabuilders.com/wp-content/uploads/2025/09/F3-1.webp 50830 total MB 171.3
ASSET OK https://yamunabuilders.com/wp-content/uploads/2025/09/F3-2-scaled.webp 41040 total MB 171.3
ASSET OK https://yamunabuilders.com/wp-content/uploads/2025/09/F3-2.webp 48888 total MB 171.4
ASSET OK https://yamunabuilders.com/wp-content/uploads/2025/09/F3-3-scaled.webp 41040 total MB 171.4
ASSET OK https://yamunabuilders.com/wp-content/uploads/2025/09/F3-3.webp 48888 total MB 171.4
ASSET OK https://yamunabuilders.com/wp-content/uploads/2025/09/F3-scaled.webp 46702 total MB 171.5
ASSET OK https://yamunabuilders.com/wp-content/uploads/2025/09/F3.webp 56106 total MB 171.5
ASSET OK https://yamunabuilders.com/wp-content/uploads/2025/09/F4-1-scaled.webp 37630 total MB 171.6
ASSET OK https://yamunabuilders.com/wp-content/uploads/2025/09/F4-1.webp 44570 total MB 171.6
ASSET OK https://yamunabuilders.com/wp-content/uploads/2025/09/F4-scaled.webp 43098 total MB 171.7
ASSET OK https://yamunabuilders.com/wp-content/uploads/2025/09/F4.webp 50446 total MB 171.7
ASSET OK https://yamunabuilders.com/wp-content/uploads/2025/09/F5-scaled.webp 42406 total MB 171.8
ASSET OK https://yamunabuilders.com/wp-content/uploads/2025/09/F5.webp 51380 total MB 171.8
ASSET OK https://yamunabuilders.com/wp-content/uploads/2025/09/F6-scaled.webp 43800 total MB 171.9
ASSET OK https://yamunabuilders.com/wp-content/uploads/2025/09/F6.webp 52414 total MB 171.9
ASSET OK https://yamunabuilders.com/wp-content/uploads/2025/09/F7-scaled.webp 48246 total MB 172.0
ASSET OK https://yamunabuilders.com/wp-content/uploads/2025/09/F7.webp 58238 total MB 172.0
ASSET OK https://yamunabuilders.com/wp-content/uploads/2025/09/F8-scaled.webp 42072 total MB 172.1
ASSET OK https://yamunabuilders.com/wp-content/uploads/2025/09/F8.webp 49674 total MB 172.1
ASSET OK https://yamunabuilders.com/wp-content/uploads/2025/09/IMG-20250206-WA0033.webp 157602 total MB 172.3
ASSET OK https://yamunabuilders.com/wp-content/uploads/2025/09/IMG-20250221-WA0001.webp 217496 total MB 172.5
ASSET OK https://yamunabuilders.com/wp-content/uploads/2025/09/IMG20250205235440-scaled.webp 253784 total MB 172.7
ASSET OK https://yamunabuilders.com/wp-content/uploads/2025/09/IMG20250205235440.webp 291914 total MB 173.0
ASSET OK https://yamunabuilders.com/wp-content/uploads/2025/09/IMG20250206053246-scaled.webp 209606 total MB 173.2
ASSET OK https://yamunabuilders.com/wp-content/uploads/2025/09/IMG20250206053246.webp 241400 total MB 173.5
ASSET OK https://yamunabuilders.com/wp-content/uploads/2025/09/IMG20250314130108-scaled.webp 367354 total MB 173.8
ASSET 404 https://yamunabuilders.com/wp-content/uploads/2025/09/IMG20250314130108.webp
ASSET OK https://yamunabuilders.com/wp-content/uploads/2025/09/IMG20250314130224-scaled.webp 463004 total MB 174.3
ASSET 404 https://yamunabuilders.com/wp-content/uploads/2025/09/IMG20250314130224.webp
ASSET OK https://yamunabuilders.com/wp-content/uploads/2025/09/IMG20250318182315-scaled.webp 329028 total MB 174.6
ASSET 404 https://yamunabuilders.com/wp-content/uploads/2025/09/IMG20250318182315.webp
ASSET OK https://yamunabuilders.com/wp-content/uploads/2025/09/IMG20250318182325-scaled.webp 300572 total MB 174.9
ASSET 404 https://yamunabuilders.com/wp-content/uploads/2025/09/IMG20250318182325.webp
ASSET OK https://yamunabuilders.com/wp-content/uploads/2025/09/IMG20250318183518-scaled.webp 441764 total MB 175.4
ASSET 404 https://yamunabuilders.com/wp-content/uploads/2025/09/IMG20250318183518.webp
ASSET OK https://yamunabuilders.com/wp-content/uploads/2025/09/IMG20250327173218-scaled.webp 323790 total MB 175.7
ASSET 404 https://yamunabuilders.com/wp-content/uploads/2025/09/IMG20250327173218.webp
ASSET OK https://yamunabuilders.com/wp-content/uploads/2025/09/IMG20250327173341-scaled.webp 318006 total MB 176.0
ASSET 404 https://yamunabuilders.com/wp-content/uploads/2025/09/IMG20250327173341.webp
ASSET OK https://yamunabuilders.com/wp-content/uploads/2025/09/IMG20250327174155-scaled.webp 343870 total MB 176.4
ASSET 404 https://yamunabuilders.com/wp-content/uploads/2025/09/IMG20250327174155.webp
ASSET OK https://yamunabuilders.com/wp-content/uploads/2025/09/LOBBY-.webp 54874 total MB 176.4
ASSET OK https://yamunabuilders.com/wp-content/uploads/2025/09/LOBBY2.webp 54492 total MB 176.5
ASSET OK https://yamunabuilders.com/wp-content/uploads/2025/09/PWELL_R7-5-2-1-scaled.webp 212224 total MB 176.7
ASSET OK https://yamunabuilders.com/wp-content/uploads/2025/09/PWELL_R7-5-2-1.webp 193350 total MB 176.9
ASSET OK https://yamunabuilders.com/wp-content/uploads/2025/09/PWELL_R7-5-2-2-scaled.webp 212582 total MB 177.1
ASSET OK https://yamunabuilders.com/wp-content/uploads/2025/09/PWELL_R7-5-2-2.webp 193350 total MB 177.3
ASSET OK https://yamunabuilders.com/wp-content/uploads/2025/09/PWELL_R7-5-2.webp 199544 total MB 177.5
ASSET OK https://yamunabuilders.com/wp-content/uploads/2025/09/Shear-Wall-concrete-work.webp 133322 total MB 177.6
ASSET OK https://yamunabuilders.com/wp-content/uploads/2025/09/Site-2.webp 91592 total MB 177.7
ASSET OK https://yamunabuilders.com/wp-content/uploads/2025/09/Site-look-1-2025-08-12.webp 114006 total MB 177.8
ASSET OK https://yamunabuilders.com/wp-content/uploads/2025/09/Site.webp 113986 total MB 177.9
ASSET OK https://yamunabuilders.com/wp-content/uploads/2025/09/Terrace-floor-plan-scaled.webp 61450 total MB 178.0
ASSET OK https://yamunabuilders.com/wp-content/uploads/2025/09/Terrace-floor-plan.webp 94380 total MB 178.1
ASSET OK https://yamunabuilders.com/wp-content/uploads/2025/09/Untitled-design-43.webp 36204 total MB 178.1
ASSET OK https://yamunabuilders.com/wp-content/uploads/2025/09/WhatsApp-Image-2025-06-07-at-12.13.40_a1e58a5a-scaled.webp 348778 total MB 178.5
ASSET 404 https://yamunabuilders.com/wp-content/uploads/2025/09/WhatsApp-Image-2025-06-07-at-12.13.40_a1e58a5a.webp
ASSET OK https://yamunabuilders.com/wp-content/uploads/2025/09/WhatsApp-Image-2025-07-22-at-11.25.12_465c85be-scaled.webp 86468 total MB 178.6
ASSET OK https://yamunabuilders.com/wp-content/uploads/2025/09/WhatsApp-Image-2025-07-22-at-11.25.12_465c85be.webp 83500 total MB 178.7
ASSET OK https://yamunabuilders.com/wp-content/uploads/2025/09/WhatsApp-Image-2025-09-02-at-11.41.00-AM.webp 181090 total MB 178.8
ASSET OK https://yamunabuilders.com/wp-content/uploads/2025/09/WhatsApp-Image-2025-09-02-at-11.41.01-AM-1.webp 173900 total MB 179.0
ASSET OK https://yamunabuilders.com/wp-content/uploads/2025/09/WhatsApp-Image-2025-09-02-at-11.41.01-AM-2.webp 148464 total MB 179.2
ASSET OK https://yamunabuilders.com/wp-content/uploads/2025/09/WhatsApp-Image-2025-09-02-at-11.41.01-AM.webp 107396 total MB 179.3
ASSET OK https://yamunabuilders.com/wp-content/uploads/2025/09/WhatsApp-Image-2025-09-02-at-11.41.02-AM-1.webp 207102 total MB 179.5
ASSET OK https://yamunabuilders.com/wp-content/uploads/2025/09/WhatsApp-Image-2025-09-02-at-11.41.02-AM.webp 204668 total MB 179.7
ASSET OK https://yamunabuilders.com/wp-content/uploads/2025/09/WhatsApp-Image-2025-09-02-at-11.42.09-AM-1.webp 176478 total MB 179.9
ASSET OK https://yamunabuilders.com/wp-content/uploads/2025/09/WhatsApp-Image-2025-09-02-at-11.42.09-AM.webp 209848 total MB 180.1
ASSET OK https://yamunabuilders.com/wp-content/uploads/2025/09/WhatsApp-Image-2025-09-02-at-11.50.12-AM-1.webp 64890 total MB 180.1
ASSET OK https://yamunabuilders.com/wp-content/uploads/2025/09/WhatsApp-Image-2025-09-02-at-11.50.12-AM.webp 162840 total MB 180.3
ASSET OK https://yamunabuilders.com/wp-content/uploads/2025/09/WhatsApp-Image-2025-09-02-at-11.50.13-AM-1.webp 117362 total MB 180.4
ASSET OK https://yamunabuilders.com/wp-content/uploads/2025/09/WhatsApp-Image-2025-09-02-at-11.50.13-AM-2.webp 89382 total MB 180.5
ASSET OK https://yamunabuilders.com/wp-content/uploads/2025/09/WhatsApp-Image-2025-09-02-at-11.50.13-AM.webp 104650 total MB 180.6
ASSET OK https://yamunabuilders.com/wp-content/uploads/2025/09/YAMUNA_LOBBY_02.webp 50546 total MB 180.7
ASSET OK https://yamunabuilders.com/wp-content/uploads/2025/09/Yamuna_Lobby_012.webp 83066 total MB 180.7
ASSET OK https://yamunabuilders.com/wp-content/uploads/2025/09/b582ed8d-d3ab-4730-ae8c-28cc28e2b615.webp 114006 total MB 180.8
ASSET OK https://yamunabuilders.com/wp-content/uploads/2025/09/books_17769390.webp 2408 total MB 180.9
ASSET OK https://yamunabuilders.com/wp-content/uploads/2025/09/c29764af-71af-4904-972e-8f66ed6abb09.webp 162614 total MB 181.0
ASSET OK https://yamunabuilders.com/wp-content/uploads/2025/09/ground-floor-plan-scaled.webp 62024 total MB 181.1
ASSET OK https://yamunabuilders.com/wp-content/uploads/2025/09/ground-floor-plan.webp 68440 total MB 181.1
ASSET OK https://yamunabuilders.com/wp-content/uploads/2025/09/landmark-alt_9239316.webp 922 total MB 181.1
ASSET OK https://yamunabuilders.com/wp-content/uploads/2025/09/sky-city-logo.webp 53548 total MB 181.2
ASSET OK https://yamunabuilders.com/wp-content/uploads/2025/09/third-floor-plan-scaled.webp 55312 total MB 181.3
ASSET OK https://yamunabuilders.com/wp-content/uploads/2025/09/third-floor-plan.webp 69228 total MB 181.3
ASSET OK https://yamunabuilders.com/wp-content/uploads/2025/09/untitled-0-8.webp 183764 total MB 181.5
ASSET OK https://yamunabuilders.com/wp-content/uploads/2025/10/Floor-Plan_ISO_-02-scaled.webp 86928 total MB 181.6
ASSET OK https://yamunabuilders.com/wp-content/uploads/2025/10/Floor-Plan_ISO_-02.webp 112232 total MB 181.7
ASSET OK https://yamunabuilders.com/wp-content/uploads/2025/10/Floor-Plan_ISO_-03-scaled.webp 72720 total MB 181.8
ASSET OK https://yamunabuilders.com/wp-content/uploads/2025/10/Floor-Plan_ISO_-03.webp 87838 total MB 181.9
ASSET OK https://yamunabuilders.com/wp-content/uploads/2025/10/Floor-Plan_ISO_-04-1-scaled.webp 94322 total MB 182.0
ASSET OK https://yamunabuilders.com/wp-content/uploads/2025/10/Floor-Plan_ISO_-04-1.webp 121768 total MB 182.1
ASSET OK https://yamunabuilders.com/wp-content/uploads/2025/10/Floor-Plan_ISO_-04-scaled.webp 94322 total MB 182.2
ASSET OK https://yamunabuilders.com/wp-content/uploads/2025/10/Floor-Plan_ISO_-04.webp 121768 total MB 182.3
ASSET OK https://yamunabuilders.com/wp-content/uploads/2025/10/Floor-Plan_ISO_-05-1-scaled.webp 65430 total MB 182.4
ASSET OK https://yamunabuilders.com/wp-content/uploads/2025/10/Floor-Plan_ISO_-05-1.webp 81340 total MB 182.4
ASSET OK https://yamunabuilders.com/wp-content/uploads/2025/10/Floor-Plan_ISO_-05-scaled.webp 65248 total MB 182.5
ASSET OK https://yamunabuilders.com/wp-content/uploads/2025/10/Floor-Plan_ISO_-05.webp 81340 total MB 182.6
ASSET OK https://yamunabuilders.com/wp-content/uploads/2025/10/Floor-Plan_ISO_-06-scaled.webp 50234 total MB 182.6
ASSET OK https://yamunabuilders.com/wp-content/uploads/2025/10/Floor-Plan_ISO_-06.webp 59890 total MB 182.7
ASSET OK https://yamunabuilders.com/wp-content/uploads/2025/10/Floor-Plan_ISO_-07-scaled.webp 56296 total MB 182.8
ASSET OK https://yamunabuilders.com/wp-content/uploads/2025/10/Floor-Plan_ISO_-07.webp 70212 total MB 182.8
ASSET OK https://yamunabuilders.com/wp-content/uploads/2025/10/Floor-Plan_ISO_-08-scaled.webp 49262 total MB 182.9
ASSET OK https://yamunabuilders.com/wp-content/uploads/2025/10/Floor-Plan_ISO_-08.webp 59974 total MB 182.9
ASSET OK https://yamunabuilders.com/wp-content/uploads/2025/10/Floor-Plan_ISO_-09-scaled.webp 44964 total MB 183.0
ASSET OK https://yamunabuilders.com/wp-content/uploads/2025/10/Floor-Plan_ISO_-09.webp 54784 total MB 183.0
ASSET OK https://yamunabuilders.com/wp-content/uploads/2025/10/Floor-Plan_ISO_-10-scaled.webp 45874 total MB 183.1
ASSET OK https://yamunabuilders.com/wp-content/uploads/2025/10/Floor-Plan_ISO_-10.webp 54962 total MB 183.1
ASSET OK https://yamunabuilders.com/wp-content/uploads/2025/10/Floor-Plan_ISO_-11-scaled.webp 47858 total MB 183.2
ASSET OK https://yamunabuilders.com/wp-content/uploads/2025/10/Floor-Plan_ISO_-11.webp 58472 total MB 183.2
ASSET OK https://yamunabuilders.com/wp-content/uploads/2025/10/Floor-Plan_ISO_-12-scaled.webp 52210 total MB 183.3
ASSET OK https://yamunabuilders.com/wp-content/uploads/2025/10/Floor-Plan_ISO_-12.webp 63898 total MB 183.4
ASSET OK https://yamunabuilders.com/wp-content/uploads/2025/10/Floor-Plan_ISO_-13-scaled.webp 47060 total MB 183.4
ASSET OK https://yamunabuilders.com/wp-content/uploads/2025/10/Floor-Plan_ISO_-13.webp 56260 total MB 183.5
ASSET OK https://yamunabuilders.com/wp-content/uploads/2025/10/Floor-Plan_ISO_-14-scaled.webp 64328 total MB 183.5
ASSET OK https://yamunabuilders.com/wp-content/uploads/2025/10/Floor-Plan_ISO_-14.webp 79390 total MB 183.6
ASSET OK https://yamunabuilders.com/wp-content/uploads/2025/10/Floor-Plan_ISO_-15-scaled.webp 39590 total MB 183.6
ASSET OK https://yamunabuilders.com/wp-content/uploads/2025/10/Floor-Plan_ISO_-15.webp 48744 total MB 183.7
ASSET OK https://yamunabuilders.com/wp-content/uploads/2025/10/Floor-Plan_ISO_-16-scaled.webp 46168 total MB 183.7
ASSET OK https://yamunabuilders.com/wp-content/uploads/2025/10/Floor-Plan_ISO_-16.webp 55966 total MB 183.8
ASSET OK https://yamunabuilders.com/wp-content/uploads/2025/10/Floor-Plan_ISO_-17-scaled.webp 46374 total MB 183.8
ASSET OK https://yamunabuilders.com/wp-content/uploads/2025/10/Floor-Plan_ISO_-17.webp 56866 total MB 183.9
ASSET OK https://yamunabuilders.com/wp-content/uploads/2025/10/Floor-Plan_ISO_-18-scaled.webp 39582 total MB 183.9
ASSET OK https://yamunabuilders.com/wp-content/uploads/2025/10/Floor-Plan_ISO_-18.webp 47818 total MB 184.0
ASSET OK https://yamunabuilders.com/wp-content/uploads/2025/10/Floor-Plan_ISO_-19-scaled.webp 58344 total MB 184.0
ASSET OK https://yamunabuilders.com/wp-content/uploads/2025/10/Floor-Plan_ISO_-19.webp 72764 total MB 184.1
ASSET OK https://yamunabuilders.com/wp-content/uploads/2025/10/Floor-Plan_ISO_-20-scaled.webp 38686 total MB 184.2
ASSET OK https://yamunabuilders.com/wp-content/uploads/2025/10/Floor-Plan_ISO_-20.webp 48192 total MB 184.2
ASSET OK https://yamunabuilders.com/wp-content/uploads/2025/10/Floor-Plan_ISO_-21-scaled.webp 35972 total MB 184.2
ASSET OK https://yamunabuilders.com/wp-content/uploads/2025/10/Floor-Plan_ISO_-21.webp 44370 total MB 184.3
ASSET OK https://yamunabuilders.com/wp-content/uploads/2025/10/Floor-Plan_ISO_-22-scaled.webp 60116 total MB 184.3
ASSET OK https://yamunabuilders.com/wp-content/uploads/2025/10/Floor-Plan_ISO_-22.webp 75840 total MB 184.4
ASSET OK https://yamunabuilders.com/wp-content/uploads/2025/10/Floor-Plan_ISO_-23-scaled.webp 44352 total MB 184.5
ASSET OK https://yamunabuilders.com/wp-content/uploads/2025/10/Floor-Plan_ISO_-23.webp 53784 total MB 184.5
ASSET OK https://yamunabuilders.com/wp-content/uploads/2025/10/Floor-Plan_ISO_-24-scaled.webp 38694 total MB 184.6
ASSET OK https://yamunabuilders.com/wp-content/uploads/2025/10/Floor-Plan_ISO_-24.webp 47674 total MB 184.6
ASSET OK https://yamunabuilders.com/wp-content/uploads/2025/10/Floor-Plan_ISO_-25-scaled.webp 43578 total MB 184.7
ASSET OK https://yamunabuilders.com/wp-content/uploads/2025/10/Floor-Plan_ISO_-25.webp 53288 total MB 184.7
ASSET OK https://yamunabuilders.com/wp-content/uploads/2025/10/Floor-Plan_ISO_-26-scaled.webp 59678 total MB 184.8
ASSET OK https://yamunabuilders.com/wp-content/uploads/2025/10/Floor-Plan_ISO_-26.webp 75766 total MB 184.8
ASSET OK https://yamunabuilders.com/wp-content/uploads/2025/10/Floor-Plan_ISO_-27-scaled.webp 59268 total MB 184.9
ASSET OK https://yamunabuilders.com/wp-content/uploads/2025/10/Floor-Plan_ISO_-27.webp 74466 total MB 185.0
ASSET OK https://yamunabuilders.com/wp-content/uploads/2025/10/Floor-Plan_ISO_-28-scaled.webp 40394 total MB 185.0
ASSET OK https://yamunabuilders.com/wp-content/uploads/2025/10/Floor-Plan_ISO_-28.webp 49578 total MB 185.1
ASSET OK https://yamunabuilders.com/wp-content/uploads/2025/10/Floor-Plan_ISO_-29-scaled.webp 36070 total MB 185.1
ASSET OK https://yamunabuilders.com/wp-content/uploads/2025/10/Floor-Plan_ISO_-29.webp 44564 total MB 185.1
ASSET OK https://yamunabuilders.com/wp-content/uploads/2025/10/Floor-Plan_ISO_-30-scaled.webp 39198 total MB 185.2
ASSET OK https://yamunabuilders.com/wp-content/uploads/2025/10/Floor-Plan_ISO_-30.webp 48582 total MB 185.2
ASSET OK https://yamunabuilders.com/wp-content/uploads/2025/10/Floor-Plan_ISO_-31-scaled.webp 61684 total MB 185.3
ASSET OK https://yamunabuilders.com/wp-content/uploads/2025/10/Floor-Plan_ISO_-31.webp 77040 total MB 185.4
ASSET OK https://yamunabuilders.com/wp-content/uploads/2025/10/Floor-Plan_ISO_-32-scaled.webp 42044 total MB 185.4
ASSET OK https://yamunabuilders.com/wp-content/uploads/2025/10/Floor-Plan_ISO_-32.webp 50886 total MB 185.5
ASSET OK https://yamunabuilders.com/wp-content/uploads/2025/10/Floor-Plan_ISO_-33-scaled.webp 38948 total MB 185.5
ASSET OK https://yamunabuilders.com/wp-content/uploads/2025/10/Floor-Plan_ISO_-33.webp 48066 total MB 185.6
ASSET OK https://yamunabuilders.com/wp-content/uploads/2025/10/Floor-Plan_ISO_-34-scaled.webp 59400 total MB 185.6
ASSET OK https://yamunabuilders.com/wp-content/uploads/2025/10/Floor-Plan_ISO_-34.webp 73932 total MB 185.7
ASSET OK https://yamunabuilders.com/wp-content/uploads/2025/10/Floor-Plan_ISO_-35-scaled.webp 40404 total MB 185.7
ASSET OK https://yamunabuilders.com/wp-content/uploads/2025/10/Floor-Plan_ISO_-35.webp 48882 total MB 185.8
ASSET OK https://yamunabuilders.com/wp-content/uploads/2025/10/Floor-Plan_ISO_-36-scaled.webp 35720 total MB 185.8
ASSET OK https://yamunabuilders.com/wp-content/uploads/2025/10/Floor-Plan_ISO_-36.webp 43450 total MB 185.9
ASSET OK https://yamunabuilders.com/wp-content/uploads/2025/10/Floor-Plan_ISO_-37-scaled.webp 57306 total MB 185.9
ASSET OK https://yamunabuilders.com/wp-content/uploads/2025/10/Floor-Plan_ISO_-37.webp 72208 total MB 186.0
ASSET OK https://yamunabuilders.com/wp-content/uploads/2025/10/Floor-Plan_ISO_-38-scaled.webp 49234 total MB 186.0
ASSET OK https://yamunabuilders.com/wp-content/uploads/2025/10/Floor-Plan_ISO_-38.webp 61026 total MB 186.1
ASSET OK https://yamunabuilders.com/wp-content/uploads/2025/10/Floor-Plan_ISO_-39-scaled.webp 61400 total MB 186.2
ASSET OK https://yamunabuilders.com/wp-content/uploads/2025/10/Floor-Plan_ISO_-39.webp 77170 total MB 186.2
ASSET OK https://yamunabuilders.com/wp-content/uploads/2025/10/Floor-Plan_ISO_-40-scaled.webp 60368 total MB 186.3
ASSET OK https://yamunabuilders.com/wp-content/uploads/2025/10/Floor-Plan_ISO_-40.webp 75078 total MB 186.4
ASSET OK https://yamunabuilders.com/wp-content/uploads/2025/10/Floor-Plan_ISO_-41-scaled.webp 68010 total MB 186.4
ASSET OK https://yamunabuilders.com/wp-content/uploads/2025/10/Floor-Plan_ISO_-41.webp 86356 total MB 186.5
ASSET OK https://yamunabuilders.com/wp-content/uploads/2025/10/Screenshot-2025-10-03-141313.webp 51552 total MB 186.6
ASSET OK https://yamunabuilders.com/wp-content/uploads/2025/10/Screenshot-2025-10-03-141422.webp 52424 total MB 186.6
ASSET OK https://yamunabuilders.com/wp-content/uploads/2025/10/Screenshot-2025-10-03-141611.webp 37426 total MB 186.7
ASSET OK https://yamunabuilders.com/wp-content/uploads/2025/10/Screenshot-2025-10-03-141806.webp 51544 total MB 186.7
ASSET OK https://yamunabuilders.com/wp-content/uploads/2025/10/YSC_Brochure_3-pdf.webp 17950 total MB 186.7
ASSET OK https://yamunabuilders.com/wp-content/uploads/2025/10/YSC_Brochure_3.pdf 8743877 total MB 195.5
ASSET OK https://yamunabuilders.com/wp-content/uploads/2025/10/vlcsnap-2025-10-27-19h29m16s823.webp 178406 total MB 195.7
ASSET OK https://yamunabuilders.com/wp-content/uploads/2025/11/2413-from-coastal-charm-to-modern-luxury-the-new-face-of-mangalores-real-estate-scene-001-scaled.webp 321262 total MB 196.0
ASSET 404 https://yamunabuilders.com/wp-content/uploads/2025/11/2413-from-coastal-charm-to-modern-luxury-the-new-face-of-mangalores-real-estate-scene-001.webp
ASSET OK https://yamunabuilders.com/wp-content/uploads/2025/11/2413-from-coastal-charm-to-modern-luxury-the-new-face-of-mangalores-real-estate-scene-002-scaled.webp 249482 total MB 196.2
ASSET 404 https://yamunabuilders.com/wp-content/uploads/2025/11/2413-from-coastal-charm-to-modern-luxury-the-new-face-of-mangalores-real-estate-scene-002.webp
ASSET OK https://yamunabuilders.com/wp-content/uploads/2025/11/2413-from-coastal-charm-to-modern-luxury-the-new-face-of-mangalores-real-estate-scene-003-scaled.webp 337576 total MB 196.6
ASSET 404 https://yamunabuilders.com/wp-content/uploads/2025/11/2413-from-coastal-charm-to-modern-luxury-the-new-face-of-mangalores-real-estate-scene-003.webp
ASSET OK https://yamunabuilders.com/wp-content/uploads/2025/11/Project-view-RHS-pour-2-area-on-24-09-25.webp 199874 total MB 196.8
ASSET OK https://yamunabuilders.com/wp-content/uploads/2025/11/Project-view-from-entrance-gate-1.-Copy.webp 99050 total MB 196.9
ASSET OK https://yamunabuilders.com/wp-content/uploads/2025/11/Project-view-from-entrance-gate-3.-Copy.webp 119284 total MB 197.0
ASSET OK https://yamunabuilders.com/wp-content/uploads/2025/11/Screenshot-2025-11-07-141157.webp 84288 total MB 197.1
ASSET OK https://yamunabuilders.com/wp-content/uploads/2025/11/Screenshot-2025-11-07-180912.webp 63036 total MB 197.1
ASSET OK https://yamunabuilders.com/wp-content/uploads/2025/11/Screenshot-2025-11-07-181329.webp 61028 total MB 197.2
ASSET OK https://yamunabuilders.com/wp-content/uploads/2025/11/Screenshot-2025-11-28-151622.webp 42768 total MB 197.2
ASSET OK https://yamunabuilders.com/wp-content/uploads/2025/11/Screenshot-2025-11-28-151707.webp 52462 total MB 197.3
ASSET OK https://yamunabuilders.com/wp-content/uploads/2025/11/View-from-site-office-as-on-25-09-25.webp 102044 total MB 197.4
ASSET OK https://yamunabuilders.com/wp-content/uploads/2025/11/WhatsApp-Image-2025-10-04-at-12.57.20-PM.webp 174672 total MB 197.6
ASSET OK https://yamunabuilders.com/wp-content/uploads/2025/11/WhatsApp-Image-2025-10-10-at-9.12.32-AM-1.webp 147898 total MB 197.7
ASSET OK https://yamunabuilders.com/wp-content/uploads/2025/11/WhatsApp-Image-2025-10-11-at-12.12.38-PM.webp 84198 total MB 197.8
ASSET OK https://yamunabuilders.com/wp-content/uploads/2025/11/WhatsApp-Image-2025-10-13-at-5.06.26-PM-1.webp 66980 total MB 197.9
ASSET OK https://yamunabuilders.com/wp-content/uploads/2025/11/WhatsApp-Image-2025-11-12-at-7.38.06-PM.webp 217916 total MB 198.1
ASSET OK https://yamunabuilders.com/wp-content/uploads/2025/11/WhatsApp-Image-2025-11-17-at-9.29.50-AM.webp 122226 total MB 198.2
ASSET OK https://yamunabuilders.com/wp-content/uploads/2025/11/WhatsApp-Image-2025-11-25-at-11.41.39-AM.webp 157612 total MB 198.4
ASSET OK https://yamunabuilders.com/wp-content/uploads/2025/11/WhatsApp-Image-2025-11-25-at-11.41.41-AM-1-e1764066454642.webp 142582 total MB 198.5
ASSET 404 https://yamunabuilders.com/wp-content/uploads/2025/11/WhatsApp-Image-2025-11-25-at-11.41.41-AM-1.webp
ASSET OK https://yamunabuilders.com/wp-content/uploads/2025/11/WhatsApp-Image-2025-11-28-at-4.03.56-PM.webp 72052 total MB 198.6
ASSET OK https://yamunabuilders.com/wp-content/uploads/2025/11/aerial-shot-hong-kong-night-scaled.webp 373286 total MB 198.9
ASSET 404 https://yamunabuilders.com/wp-content/uploads/2025/11/aerial-shot-hong-kong-night.webp
ASSET OK https://yamunabuilders.com/wp-content/uploads/2025/11/beautiful-view-mangalore-cityline-karnataka-india-scaled.webp 95780 total MB 199.0
ASSET OK https://yamunabuilders.com/wp-content/uploads/2025/11/beautiful-view-mangalore-cityline-karnataka-india.webp 95504 total MB 199.1
ASSET OK https://yamunabuilders.com/wp-content/uploads/2025/11/business-growth-concept-scaled.webp 114078 total MB 199.3
ASSET OK https://yamunabuilders.com/wp-content/uploads/2025/11/business-growth-concept.webp 168024 total MB 199.4
ASSET OK https://yamunabuilders.com/wp-content/uploads/2025/11/businessman-analyzing-growth-charts-with-coins-tree-scaled.webp 99862 total MB 199.5
ASSET OK https://yamunabuilders.com/wp-content/uploads/2025/11/businessman-analyzing-growth-charts-with-coins-tree.webp 96184 total MB 199.6
ASSET OK https://yamunabuilders.com/wp-content/uploads/2025/11/finance-money-transaction-technology-concept-uds-scaled.webp 124662 total MB 199.7
ASSET OK https://yamunabuilders.com/wp-content/uploads/2025/11/finance-money-transaction-technology-concept-uds.webp 188662 total MB 199.9
ASSET OK https://yamunabuilders.com/wp-content/uploads/2025/11/graphic-hand-with-city-background-scaled.webp 58816 total MB 200.0
ASSET OK https://yamunabuilders.com/wp-content/uploads/2025/11/graphic-hand-with-city-background.webp 86514 total MB 200.1
ASSET OK https://yamunabuilders.com/wp-content/uploads/2025/11/real-estate-investment-marketing-analysis-stack-coins-with-graph-business-growth-planning-increase-profits-doing-business-concept-business-prosperity-asset-management-scaled.webp 48052 total MB 200.1
ASSET OK https://yamunabuilders.com/wp-content/uploads/2025/11/real-estate-investment-marketing-analysis-stack-coins-with-graph-business-growth-planning-increase-profits-doing-business-concept-business-prosperity-asset-management.webp 61716 total MB 200.2
ASSET OK https://yamunabuilders.com/wp-content/uploads/2025/12/awputp.webp 30452 total MB 200.2
ASSET OK https://yamunabuilders.com/wp-content/uploads/2025/12/ghbnmrknk.webp 94990 total MB 200.3
ASSET OK https://yamunabuilders.com/wp-content/uploads/2025/12/nfx-1.webp 68528 total MB 200.4
ASSET OK https://yamunabuilders.com/wp-content/uploads/2025/12/sdfbg.webp 97868 total MB 200.5
ASSET OK https://yamunabuilders.com/wp-content/uploads/2025/12/sdfg-1.webp 169892 total MB 200.6
ASSET OK https://yamunabuilders.com/wp-content/uploads/2026/01/1309-progress-work-121.webp 213274 total MB 200.9
ASSET OK https://yamunabuilders.com/wp-content/uploads/2026/01/2562-are-flats-in-mangalore-a-smart-investment-in-2026-001.webp 54660 total MB 200.9
ASSET OK https://yamunabuilders.com/wp-content/uploads/2026/01/2562-are-flats-in-mangalore-a-smart-investment-in-2026-002.webp 244046 total MB 201.2
ASSET OK https://yamunabuilders.com/wp-content/uploads/2026/01/2582-what-makes-yamuna-homes-different-from-other-builders-in-mangalore-001.webp 15220 total MB 201.2
ASSET OK https://yamunabuilders.com/wp-content/uploads/2026/01/2582-what-makes-yamuna-homes-different-from-other-builders-in-mangalore-002-scaled.webp 425304 total MB 201.6
ASSET 404 https://yamunabuilders.com/wp-content/uploads/2026/01/2582-what-makes-yamuna-homes-different-from-other-builders-in-mangalore-002.webp
ASSET OK https://yamunabuilders.com/wp-content/uploads/2026/01/2582-what-makes-yamuna-homes-different-from-other-builders-in-mangalore-003-scaled.webp 183214 total MB 201.8
ASSET 404 https://yamunabuilders.com/wp-content/uploads/2026/01/2582-what-makes-yamuna-homes-different-from-other-builders-in-mangalore-003.webp
ASSET OK https://yamunabuilders.com/wp-content/uploads/2026/01/2582-what-makes-yamuna-homes-different-from-other-builders-in-mangalore-004-scaled.webp 386460 total MB 202.2
ASSET 404 https://yamunabuilders.com/wp-content/uploads/2026/01/2582-what-makes-yamuna-homes-different-from-other-builders-in-mangalore-004.webp
ASSET OK https://yamunabuilders.com/wp-content/uploads/2026/01/2582-what-makes-yamuna-homes-different-from-other-builders-in-mangalore-005-scaled.webp 261698 total MB 202.4
ASSET 404 https://yamunabuilders.com/wp-content/uploads/2026/01/2582-what-makes-yamuna-homes-different-from-other-builders-in-mangalore-005.webp
ASSET OK https://yamunabuilders.com/wp-content/uploads/2026/01/2582-what-makes-yamuna-homes-different-from-other-builders-in-mangalore-006-scaled.webp 313966 total MB 202.7
ASSET 404 https://yamunabuilders.com/wp-content/uploads/2026/01/2582-what-makes-yamuna-homes-different-from-other-builders-in-mangalore-006.webp
ASSET OK https://yamunabuilders.com/wp-content/uploads/2026/01/2582-what-makes-yamuna-homes-different-from-other-builders-in-mangalore-007-scaled.webp 348902 total MB 203.1
ASSET 404 https://yamunabuilders.com/wp-content/uploads/2026/01/2582-what-makes-yamuna-homes-different-from-other-builders-in-mangalore-007.webp
ASSET OK https://yamunabuilders.com/wp-content/uploads/2026/01/WhatsApp-Image-2026-01-04-at-4.04.02-PM-1.webp 129144 total MB 203.2
ASSET OK https://yamunabuilders.com/wp-content/uploads/2026/01/WhatsApp-Image-2026-01-04-at-4.04.02-PM-2.webp 138554 total MB 203.4
ASSET OK https://yamunabuilders.com/wp-content/uploads/2026/01/WhatsApp-Image-2026-01-04-at-4.04.02-PM.webp 145130 total MB 203.5
ASSET OK https://yamunabuilders.com/wp-content/uploads/2026/01/WhatsApp-Image-2026-01-04-at-4.04.03-PM-1.webp 49928 total MB 203.6
ASSET OK https://yamunabuilders.com/wp-content/uploads/2026/01/WhatsApp-Image-2026-01-04-at-4.04.03-PM-2.webp 61434 total MB 203.6
ASSET OK https://yamunabuilders.com/wp-content/uploads/2026/01/WhatsApp-Image-2026-01-04-at-4.04.03-PM.webp 148512 total MB 203.8
ASSET OK https://yamunabuilders.com/wp-content/uploads/2026/01/WhatsApp-Image-2026-01-04-at-4.04.48-PM.webp 103696 total MB 203.9
ASSET OK https://yamunabuilders.com/wp-content/uploads/2026/02/1309-progress-work-122.webp 239900 total MB 204.1
ASSET OK https://yamunabuilders.com/wp-content/uploads/2026/02/1309-progress-work-123.webp 181190 total MB 204.3
ASSET OK https://yamunabuilders.com/wp-content/uploads/2026/02/1309-progress-work-124.webp 207702 total MB 204.5
ASSET OK https://yamunabuilders.com/wp-content/uploads/2026/02/1309-progress-work-125.webp 189700 total MB 204.7
ASSET OK https://yamunabuilders.com/wp-content/uploads/2026/02/2596-why-mangalore-is-becoming-a-preferred-city-for-apartment-living-001-scaled.webp 153784 total MB 204.8
ASSET 404 https://yamunabuilders.com/wp-content/uploads/2026/02/2596-why-mangalore-is-becoming-a-preferred-city-for-apartment-living-001.webp
ASSET OK https://yamunabuilders.com/wp-content/uploads/2026/02/2596-why-mangalore-is-becoming-a-preferred-city-for-apartment-living-002-scaled.webp 299088 total MB 205.1
ASSET 404 https://yamunabuilders.com/wp-content/uploads/2026/02/2596-why-mangalore-is-becoming-a-preferred-city-for-apartment-living-002.webp
ASSET OK https://yamunabuilders.com/wp-content/uploads/2026/02/2596-why-mangalore-is-becoming-a-preferred-city-for-apartment-living-003-scaled.webp 208362 total MB 205.3
ASSET 404 https://yamunabuilders.com/wp-content/uploads/2026/02/2596-why-mangalore-is-becoming-a-preferred-city-for-apartment-living-003.webp
ASSET OK https://yamunabuilders.com/wp-content/uploads/2026/02/2596-why-mangalore-is-becoming-a-preferred-city-for-apartment-living-004-scaled.webp 455788 total MB 205.8
ASSET 404 https://yamunabuilders.com/wp-content/uploads/2026/02/2596-why-mangalore-is-becoming-a-preferred-city-for-apartment-living-004.webp
ASSET OK https://yamunabuilders.com/wp-content/uploads/2026/02/2596-why-mangalore-is-becoming-a-preferred-city-for-apartment-living-005-scaled.webp 718612 total MB 206.5
ASSET 404 https://yamunabuilders.com/wp-content/uploads/2026/02/2596-why-mangalore-is-becoming-a-preferred-city-for-apartment-living-005.webp
ASSET OK https://yamunabuilders.com/wp-content/uploads/2026/02/2621-living-between-the-city-and-the-sea-how-mangalore-is-redefining-sea-view-apartment-living-001-scaled.webp 463144 total MB 207.0
ASSET 404 https://yamunabuilders.com/wp-content/uploads/2026/02/2621-living-between-the-city-and-the-sea-how-mangalore-is-redefining-sea-view-apartment-living-001.webp
ASSET OK https://yamunabuilders.com/wp-content/uploads/2026/02/2621-living-between-the-city-and-the-sea-how-mangalore-is-redefining-sea-view-apartment-living-002-scaled.webp 270854 total MB 207.3
ASSET 404 https://yamunabuilders.com/wp-content/uploads/2026/02/2621-living-between-the-city-and-the-sea-how-mangalore-is-redefining-sea-view-apartment-living-002.webp
ASSET OK https://yamunabuilders.com/wp-content/uploads/2026/02/2630-a-detailed-guide-to-residential-apartments-in-mangalore-and-what-buyers-should-evaluate-before-deciding-001-scaled.webp 341810 total MB 207.6
ASSET 404 https://yamunabuilders.com/wp-content/uploads/2026/02/2630-a-detailed-guide-to-residential-apartments-in-mangalore-and-what-buyers-should-evaluate-before-deciding-001.webp
ASSET OK https://yamunabuilders.com/wp-content/uploads/2026/02/2630-a-detailed-guide-to-residential-apartments-in-mangalore-and-what-buyers-should-evaluate-before-deciding-002-scaled.webp 346316 total MB 207.9
ASSET 404 https://yamunabuilders.com/wp-content/uploads/2026/02/2630-a-detailed-guide-to-residential-apartments-in-mangalore-and-what-buyers-should-evaluate-before-deciding-002.webp
ASSET OK https://yamunabuilders.com/wp-content/uploads/2026/02/2630-a-detailed-guide-to-residential-apartments-in-mangalore-and-what-buyers-should-evaluate-before-deciding-003-scaled.webp 368804 total MB 208.3
ASSET 404 https://yamunabuilders.com/wp-content/uploads/2026/02/2630-a-detailed-guide-to-residential-apartments-in-mangalore-and-what-buyers-should-evaluate-before-deciding-003.webp
ASSET OK https://yamunabuilders.com/wp-content/uploads/2026/02/2642-how-mangalores-growing-infrastructure-is-changing-where-people-live-001-scaled.webp 504958 total MB 208.8
ASSET 404 https://yamunabuilders.com/wp-content/uploads/2026/02/2642-how-mangalores-growing-infrastructure-is-changing-where-people-live-001.webp
ASSET OK https://yamunabuilders.com/wp-content/uploads/2026/03/1309-progress-work-126.webp 232450 total MB 209.1
ASSET OK https://yamunabuilders.com/wp-content/uploads/2026/03/1309-progress-work-127.webp 168094 total MB 209.2
ASSET OK https://yamunabuilders.com/wp-content/uploads/2026/03/1309-progress-work-128.webp 201370 total MB 209.4
ASSET OK https://yamunabuilders.com/wp-content/uploads/2026/03/1309-progress-work-129.webp 226140 total MB 209.6
ASSET OK https://yamunabuilders.com/wp-content/uploads/2026/03/1309-progress-work-130.webp 228290 total MB 209.9
ASSET OK https://yamunabuilders.com/wp-content/uploads/2026/03/1309-progress-work-131.webp 201782 total MB 210.1
ASSET OK https://yamunabuilders.com/wp-content/uploads/2026/03/1309-progress-work-132.webp 188586 total MB 210.3
ASSET OK https://yamunabuilders.com/wp-content/uploads/2026/03/1309-progress-work-133.webp 226140 total MB 210.5
ASSET OK https://yamunabuilders.com/wp-content/uploads/2026/03/1309-progress-work-134.webp 143760 total MB 210.6
ASSET OK https://yamunabuilders.com/wp-content/uploads/2026/03/1309-progress-work-135-e1775282155325.webp 194098 total MB 210.8
ASSET 404 https://yamunabuilders.com/wp-content/uploads/2026/03/1309-progress-work-135.webp
ASSET OK https://yamunabuilders.com/wp-content/uploads/2026/03/1309-progress-work-136.webp 48442 total MB 210.9
ASSET OK https://yamunabuilders.com/wp-content/uploads/2026/03/1309-progress-work-137.webp 154068 total MB 211.0
ASSET OK https://yamunabuilders.com/wp-content/uploads/2026/03/1309-progress-work-138.webp 137374 total MB 211.2
ASSET OK https://yamunabuilders.com/wp-content/uploads/2026/03/1309-progress-work-139.webp 430636 total MB 211.6
ASSET OK https://yamunabuilders.com/wp-content/uploads/2026/03/2656-beyond-bangalore-how-karnatakas-new-sustainability-push-is-reshaping-real-estate-and-urban-growth-001.webp 306640 total MB 211.9
ASSET OK https://yamunabuilders.com/wp-content/uploads/2026/03/2656-beyond-bangalore-how-karnatakas-new-sustainability-push-is-reshaping-real-estate-and-urban-growth-002-scaled.webp 800916 total MB 212.7
ASSET 404 https://yamunabuilders.com/wp-content/uploads/2026/03/2656-beyond-bangalore-how-karnatakas-new-sustainability-push-is-reshaping-real-estate-and-urban-growth-002.webp
ASSET SPLIT https://yamunabuilders.com/wp-content/uploads/2026/03/2684-yamuna-kamaldeep-twin-tower-001.mp4 180431551 -> 2 parts
ASSET OK https://yamunabuilders.com/wp-content/uploads/2026/03/2684-yamuna-kamaldeep-twin-tower-001.mp4 180431551 total MB 393.1
ASSET OK https://yamunabuilders.com/wp-content/uploads/2026/03/2684-yamuna-kamaldeep-twin-tower-002.webp 351472 total MB 393.5
ASSET OK https://yamunabuilders.com/wp-content/uploads/2026/03/2684-yamuna-kamaldeep-twin-tower-003.webp 232388 total MB 393.7
ASSET OK https://yamunabuilders.com/wp-content/uploads/2026/03/2684-yamuna-kamaldeep-twin-tower-004-scaled.webp 333180 total MB 394.1
ASSET 404 https://yamunabuilders.com/wp-content/uploads/2026/03/2684-yamuna-kamaldeep-twin-tower-004.webp
ASSET OK https://yamunabuilders.com/wp-content/uploads/2026/03/2728-why-now-is-the-right-time-to-invest-in-mangalores-fast-developing-residential-locations-001-scaled.webp 373110 total MB 394.4
ASSET 404 https://yamunabuilders.com/wp-content/uploads/2026/03/2728-why-now-is-the-right-time-to-invest-in-mangalores-fast-developing-residential-locations-001.webp
ASSET OK https://yamunabuilders.com/wp-content/uploads/2026/03/2728-why-now-is-the-right-time-to-invest-in-mangalores-fast-developing-residential-locations-002-scaled.webp 133488 total MB 394.6
ASSET 404 https://yamunabuilders.com/wp-content/uploads/2026/03/2728-why-now-is-the-right-time-to-invest-in-mangalores-fast-developing-residential-locations-002.webp
ASSET OK https://yamunabuilders.com/wp-content/uploads/2026/03/2728-why-now-is-the-right-time-to-invest-in-mangalores-fast-developing-residential-locations-003-scaled.webp 364808 total MB 394.9
ASSET 404 https://yamunabuilders.com/wp-content/uploads/2026/03/2728-why-now-is-the-right-time-to-invest-in-mangalores-fast-developing-residential-locations-003.webp
ASSET OK https://yamunabuilders.com/wp-content/uploads/2026/03/2737-what-makes-mangalore-one-of-karnatakas-most-livable-coastal-cities-001-scaled.webp 463144 total MB 395.4
ASSET 404 https://yamunabuilders.com/wp-content/uploads/2026/03/2737-what-makes-mangalore-one-of-karnatakas-most-livable-coastal-cities-001.webp
ASSET OK https://yamunabuilders.com/wp-content/uploads/2026/03/2737-what-makes-mangalore-one-of-karnatakas-most-livable-coastal-cities-002-scaled.webp 71620 total MB 395.5
ASSET 404 https://yamunabuilders.com/wp-content/uploads/2026/03/2737-what-makes-mangalore-one-of-karnatakas-most-livable-coastal-cities-002.webp
ASSET OK https://yamunabuilders.com/wp-content/uploads/2026/03/2753-introducing-yamuna-kamaldeep-twin-tower-a-new-landmark-designed-to-elevate-modern-living-in-mangalore-001-scaled.webp 156076 total MB 395.6
ASSET 404 https://yamunabuilders.com/wp-content/uploads/2026/03/2753-introducing-yamuna-kamaldeep-twin-tower-a-new-landmark-designed-to-elevate-modern-living-in-mangalore-001.webp
ASSET OK https://yamunabuilders.com/wp-content/uploads/2026/03/2753-introducing-yamuna-kamaldeep-twin-tower-a-new-landmark-designed-to-elevate-modern-living-in-mangalore-002-scaled.webp 201186 total MB 395.8
ASSET 404 https://yamunabuilders.com/wp-content/uploads/2026/03/2753-introducing-yamuna-kamaldeep-twin-tower-a-new-landmark-designed-to-elevate-modern-living-in-mangalore-002.webp
ASSET OK https://yamunabuilders.com/wp-content/uploads/2026/03/2753-introducing-yamuna-kamaldeep-twin-tower-a-new-landmark-designed-to-elevate-modern-living-in-mangalore-003-scaled.webp 170248 total MB 396.0
ASSET 404 https://yamunabuilders.com/wp-content/uploads/2026/03/2753-introducing-yamuna-kamaldeep-twin-tower-a-new-landmark-designed-to-elevate-modern-living-in-mangalore-003.webp
ASSET OK https://yamunabuilders.com/wp-content/uploads/2026/03/2753-introducing-yamuna-kamaldeep-twin-tower-a-new-landmark-designed-to-elevate-modern-living-in-mangalore-004-scaled.webp 210388 total MB 396.2
ASSET 404 https://yamunabuilders.com/wp-content/uploads/2026/03/2753-introducing-yamuna-kamaldeep-twin-tower-a-new-landmark-designed-to-elevate-modern-living-in-mangalore-004.webp
ASSET OK https://yamunabuilders.com/wp-content/uploads/2026/04/2766-how-nris-can-book-an-apartment-in-mangalore-without-visiting-india-001-scaled.webp 204704 total MB 396.4
ASSET 404 https://yamunabuilders.com/wp-content/uploads/2026/04/2766-how-nris-can-book-an-apartment-in-mangalore-without-visiting-india-001.webp
ASSET OK https://yamunabuilders.com/wp-content/uploads/2026/04/2766-how-nris-can-book-an-apartment-in-mangalore-without-visiting-india-002-scaled.webp 153542 total MB 396.6
ASSET 404 https://yamunabuilders.com/wp-content/uploads/2026/04/2766-how-nris-can-book-an-apartment-in-mangalore-without-visiting-india-002.webp
ASSET OK https://yamunabuilders.com/wp-content/uploads/2026/04/2766-how-nris-can-book-an-apartment-in-mangalore-without-visiting-india-003-scaled.webp 105408 total MB 396.7
ASSET 404 https://yamunabuilders.com/wp-content/uploads/2026/04/2766-how-nris-can-book-an-apartment-in-mangalore-without-visiting-india-003.webp
ASSET OK https://yamunabuilders.com/wp-content/uploads/2026/04/2766-how-nris-can-book-an-apartment-in-mangalore-without-visiting-india-004-scaled.webp 112460 total MB 396.8
ASSET 404 https://yamunabuilders.com/wp-content/uploads/2026/04/2766-how-nris-can-book-an-apartment-in-mangalore-without-visiting-india-004.webp
ASSET OK https://yamunabuilders.com/wp-content/uploads/2026/04/2774-sky-city-brochure-001.webp 40060 total MB 396.8
ASSET OK https://yamunabuilders.com/wp-content/uploads/2026/04/2774-sky-city-brochure-002.webp 40060 total MB 396.9
ASSET OK https://yamunabuilders.com/wp-content/uploads/2026/04/2774-sky-city-brochure-april-003-scaled.webp 622314 total MB 397.5
ASSET 404 https://yamunabuilders.com/wp-content/uploads/2026/04/2774-sky-city-brochure-april-003.webp
ASSET OK https://yamunabuilders.com/wp-content/uploads/2026/04/2774-sky-city-brochure-april-004-scaled.webp 212370 total MB 397.7
ASSET 404 https://yamunabuilders.com/wp-content/uploads/2026/04/2774-sky-city-brochure-april-004.webp
ASSET OK https://yamunabuilders.com/wp-content/uploads/2026/04/2774-sky-city-brochure-april-005-scaled.webp 165666 total MB 397.9
ASSET 404 https://yamunabuilders.com/wp-content/uploads/2026/04/2774-sky-city-brochure-april-005.webp
ASSET OK https://yamunabuilders.com/wp-content/uploads/2026/04/2774-sky-city-brochure-april-006-scaled.webp 112624 total MB 398.0
ASSET 404 https://yamunabuilders.com/wp-content/uploads/2026/04/2774-sky-city-brochure-april-006.webp
ASSET OK https://yamunabuilders.com/wp-content/uploads/2026/04/2774-sky-city-brochure-april-007-scaled.webp 441696 total MB 398.4
ASSET 404 https://yamunabuilders.com/wp-content/uploads/2026/04/2774-sky-city-brochure-april-007.webp
ASSET OK https://yamunabuilders.com/wp-content/uploads/2026/04/2774-sky-city-brochure-april-008-scaled.webp 214208 total MB 398.6
ASSET 404 https://yamunabuilders.com/wp-content/uploads/2026/04/2774-sky-city-brochure-april-008.webp
ASSET OK https://yamunabuilders.com/wp-content/uploads/2026/04/2774-sky-city-brochure-april-009-scaled.webp 266686 total MB 398.9
ASSET 404 https://yamunabuilders.com/wp-content/uploads/2026/04/2774-sky-city-brochure-april-009.webp
ASSET OK https://yamunabuilders.com/wp-content/uploads/2026/04/2774-sky-city-brochure-april-010-scaled.webp 131606 total MB 399.0
ASSET 404 https://yamunabuilders.com/wp-content/uploads/2026/04/2774-sky-city-brochure-april-010.webp
ASSET OK https://yamunabuilders.com/wp-content/uploads/2026/04/2774-sky-city-brochure-april-011-scaled.webp 167372 total MB 399.2
ASSET 404 https://yamunabuilders.com/wp-content/uploads/2026/04/2774-sky-city-brochure-april-011.webp
ASSET OK https://yamunabuilders.com/wp-content/uploads/2026/04/2774-sky-city-brochure-april-012-scaled.webp 167372 total MB 399.4
ASSET 404 https://yamunabuilders.com/wp-content/uploads/2026/04/2774-sky-city-brochure-april-012.webp
ASSET OK https://yamunabuilders.com/wp-content/uploads/2026/04/2774-sky-city-brochure-april-013.webp 228406 total MB 399.6
ASSET OK https://yamunabuilders.com/wp-content/uploads/2026/04/2774-sky-city-brochure-april-014-scaled.webp 205896 total MB 399.8
ASSET 404 https://yamunabuilders.com/wp-content/uploads/2026/04/2774-sky-city-brochure-april-014.webp
ASSET OK https://yamunabuilders.com/wp-content/uploads/2026/04/2774-sky-city-brochure-april-015-scaled.webp 213740 total MB 400.0
ASSET 404 https://yamunabuilders.com/wp-content/uploads/2026/04/2774-sky-city-brochure-april-015.webp
ASSET OK https://yamunabuilders.com/wp-content/uploads/2026/04/2774-sky-city-brochure-april-016-scaled.webp 213850 total MB 400.2
ASSET 404 https://yamunabuilders.com/wp-content/uploads/2026/04/2774-sky-city-brochure-april-016.webp
ASSET OK https://yamunabuilders.com/wp-content/uploads/2026/04/2774-sky-city-brochure-april-017.webp 19114 total MB 400.2
ASSET OK https://yamunabuilders.com/wp-content/uploads/2026/04/2774-sky-city-brochure-april-018.webp 34974 total MB 400.3
ASSET OK https://yamunabuilders.com/wp-content/uploads/2026/04/2774-sky-city-brochure-april-019.webp 17340 total MB 400.3
ASSET SPLIT https://yamunabuilders.com/wp-content/uploads/2026/04/2774-sky-city-digital-brochure-020.mp4 139209374 -> 2 parts
ASSET OK https://yamunabuilders.com/wp-content/uploads/2026/04/2774-sky-city-digital-brochure-020.mp4 139209374 total MB 539.5
ASSET OK https://yamunabuilders.com/wp-content/uploads/2026/04/2857-what-is-rera-and-why-it-matters-when-buying-a-flat-in-mangalore-001-scaled.webp 186434 total MB 539.7
ASSET 404 https://yamunabuilders.com/wp-content/uploads/2026/04/2857-what-is-rera-and-why-it-matters-when-buying-a-flat-in-mangalore-001.webp
ASSET OK https://yamunabuilders.com/wp-content/uploads/2026/04/2857-what-is-rera-and-why-it-matters-when-buying-a-flat-in-mangalore-002-scaled.webp 119366 total MB 539.8
ASSET 404 https://yamunabuilders.com/wp-content/uploads/2026/04/2857-what-is-rera-and-why-it-matters-when-buying-a-flat-in-mangalore-002.webp
ASSET OK https://yamunabuilders.com/wp-content/uploads/2026/04/2857-what-is-rera-and-why-it-matters-when-buying-a-flat-in-mangalore-003-scaled.webp 101272 total MB 539.9
ASSET 404 https://yamunabuilders.com/wp-content/uploads/2026/04/2857-what-is-rera-and-why-it-matters-when-buying-a-flat-in-mangalore-003.webp
ASSET OK https://yamunabuilders.com/wp-content/uploads/2026/04/2865-mangalores-next-wave-of-growth-the-rise-of-upcoming-high-rise-apartments-001-scaled.webp 222338 total MB 540.1
ASSET 404 https://yamunabuilders.com/wp-content/uploads/2026/04/2865-mangalores-next-wave-of-growth-the-rise-of-upcoming-high-rise-apartments-001.webp
ASSET OK https://yamunabuilders.com/wp-content/uploads/2026/04/2865-mangalores-next-wave-of-growth-the-rise-of-upcoming-high-rise-apartments-002-scaled.webp 192804 total MB 540.3
ASSET 404 https://yamunabuilders.com/wp-content/uploads/2026/04/2865-mangalores-next-wave-of-growth-the-rise-of-upcoming-high-rise-apartments-002.webp
ASSET OK https://yamunabuilders.com/wp-content/uploads/2026/04/2888-sky-city-digital-brochure-new-001-scaled.webp 569716 total MB 540.9
ASSET 404 https://yamunabuilders.com/wp-content/uploads/2026/04/2888-sky-city-digital-brochure-new-001.webp
ASSET OK https://yamunabuilders.com/wp-content/uploads/2026/04/2888-sky-city-digital-brochure-new-002.webp 3810 total MB 540.9
ASSET OK https://yamunabuilders.com/wp-content/uploads/2026/04/2888-sky-city-digital-brochure-new-003.webp 27624 total MB 540.9
ASSET OK https://yamunabuilders.com/wp-content/uploads/2026/04/2888-sky-city-digital-brochure-new-004.webp 24036 total MB 540.9
ASSET OK https://yamunabuilders.com/wp-content/uploads/2026/04/2888-sky-city-digital-brochure-new-005.webp 8972 total MB 541.0
ASSET OK https://yamunabuilders.com/wp-content/uploads/2026/04/2888-sky-city-digital-brochure-new-006.webp 12516 total MB 541.0
ASSET OK https://yamunabuilders.com/wp-content/uploads/2026/04/2888-sky-city-digital-brochure-new-007.webp 11020 total MB 541.0
ASSET OK https://yamunabuilders.com/wp-content/uploads/2026/04/2888-sky-city-digital-brochure-new-008.webp 116524 total MB 541.1
ASSET OK https://yamunabuilders.com/wp-content/uploads/2026/04/2888-sky-city-digital-brochure-new-009-scaled.webp 162938 total MB 541.3
ASSET 404 https://yamunabuilders.com/wp-content/uploads/2026/04/2888-sky-city-digital-brochure-new-009.webp
ASSET OK https://yamunabuilders.com/wp-content/uploads/2026/04/2888-sky-city-digital-brochure-new-010.webp 336070 total MB 541.6
ASSET OK https://yamunabuilders.com/wp-content/uploads/2026/04/2888-sky-city-digital-brochure-new-011.webp 205280 total MB 541.8
ASSET OK https://yamunabuilders.com/wp-content/uploads/2026/04/2888-sky-city-digital-brochure-new-012.webp 365918 total MB 542.2
ASSET OK https://yamunabuilders.com/wp-content/uploads/2026/04/2888-sky-city-digital-brochure-new-013.webp 256032 total MB 542.4
ASSET OK https://yamunabuilders.com/wp-content/uploads/2026/04/2963-dont-just-read-about-it-experience-it-own-the-feeling-as-yamuna-sky-city-opens-its-doors-this-april-25-001-scaled.webp 483816 total MB 542.9
ASSET 404 https://yamunabuilders.com/wp-content/uploads/2026/04/2963-dont-just-read-about-it-experience-it-own-the-feeling-as-yamuna-sky-city-opens-its-doors-this-april-25-001.webp
ASSET OK https://yamunabuilders.com/wp-content/uploads/2026/04/2963-dont-just-read-about-it-experience-it-own-the-feeling-as-yamuna-sky-city-opens-its-doors-this-april-25-002-scaled.webp 459584 total MB 543.4
ASSET 404 https://yamunabuilders.com/wp-content/uploads/2026/04/2963-dont-just-read-about-it-experience-it-own-the-feeling-as-yamuna-sky-city-opens-its-doors-this-april-25-002.webp
ASSET OK https://yamunabuilders.com/wp-content/uploads/2026/04/2963-dont-just-read-about-it-experience-it-own-the-feeling-as-yamuna-sky-city-opens-its-doors-this-april-25-003-scaled.webp 455806 total MB 543.8
ASSET 404 https://yamunabuilders.com/wp-content/uploads/2026/04/2963-dont-just-read-about-it-experience-it-own-the-feeling-as-yamuna-sky-city-opens-its-doors-this-april-25-003.webp
ASSET OK https://yamunabuilders.com/wp-content/uploads/2026/04/2963-dont-just-read-about-it-experience-it-own-the-feeling-as-yamuna-sky-city-opens-its-doors-this-april-25-004.webp 160100 total MB 544.0
ASSET OK https://yamunabuilders.com/wp-content/uploads/2026/04/2963-dont-just-read-about-it-experience-it-own-the-feeling-as-yamuna-sky-city-opens-its-doors-this-april-25-005-scaled.webp 186446 total MB 544.2
ASSET 404 https://yamunabuilders.com/wp-content/uploads/2026/04/2963-dont-just-read-about-it-experience-it-own-the-feeling-as-yamuna-sky-city-opens-its-doors-this-april-25-005.webp
ASSET OK https://yamunabuilders.com/wp-content/uploads/2026/04/2963-dont-just-read-about-it-experience-it-own-the-feeling-as-yamuna-sky-city-opens-its-doors-this-april-25-006-scaled.webp 220548 total MB 544.4
ASSET 404 https://yamunabuilders.com/wp-content/uploads/2026/04/2963-dont-just-read-about-it-experience-it-own-the-feeling-as-yamuna-sky-city-opens-its-doors-this-april-25-006.webp
ASSET OK https://yamunabuilders.com/wp-content/uploads/2026/04/2963-dont-just-read-about-it-experience-it-own-the-feeling-as-yamuna-sky-city-opens-its-doors-this-april-25-007.webp 87990 total MB 544.5
ASSET OK https://yamunabuilders.com/wp-content/uploads/2026/04/2963-dont-just-read-about-it-experience-it-own-the-feeling-as-yamuna-sky-city-opens-its-doors-this-april-25-008.webp 196554 total MB 544.7
ASSET OK https://yamunabuilders.com/wp-content/uploads/2026/04/2988-2-bhk-vs-3-bhk-flats-in-mangalore-which-one-is-right-for-you-001-scaled.webp 284698 total MB 545.0
ASSET 404 https://yamunabuilders.com/wp-content/uploads/2026/04/2988-2-bhk-vs-3-bhk-flats-in-mangalore-which-one-is-right-for-you-001.webp
ASSET OK https://yamunabuilders.com/wp-content/uploads/2026/04/2988-2-bhk-vs-3-bhk-flats-in-mangalore-which-one-is-right-for-you-002-scaled.webp 348902 total MB 545.3
ASSET 404 https://yamunabuilders.com/wp-content/uploads/2026/04/2988-2-bhk-vs-3-bhk-flats-in-mangalore-which-one-is-right-for-you-002.webp
ASSET OK https://yamunabuilders.com/wp-content/uploads/2026/04/2988-2-bhk-vs-3-bhk-flats-in-mangalore-which-one-is-right-for-you-003-scaled.webp 178926 total MB 545.5
ASSET 404 https://yamunabuilders.com/wp-content/uploads/2026/04/2988-2-bhk-vs-3-bhk-flats-in-mangalore-which-one-is-right-for-you-003.webp
ASSET OK https://yamunabuilders.com/wp-content/uploads/2026/04/2988-2-bhk-vs-3-bhk-flats-in-mangalore-which-one-is-right-for-you-004-scaled.webp 499018 total MB 546.0
ASSET 404 https://yamunabuilders.com/wp-content/uploads/2026/04/2988-2-bhk-vs-3-bhk-flats-in-mangalore-which-one-is-right-for-you-004.webp
ASSET OK https://yamunabuilders.com/wp-content/uploads/2026/04/global-225-scaled.webp 318458 total MB 546.3
ASSET 404 https://yamunabuilders.com/wp-content/uploads/2026/04/global-225.webp
ASSET OK https://yamunabuilders.com/wp-content/uploads/2026/04/global-226-scaled.webp 167372 total MB 546.5
ASSET 404 https://yamunabuilders.com/wp-content/uploads/2026/04/global-226.webp
ASSET OK https://yamunabuilders.com/wp-content/uploads/2026/05/3006-10-questions-to-ask-your-builder-before-booking-a-flat-in-mangalore-001-scaled.webp 129678 total MB 546.6
ASSET 404 https://yamunabuilders.com/wp-content/uploads/2026/05/3006-10-questions-to-ask-your-builder-before-booking-a-flat-in-mangalore-001.webp
ASSET OK https://yamunabuilders.com/wp-content/uploads/2026/05/3006-10-questions-to-ask-your-builder-before-booking-a-flat-in-mangalore-002-scaled.webp 78408 total MB 546.7
ASSET 404 https://yamunabuilders.com/wp-content/uploads/2026/05/3006-10-questions-to-ask-your-builder-before-booking-a-flat-in-mangalore-002.webp
ASSET OK https://yamunabuilders.com/wp-content/uploads/2026/05/3006-10-questions-to-ask-your-builder-before-booking-a-flat-in-mangalore-003-scaled.webp 78408 total MB 546.8
ASSET 404 https://yamunabuilders.com/wp-content/uploads/2026/05/3006-10-questions-to-ask-your-builder-before-booking-a-flat-in-mangalore-003.webp
ASSET OK https://yamunabuilders.com/wp-content/uploads/2026/05/3006-10-questions-to-ask-your-builder-before-booking-a-flat-in-mangalore-004-scaled.webp 140332 total MB 546.9
ASSET 404 https://yamunabuilders.com/wp-content/uploads/2026/05/3006-10-questions-to-ask-your-builder-before-booking-a-flat-in-mangalore-004.webp
ASSET OK https://yamunabuilders.com/wp-content/uploads/2026/05/3006-10-questions-to-ask-your-builder-before-booking-a-flat-in-mangalore-005-scaled.webp 80136 total MB 547.0
ASSET 404 https://yamunabuilders.com/wp-content/uploads/2026/05/3006-10-questions-to-ask-your-builder-before-booking-a-flat-in-mangalore-005.webp
ASSET OK https://yamunabuilders.com/wp-content/uploads/2026/05/3017-moving-to-mangalore-heres-what-apartment-living-feels-like-001-scaled.webp 382042 total MB 547.4
ASSET 404 https://yamunabuilders.com/wp-content/uploads/2026/05/3017-moving-to-mangalore-heres-what-apartment-living-feels-like-001.webp
ASSET OK https://yamunabuilders.com/wp-content/uploads/2026/05/3025-why-villas-in-mangalore-are-attracting-investors-from-across-india-001-scaled.webp 154634 total MB 547.5
ASSET 404 https://yamunabuilders.com/wp-content/uploads/2026/05/3025-why-villas-in-mangalore-are-attracting-investors-from-across-india-001.webp
ASSET OK https://yamunabuilders.com/wp-content/uploads/2026/05/3025-why-villas-in-mangalore-are-attracting-investors-from-across-india-002-scaled.webp 926614 total MB 548.4
ASSET 404 https://yamunabuilders.com/wp-content/uploads/2026/05/3025-why-villas-in-mangalore-are-attracting-investors-from-across-india-002.webp
ASSET OK https://yamunabuilders.com/wp-content/uploads/2026/05/3025-why-villas-in-mangalore-are-attracting-investors-from-across-india-003-scaled.webp 628206 total MB 549.1
ASSET 404 https://yamunabuilders.com/wp-content/uploads/2026/05/3025-why-villas-in-mangalore-are-attracting-investors-from-across-india-003.webp
ASSET OK https://yamunabuilders.com/wp-content/uploads/2026/06/3035-renting-vs-buying-a-flat-in-mangalore-city-when-does-it-make-financial-sense-to-own-001-scaled.webp 120100 total MB 549.2
ASSET 404 https://yamunabuilders.com/wp-content/uploads/2026/06/3035-renting-vs-buying-a-flat-in-mangalore-city-when-does-it-make-financial-sense-to-own-001.webp
ASSET OK https://yamunabuilders.com/wp-content/uploads/2026/06/3035-renting-vs-buying-a-flat-in-mangalore-city-when-does-it-make-financial-sense-to-own-002-scaled.webp 87588 total MB 549.3
ASSET 404 https://yamunabuilders.com/wp-content/uploads/2026/06/3035-renting-vs-buying-a-flat-in-mangalore-city-when-does-it-make-financial-sense-to-own-002.webp
ASSET OK https://yamunabuilders.com/wp-content/uploads/2026/06/3035-renting-vs-buying-a-flat-in-mangalore-city-when-does-it-make-financial-sense-to-own-003-scaled.webp 147862 total MB 549.4
ASSET 404 https://yamunabuilders.com/wp-content/uploads/2026/06/3035-renting-vs-buying-a-flat-in-mangalore-city-when-does-it-make-financial-sense-to-own-003.webp
ASSET OK https://yamunabuilders.com/wp-content/uploads/2026/06/3035-renting-vs-buying-a-flat-in-mangalore-city-when-does-it-make-financial-sense-to-own-004-scaled.webp 102966 total MB 549.5
ASSET 404 https://yamunabuilders.com/wp-content/uploads/2026/06/3035-renting-vs-buying-a-flat-in-mangalore-city-when-does-it-make-financial-sense-to-own-004.webp
ASSET OK https://yamunabuilders.com/wp-content/uploads/2026/06/3035-renting-vs-buying-a-flat-in-mangalore-city-when-does-it-make-financial-sense-to-own-005-scaled.webp 115762 total MB 549.6
ASSET 404 https://yamunabuilders.com/wp-content/uploads/2026/06/3035-renting-vs-buying-a-flat-in-mangalore-city-when-does-it-make-financial-sense-to-own-005.webp
ASSET OK https://yamunabuilders.com/wp-content/uploads/2026/06/3051-yamuna-skycity-takes-off-a-landmark-launch-event-in-collaboration-with-lamborghini-001-scaled.webp 306624 total MB 550.0
ASSET 404 https://yamunabuilders.com/wp-content/uploads/2026/06/3051-yamuna-skycity-takes-off-a-landmark-launch-event-in-collaboration-with-lamborghini-001.webp
ASSET OK https://yamunabuilders.com/wp-content/uploads/2026/06/3051-yamuna-skycity-takes-off-a-landmark-launch-event-in-collaboration-with-lamborghini-002-scaled.webp 565356 total MB 550.5
ASSET 404 https://yamunabuilders.com/wp-content/uploads/2026/06/3051-yamuna-skycity-takes-off-a-landmark-launch-event-in-collaboration-with-lamborghini-002.webp
ASSET OK https://yamunabuilders.com/wp-content/uploads/2026/06/3051-yamuna-skycity-takes-off-a-landmark-launch-event-in-collaboration-with-lamborghini-003-scaled.webp 737860 total MB 551.3
ASSET 404 https://yamunabuilders.com/wp-content/uploads/2026/06/3051-yamuna-skycity-takes-off-a-landmark-launch-event-in-collaboration-with-lamborghini-003.webp
ASSET OK https://yamunabuilders.com/wp-content/uploads/2026/06/3051-yamuna-skycity-takes-off-a-landmark-launch-event-in-collaboration-with-lamborghini-004-scaled.webp 363574 total MB 551.6
ASSET 404 https://yamunabuilders.com/wp-content/uploads/2026/06/3051-yamuna-skycity-takes-off-a-landmark-launch-event-in-collaboration-with-lamborghini-004.webp
ASSET OK https://yamunabuilders.com/wp-content/uploads/2026/06/3051-yamuna-skycity-takes-off-a-landmark-launch-event-in-collaboration-with-lamborghini-005-scaled.webp 684388 total MB 552.3
ASSET 404 https://yamunabuilders.com/wp-content/uploads/2026/06/3051-yamuna-skycity-takes-off-a-landmark-launch-event-in-collaboration-with-lamborghini-005.webp
ASSET OK https://yamunabuilders.com/wp-content/uploads/2026/06/3051-yamuna-skycity-takes-off-a-landmark-launch-event-in-collaboration-with-lamborghini-006-scaled.webp 703226 total MB 553.0
ASSET 404 https://yamunabuilders.com/wp-content/uploads/2026/06/3051-yamuna-skycity-takes-off-a-landmark-launch-event-in-collaboration-with-lamborghini-006.webp
ASSET OK https://yamunabuilders.com/wp-content/uploads/2026/06/3051-yamuna-skycity-takes-off-a-landmark-launch-event-in-collaboration-with-lamborghini-007-scaled.webp 942464 total MB 553.9
ASSET 404 https://yamunabuilders.com/wp-content/uploads/2026/06/3051-yamuna-skycity-takes-off-a-landmark-launch-event-in-collaboration-with-lamborghini-007.webp
ASSET OK https://yamunabuilders.com/wp-content/uploads/2026/06/3051-yamuna-skycity-takes-off-a-landmark-launch-event-in-collaboration-with-lamborghini-008-scaled.webp 381860 total MB 554.3
ASSET 404 https://yamunabuilders.com/wp-content/uploads/2026/06/3051-yamuna-skycity-takes-off-a-landmark-launch-event-in-collaboration-with-lamborghini-008.webp
ASSET OK https://yamunabuilders.com/wp-content/uploads/2026/06/3051-yamuna-skycity-takes-off-a-landmark-launch-event-in-collaboration-with-lamborghini-009-scaled.webp 703226 total MB 555.0
ASSET 404 https://yamunabuilders.com/wp-content/uploads/2026/06/3051-yamuna-skycity-takes-off-a-landmark-launch-event-in-collaboration-with-lamborghini-009.webp
ASSET OK https://yamunabuilders.com/wp-content/uploads/2026/06/3051-yamuna-skycity-takes-off-a-landmark-launch-event-in-collaboration-with-lamborghini-010-scaled.webp 509902 total MB 555.5
ASSET 404 https://yamunabuilders.com/wp-content/uploads/2026/06/3051-yamuna-skycity-takes-off-a-landmark-launch-event-in-collaboration-with-lamborghini-010.webp
ASSET OK https://yamunabuilders.com/wp-content/uploads/2026/06/3051-yamuna-skycity-takes-off-a-landmark-launch-event-in-collaboration-with-lamborghini-011-scaled.webp 454754 total MB 556.0
ASSET 404 https://yamunabuilders.com/wp-content/uploads/2026/06/3051-yamuna-skycity-takes-off-a-landmark-launch-event-in-collaboration-with-lamborghini-011.webp
ASSET OK https://yamunabuilders.com/wp-content/uploads/2026/06/3051-yamuna-skycity-takes-off-a-landmark-launch-event-in-collaboration-with-lamborghini-012-scaled.webp 382546 total MB 556.4
ASSET 404 https://yamunabuilders.com/wp-content/uploads/2026/06/3051-yamuna-skycity-takes-off-a-landmark-launch-event-in-collaboration-with-lamborghini-012.webp
ASSET OK https://yamunabuilders.com/wp-content/uploads/2026/06/3076-smart-home-features-now-standard-in-mangalore-apartments-001-scaled.webp 154014 total MB 556.5
ASSET 404 https://yamunabuilders.com/wp-content/uploads/2026/06/3076-smart-home-features-now-standard-in-mangalore-apartments-001.webp
ASSET OK https://yamunabuilders.com/wp-content/uploads/2026/06/3076-smart-home-features-now-standard-in-mangalore-apartments-002.jpg 87821 total MB 556.6
ASSET OK https://yamunabuilders.com/wp-content/uploads/2026/06/3076-smart-home-features-now-standard-in-mangalore-apartments-002.tif 8303194 total MB 564.9
ASSET OK https://yamunabuilders.com/wp-content/uploads/2026/06/3076-smart-home-features-now-standard-in-mangalore-apartments-003.webp 153880 total MB 565.1
ASSET OK https://yamunabuilders.com/wp-content/uploads/2026/06/3076-smart-home-features-now-standard-in-mangalore-apartments-004-scaled.webp 465944 total MB 565.5
ASSET 404 https://yamunabuilders.com/wp-content/uploads/2026/06/3076-smart-home-features-now-standard-in-mangalore-apartments-004.webp
ASSET OK https://yamunabuilders.com/wp-content/uploads/2026/06/3076-smart-home-features-now-standard-in-mangalore-apartments-005-scaled.webp 401604 total MB 565.9
ASSET 404 https://yamunabuilders.com/wp-content/uploads/2026/06/3076-smart-home-features-now-standard-in-mangalore-apartments-005.webp
ASSET OK https://yamunabuilders.com/wp-content/uploads/2026/06/3076-smart-home-features-now-standard-in-mangalore-apartments-006-scaled.webp 401604 total MB 566.3
ASSET 404 https://yamunabuilders.com/wp-content/uploads/2026/06/3076-smart-home-features-now-standard-in-mangalore-apartments-006.webp
ASSET OK https://yamunabuilders.com/wp-content/uploads/2026/06/3076-smart-home-features-now-standard-in-mangalore-apartments-007.webp 135606 total MB 566.5
ASSET OK https://yamunabuilders.com/wp-content/uploads/pum/pum-site-scripts.js?defer&generated=1755286535&ver=1.24.0 70149 total MB 566.6
ASSET OK https://yamunabuilders.com/wp-content/uploads/pum/pum-site-styles.css?generated=1755286535&ver=1.24.0 17594 total MB 566.6
ASSET OK https://yamunabuilders.com/wp-content/uploads/salient/menu-dynamic.css?ver=81492 7706 total MB 566.6
ASSET OK https://yamunabuilders.com/wp-content/uploads/salient/salient-dynamic-styles.css?ver=42938 174334 total MB 566.8
ASSET OK https://yamunabuilders.com/wp-content/uploads/wpmss/wpmss.min.js?ver=1729142828 181 total MB 566.8
ASSET OK https://yamunabuilders.com/wp-content/uploads/wpmss/wpmssab.min.js?ver=1729142828 49 total MB 566.8
ASSET OK https://yamunabuilders.com/wp-includes/js/comment-reply.min.js?ver=7.1 2950 total MB 566.8
ASSET OK https://yamunabuilders.com/wp-includes/js/dist/hooks.min.js?ver=f0f188028580e8dc1255 5107 total MB 566.8
ASSET OK https://yamunabuilders.com/wp-includes/js/dist/i18n.min.js?ver=1dfe7db3940c23ea9216 5791 total MB 566.8
ASSET OK https://yamunabuilders.com/wp-includes/js/jquery/jquery-migrate.min.js?ver=3.4.1 13577 total MB 566.8
ASSET OK https://yamunabuilders.com/wp-includes/js/jquery/jquery.min.js?ver=3.7.1 87553 total MB 566.9
ASSET OK https://yamunabuilders.com/wp-includes/js/jquery/ui/core.min.js?ver=1.14.2 18674 total MB 566.9
ASSET OK https://yamunabuilders.com/wp-content/uploads/2024/12/Favicon-1-100x100.webp 1568 total MB 566.9
ASSET OK https://yamunabuilders.com/wp-content/uploads/2024/12/Favicon-1-140x140.webp 2188 total MB 566.9
ASSET OK https://yamunabuilders.com/wp-content/uploads/2024/12/Favicon-1-350x350.webp 5172 total MB 566.9
ASSET OK https://yamunabuilders.com/wp-content/uploads/2024/12/Favicon-1-400x269.webp 3377 total MB 566.9
ASSET OK https://yamunabuilders.com/wp-content/uploads/2024/12/Favicon-1-500x500.webp 7328 total MB 566.9
ASSET OK https://yamunabuilders.com/wp-content/uploads/2024/12/Favicon-1-500x512.webp 4688 total MB 566.9
ASSET OK https://yamunabuilders.com/wp-content/uploads/2024/12/Favicon-1-512x335.webp 3142 total MB 566.9
ASSET OK https://yamunabuilders.com/wp-content/uploads/2024/12/Favicon-1-512x403.webp 3768 total MB 566.9
ASSET OK https://yamunabuilders.com/wp-content/uploads/2024/12/Favicon-1-512x500.webp 4828 total MB 566.9
ASSET OK https://yamunabuilders.com/wp-content/uploads/2024/12/GRID-scaled-1-1000x500.webp 13046 total MB 566.9
ASSET OK https://yamunabuilders.com/wp-content/uploads/2024/12/GRID-scaled-1-1000x893.webp 5624 total MB 566.9
ASSET OK https://yamunabuilders.com/wp-content/uploads/2024/12/GRID-scaled-1-100x100.webp 575 total MB 566.9
ASSET OK https://yamunabuilders.com/wp-content/uploads/2024/12/GRID-scaled-1-140x140.webp 1519 total MB 566.9
ASSET OK https://yamunabuilders.com/wp-content/uploads/2024/12/GRID-scaled-1-1536x536.webp 4682 total MB 566.9
ASSET OK https://yamunabuilders.com/wp-content/uploads/2024/12/GRID-scaled-1-1870x770.webp 19944 total MB 567.0
ASSET OK https://yamunabuilders.com/wp-content/uploads/2024/12/GRID-scaled-1-2048x714.webp 9810 total MB 567.0
ASSET OK https://yamunabuilders.com/wp-content/uploads/2024/12/GRID-scaled-1-350x350.webp 5245 total MB 567.0
ASSET OK https://yamunabuilders.com/wp-content/uploads/2024/12/GRID-scaled-1-400x269.webp 2760 total MB 567.0
ASSET OK https://yamunabuilders.com/wp-content/uploads/2024/12/GRID-scaled-1-500x500.webp 5786 total MB 567.0
ASSET OK https://yamunabuilders.com/wp-content/uploads/2024/12/GRID-scaled-1-500x893.webp 4427 total MB 567.0
ASSET OK https://yamunabuilders.com/wp-content/uploads/2024/12/GRID-scaled-1-600x403.webp 6362 total MB 567.0
ASSET OK https://yamunabuilders.com/wp-content/uploads/2024/12/GRID-scaled-1-670x335.webp 3272 total MB 567.0
ASSET OK https://yamunabuilders.com/wp-content/uploads/2024/12/GRID-scaled-1-768x268.webp 2360 total MB 567.0
ASSET OK https://yamunabuilders.com/wp-content/uploads/2024/12/GRID-scaled-1-800x800.webp 15439 total MB 567.0
ASSET OK https://yamunabuilders.com/wp-content/uploads/2024/12/GRID-scaled-1-900x600.webp 14952 total MB 567.0
ASSET OK https://yamunabuilders.com/wp-content/uploads/2024/12/GRID-scaled-1-900x604.webp 11709 total MB 567.1
ASSET OK https://yamunabuilders.com/wp-content/uploads/2024/12/YAMUNA_LOGO-140x140.webp 1964 total MB 567.1
ASSET OK https://yamunabuilders.com/wp-content/uploads/2024/12/YAMUNA_LOGO-600x240.webp 5255 total MB 567.1
ASSET OK https://yamunabuilders.com/wp-content/uploads/2024/12/YAMUNA_LOGO-768x230.webp 14814 total MB 567.1
ASSET OK https://yamunabuilders.com/wp-content/uploads/2024/12/YAMUNA_LOGO_WHITE-100x100.webp 1591 total MB 567.1
ASSET OK https://yamunabuilders.com/wp-content/uploads/2024/12/YAMUNA_LOGO_WHITE-140x140.webp 1842 total MB 567.1
ASSET OK https://yamunabuilders.com/wp-content/uploads/2024/12/YAMUNA_LOGO_WHITE-350x240.webp 3256 total MB 567.1
ASSET OK https://yamunabuilders.com/wp-content/uploads/2024/12/YAMUNA_LOGO_WHITE-400x240.webp 3722 total MB 567.1
ASSET OK https://yamunabuilders.com/wp-content/uploads/2024/12/YAMUNA_LOGO_WHITE-500x240.webp 4633 total MB 567.1
ASSET OK https://yamunabuilders.com/wp-content/uploads/2024/12/YAMUNA_LOGO_WHITE-600x240.webp 4758 total MB 567.1
ASSET OK https://yamunabuilders.com/wp-content/uploads/2024/12/YAMUNA_LOGO_WHITE-670x240.webp 5259 total MB 567.1
ASSET OK https://yamunabuilders.com/wp-content/uploads/2024/12/YAMUNA_LOGO_WHITE-768x230.webp 14190 total MB 567.1
ASSET OK https://yamunabuilders.com/wp-content/uploads/2024/12/hand-shake-140x140.webp 3066 total MB 567.1
ASSET OK https://yamunabuilders.com/wp-content/uploads/2024/12/hand-shake-512x403.webp 4274 total MB 567.1
ASSET OK https://yamunabuilders.com/wp-content/uploads/2024/12/residential-140x140.webp 2792 total MB 567.1
ASSET OK https://yamunabuilders.com/wp-content/uploads/2024/12/residential-512x403.webp 4523 total MB 567.1
ASSET OK https://yamunabuilders.com/wp-content/uploads/2024/12/shared-vision-1-140x140.webp 3194 total MB 567.1
ASSET OK https://yamunabuilders.com/wp-content/uploads/2024/12/shared-vision-1-512x403.webp 3574 total MB 567.1
ASSET OK https://yamunabuilders.com/wp-content/uploads/2024/12/yamuna-asha-city-logo-100x94.webp 1615 total MB 567.1
ASSET OK https://yamunabuilders.com/wp-content/uploads/2024/12/yamuna-asha-city-logo-140x94.webp 1890 total MB 567.1
ASSET OK https://yamunabuilders.com/wp-content/uploads/2024/12/yamuna-home-100x94.webp 1711 total MB 567.1
ASSET OK https://yamunabuilders.com/wp-content/uploads/2024/12/yamuna-home-140x94.webp 1944 total MB 567.1
ASSET OK https://yamunabuilders.com/wp-content/uploads/2024/12/yamuna-sky-city-logo-1-100x94.webp 1486 total MB 567.1
ASSET OK https://yamunabuilders.com/wp-content/uploads/2024/12/yamuna-sky-city-logo-1-140x94.webp 1690 total MB 567.1
ASSET OK https://yamunabuilders.com/wp-content/uploads/2025/01/11.1-1080x608.webp 58464 total MB 567.2
ASSET OK https://yamunabuilders.com/wp-content/uploads/2025/01/11.1-140x140.webp 4724 total MB 567.2
ASSET OK https://yamunabuilders.com/wp-content/uploads/2025/01/11.1-600x403.webp 39910 total MB 567.2
ASSET OK https://yamunabuilders.com/wp-content/uploads/2025/01/13-1080x608.webp 61734 total MB 567.3
ASSET OK https://yamunabuilders.com/wp-content/uploads/2025/01/13-140x140.webp 3438 total MB 567.3
ASSET OK https://yamunabuilders.com/wp-content/uploads/2025/01/13-600x403.webp 36698 total MB 567.3
ASSET OK https://yamunabuilders.com/wp-content/uploads/2025/01/5-140x140.webp 10917 total MB 567.4
ASSET OK https://yamunabuilders.com/wp-content/uploads/2025/01/5-2-1080x608.webp 90422 total MB 567.5
ASSET OK https://yamunabuilders.com/wp-content/uploads/2025/01/5-2-140x140.webp 10917 total MB 567.5
ASSET OK https://yamunabuilders.com/wp-content/uploads/2025/01/5-2-600x403.webp 68572 total MB 567.5
ASSET OK https://yamunabuilders.com/wp-content/uploads/2025/01/Core-Barrel-bit-for-Uplift-piles-4.04.2024-140x140.webp 6784 total MB 567.5
ASSET OK https://yamunabuilders.com/wp-content/uploads/2025/01/Core-Barrel-bit-for-Uplift-piles-4.04.2024-600x403.webp 41796 total MB 567.6
ASSET OK https://yamunabuilders.com/wp-content/uploads/2025/01/Core-Barrel-bit-for-Uplift-piles-4.04.2024-812x1080.webp 93088 total MB 567.7
ASSET OK https://yamunabuilders.com/wp-content/uploads/2025/01/Drilling-machine-steel-casing-crane-etc-Dec-2023-1080x810.webp 89096 total MB 567.8
ASSET OK https://yamunabuilders.com/wp-content/uploads/2025/01/Drilling-machine-steel-casing-crane-etc-Dec-2023-140x140.webp 3952 total MB 567.8
ASSET OK https://yamunabuilders.com/wp-content/uploads/2025/01/Drilling-machine-steel-casing-crane-etc-Dec-2023-600x403.webp 43794 total MB 567.8
ASSET OK https://yamunabuilders.com/wp-content/uploads/2025/01/Dynamic-test-for-pile-30.04.2024-140x140.webp 6926 total MB 567.8
ASSET OK https://yamunabuilders.com/wp-content/uploads/2025/01/Dynamic-test-for-pile-30.04.2024-600x403.webp 49310 total MB 567.9
ASSET OK https://yamunabuilders.com/wp-content/uploads/2025/01/Dynamic-test-for-pile-30.04.2024-812x1080.webp 108192 total MB 568.0
ASSET OK https://yamunabuilders.com/wp-content/uploads/2025/01/Dynamic-test-for-piles-01.05.2024-140x140.webp 7162 total MB 568.0
ASSET OK https://yamunabuilders.com/wp-content/uploads/2025/01/Dynamic-test-for-piles-01.05.2024-600x403.webp 61254 total MB 568.0
ASSET OK https://yamunabuilders.com/wp-content/uploads/2025/01/Dynamic-test-for-piles-01.05.2024-812x1080.webp 97558 total MB 568.1
ASSET OK https://yamunabuilders.com/wp-content/uploads/2025/01/Dynamic-test-for-piles-30.04.2024-1080x812.webp 101722 total MB 568.2
ASSET OK https://yamunabuilders.com/wp-content/uploads/2025/01/Dynamic-test-for-piles-30.04.2024-140x140.webp 6110 total MB 568.2
ASSET OK https://yamunabuilders.com/wp-content/uploads/2025/01/Dynamic-test-for-piles-30.04.2024-600x403.webp 46780 total MB 568.3
ASSET OK https://yamunabuilders.com/wp-content/uploads/2025/01/ENTRY-2-2-1080x685.webp 91682 total MB 568.4
ASSET OK https://yamunabuilders.com/wp-content/uploads/2025/01/ENTRY-2-2-140x140.webp 4908 total MB 568.4
ASSET OK https://yamunabuilders.com/wp-content/uploads/2025/01/ENTRY-2-2-600x403.webp 51650 total MB 568.4
ASSET OK https://yamunabuilders.com/wp-content/uploads/2025/01/Hard-rock-sample-for-uplift-pile-4-Apr-2024-140x140.webp 8358 total MB 568.5
ASSET OK https://yamunabuilders.com/wp-content/uploads/2025/01/Hard-rock-sample-for-uplift-pile-4-Apr-2024-600x403.webp 82950 total MB 568.5
ASSET OK https://yamunabuilders.com/wp-content/uploads/2025/01/Hard-rock-sample-for-uplift-pile-4-Apr-2024-812x1080.webp 200378 total MB 568.7
ASSET OK https://yamunabuilders.com/wp-content/uploads/2025/01/Pile-integrity-test-PIT-9-Feb-2024-1080x812.webp 119010 total MB 568.9
ASSET OK https://yamunabuilders.com/wp-content/uploads/2025/01/Pile-integrity-test-PIT-9-Feb-2024-140x140.webp 8780 total MB 568.9
ASSET OK https://yamunabuilders.com/wp-content/uploads/2025/01/Pile-integrity-test-PIT-9-Feb-2024-600x403.webp 62716 total MB 568.9
ASSET OK https://yamunabuilders.com/wp-content/uploads/2025/01/Steel-casing-insert-by-vibro-hammer-mechanism-4.03.2024-140x140.webp 9381 total MB 568.9
ASSET OK https://yamunabuilders.com/wp-content/uploads/2025/01/Steel-casing-insert-by-vibro-hammer-mechanism-4.03.2024-600x403.webp 70141 total MB 569.0
ASSET OK https://yamunabuilders.com/wp-content/uploads/2025/01/Steel-casing-insert-by-vibro-hammer-mechanism-4.03.2024-608x1080.webp 93144 total MB 569.1
ASSET OK https://yamunabuilders.com/wp-content/uploads/2025/01/Steel-casing-insert-by-vibro-hammer-mechanism-Jan-2024-1080x812.webp 133802 total MB 569.2
ASSET OK https://yamunabuilders.com/wp-content/uploads/2025/01/Steel-casing-insert-by-vibro-hammer-mechanism-Jan-2024-140x140.webp 5458 total MB 569.2
ASSET OK https://yamunabuilders.com/wp-content/uploads/2025/01/Steel-casing-insert-by-vibro-hammer-mechanism-Jan-2024-600x403.webp 60622 total MB 569.3
ASSET OK https://yamunabuilders.com/wp-content/uploads/2025/01/Test-Pile-drilling_06.03.2023-1080x810.webp 82006 total MB 569.4
ASSET OK https://yamunabuilders.com/wp-content/uploads/2025/01/Test-Pile-drilling_06.03.2023-140x140.webp 8012 total MB 569.4
ASSET OK https://yamunabuilders.com/wp-content/uploads/2025/01/Test-Pile-drilling_06.03.2023-600x403.webp 56203 total MB 569.4
ASSET OK https://yamunabuilders.com/wp-content/uploads/2025/01/Test-pile-concreting-1080x810.webp 100776 total MB 569.5
ASSET OK https://yamunabuilders.com/wp-content/uploads/2025/01/Test-pile-concreting-140x140.webp 8908 total MB 569.6
ASSET OK https://yamunabuilders.com/wp-content/uploads/2025/01/Test-pile-concreting-600x403.webp 65276 total MB 569.6
ASSET OK https://yamunabuilders.com/wp-content/uploads/2025/02/12-A.-Pile-integrity-test-PIT-9-Feb-2024-1080x812.webp 119010 total MB 569.7
ASSET OK https://yamunabuilders.com/wp-content/uploads/2025/02/12-A.-Pile-integrity-test-PIT-9-Feb-2024-140x140.webp 8780 total MB 569.7
ASSET OK https://yamunabuilders.com/wp-content/uploads/2025/02/12-A.-Pile-integrity-test-PIT-9-Feb-2024-600x403.webp 62716 total MB 569.8
ASSET OK https://yamunabuilders.com/wp-content/uploads/2025/02/12-C.-Dynamic-test-for-piles-30.04.2024-1080x812.webp 101722 total MB 569.9
ASSET OK https://yamunabuilders.com/wp-content/uploads/2025/02/12-C.-Dynamic-test-for-piles-30.04.2024-140x140.webp 6110 total MB 569.9
ASSET OK https://yamunabuilders.com/wp-content/uploads/2025/02/12-C.-Dynamic-test-for-piles-30.04.2024-600x403.webp 46780 total MB 570.0
ASSET OK https://yamunabuilders.com/wp-content/uploads/2025/02/12-D.-Dynamic-test-for-piles-01.05.2024-140x140.webp 7162 total MB 570.0
ASSET OK https://yamunabuilders.com/wp-content/uploads/2025/02/12-D.-Dynamic-test-for-piles-01.05.2024-600x403.webp 61254 total MB 570.0
ASSET OK https://yamunabuilders.com/wp-content/uploads/2025/02/12-D.-Dynamic-test-for-piles-01.05.2024-812x1080.webp 97558 total MB 570.1
ASSET OK https://yamunabuilders.com/wp-content/uploads/2025/02/12-E.-Dynamic-test-for-pile-30.04.2024-140x140.webp 6926 total MB 570.1
ASSET OK https://yamunabuilders.com/wp-content/uploads/2025/02/12-E.-Dynamic-test-for-pile-30.04.2024-600x403.webp 49310 total MB 570.2
ASSET OK https://yamunabuilders.com/wp-content/uploads/2025/02/12-E.-Dynamic-test-for-pile-30.04.2024-812x1080.webp 108192 total MB 570.3
ASSET OK https://yamunabuilders.com/wp-content/uploads/2025/02/6-B.-Core-Barrel-bit-for-Uplift-piles-4.04.2024-140x140.webp 6784 total MB 570.3
ASSET OK https://yamunabuilders.com/wp-content/uploads/2025/02/6-B.-Core-Barrel-bit-for-Uplift-piles-4.04.2024-600x403.webp 41796 total MB 570.3
ASSET OK https://yamunabuilders.com/wp-content/uploads/2025/02/6-B.-Core-Barrel-bit-for-Uplift-piles-4.04.2024-812x1080.webp 93088 total MB 570.4
ASSET OK https://yamunabuilders.com/wp-content/uploads/2025/02/6-C.-Hard-rock-sample-for-uplift-pile-4-Apr-2024-140x140.webp 8358 total MB 570.4
ASSET OK https://yamunabuilders.com/wp-content/uploads/2025/02/6-C.-Hard-rock-sample-for-uplift-pile-4-Apr-2024-600x403.webp 82950 total MB 570.5
ASSET OK https://yamunabuilders.com/wp-content/uploads/2025/02/6-C.-Hard-rock-sample-for-uplift-pile-4-Apr-2024-812x1080.webp 200378 total MB 570.7
ASSET OK https://yamunabuilders.com/wp-content/uploads/2025/02/7-A.-Drilling-machine-steel-casing-crane-etc-Dec-2023-1080x810.webp 89096 total MB 570.8
ASSET OK https://yamunabuilders.com/wp-content/uploads/2025/02/7-A.-Drilling-machine-steel-casing-crane-etc-Dec-2023-140x140.webp 3952 total MB 570.8
ASSET OK https://yamunabuilders.com/wp-content/uploads/2025/02/7-A.-Drilling-machine-steel-casing-crane-etc-Dec-2023-600x403.webp 43794 total MB 570.9
ASSET OK https://yamunabuilders.com/wp-content/uploads/2025/02/8-D.-Steel-casing-insert-by-vibro-hammer-mechanism-4.03.2024-140x140.webp 9381 total MB 570.9
ASSET OK https://yamunabuilders.com/wp-content/uploads/2025/02/8-D.-Steel-casing-insert-by-vibro-hammer-mechanism-4.03.2024-600x403.webp 70688 total MB 570.9
ASSET OK https://yamunabuilders.com/wp-content/uploads/2025/02/8-D.-Steel-casing-insert-by-vibro-hammer-mechanism-4.03.2024-608x1080.webp 93144 total MB 571.0
ASSET OK https://yamunabuilders.com/wp-content/uploads/2025/02/calendar-check-140x140.webp 1852 total MB 571.0
ASSET OK https://yamunabuilders.com/wp-content/uploads/2025/02/calendar-check-512x403.webp 2319 total MB 571.0
ASSET OK https://yamunabuilders.com/wp-content/uploads/2025/02/exchange-140x140.webp 724 total MB 571.0
ASSET OK https://yamunabuilders.com/wp-content/uploads/2025/02/exchange-512x403.webp 1054 total MB 571.0
ASSET OK https://yamunabuilders.com/wp-content/uploads/2025/02/raft-foundation-1080x812.webp 221984 total MB 571.3
ASSET OK https://yamunabuilders.com/wp-content/uploads/2025/02/raft-foundation-140x140.webp 9464 total MB 571.3
ASSET OK https://yamunabuilders.com/wp-content/uploads/2025/02/raft-foundation-2-1080x810.webp 138886 total MB 571.4
ASSET OK https://yamunabuilders.com/wp-content/uploads/2025/02/raft-foundation-2-140x140.webp 7754 total MB 571.4
ASSET OK https://yamunabuilders.com/wp-content/uploads/2025/02/raft-foundation-2-600x403.webp 68088 total MB 571.5
ASSET OK https://yamunabuilders.com/wp-content/uploads/2025/02/raft-foundation-3-1080x812.webp 132384 total MB 571.6
ASSET OK https://yamunabuilders.com/wp-content/uploads/2025/02/raft-foundation-3-140x140.webp 5550 total MB 571.6
ASSET OK https://yamunabuilders.com/wp-content/uploads/2025/02/raft-foundation-3-600x403.webp 63692 total MB 571.7
ASSET OK https://yamunabuilders.com/wp-content/uploads/2025/02/raft-foundation-600x403.webp 80947 total MB 571.8
ASSET OK https://yamunabuilders.com/wp-content/uploads/2025/09/04_Yamuna-Sky_Miyawaki-Forest-1000x1000.webp 156915 total MB 571.9
ASSET OK https://yamunabuilders.com/wp-content/uploads/2025/09/04_Yamuna-Sky_Miyawaki-Forest-1000x500.webp 166872 total MB 572.1
ASSET OK https://yamunabuilders.com/wp-content/uploads/2025/09/04_Yamuna-Sky_Miyawaki-Forest-100x100.webp 9810 total MB 572.1
ASSET OK https://yamunabuilders.com/wp-content/uploads/2025/09/04_Yamuna-Sky_Miyawaki-Forest-1080x810.webp 188040 total MB 572.3
ASSET OK https://yamunabuilders.com/wp-content/uploads/2025/09/04_Yamuna-Sky_Miyawaki-Forest-140x140.webp 12690 total MB 572.3
ASSET OK https://yamunabuilders.com/wp-content/uploads/2025/09/04_Yamuna-Sky_Miyawaki-Forest-150x113.webp 9728 total MB 572.3
ASSET OK https://yamunabuilders.com/wp-content/uploads/2025/09/04_Yamuna-Sky_Miyawaki-Forest-1536x1152.webp 374308 total MB 572.7
ASSET OK https://yamunabuilders.com/wp-content/uploads/2025/09/04_Yamuna-Sky_Miyawaki-Forest-1870x770.webp 326536 total MB 573.0
ASSET OK https://yamunabuilders.com/wp-content/uploads/2025/09/04_Yamuna-Sky_Miyawaki-Forest-2048x1536.webp 541816 total MB 573.6
ASSET OK https://yamunabuilders.com/wp-content/uploads/2025/09/04_Yamuna-Sky_Miyawaki-Forest-300x225.webp 20068 total MB 573.6
ASSET OK https://yamunabuilders.com/wp-content/uploads/2025/09/04_Yamuna-Sky_Miyawaki-Forest-350x350.webp 45663 total MB 573.6
ASSET OK https://yamunabuilders.com/wp-content/uploads/2025/09/04_Yamuna-Sky_Miyawaki-Forest-400x269.webp 40547 total MB 573.7
ASSET OK https://yamunabuilders.com/wp-content/uploads/2025/09/04_Yamuna-Sky_Miyawaki-Forest-500x1000.webp 175150 total MB 573.8
ASSET OK https://yamunabuilders.com/wp-content/uploads/2025/09/04_Yamuna-Sky_Miyawaki-Forest-500x500.webp 87100 total MB 573.9
ASSET OK https://yamunabuilders.com/wp-content/uploads/2025/09/04_Yamuna-Sky_Miyawaki-Forest-600x403.webp 83875 total MB 574.0
ASSET OK https://yamunabuilders.com/wp-content/uploads/2025/09/04_Yamuna-Sky_Miyawaki-Forest-670x335.webp 80295 total MB 574.1
ASSET OK https://yamunabuilders.com/wp-content/uploads/2025/09/04_Yamuna-Sky_Miyawaki-Forest-768x576.webp 97202 total MB 574.2
ASSET OK https://yamunabuilders.com/wp-content/uploads/2025/09/04_Yamuna-Sky_Miyawaki-Forest-800x800.webp 142500 total MB 574.3
ASSET OK https://yamunabuilders.com/wp-content/uploads/2025/09/04_Yamuna-Sky_Miyawaki-Forest-900x600.webp 174252 total MB 574.5
ASSET OK https://yamunabuilders.com/wp-content/uploads/2025/09/04_Yamuna-Sky_Miyawaki-Forest-900x604.webp 175591 total MB 574.7
ASSET OK https://yamunabuilders.com/wp-content/uploads/2025/09/10_Yamuna-Sky_Swiming_Pool_Podium-1000x1000.webp 133154 total MB 574.8
ASSET OK https://yamunabuilders.com/wp-content/uploads/2025/09/10_Yamuna-Sky_Swiming_Pool_Podium-1000x500.webp 143746 total MB 575.0
ASSET OK https://yamunabuilders.com/wp-content/uploads/2025/09/10_Yamuna-Sky_Swiming_Pool_Podium-100x100.webp 10030 total MB 575.0
ASSET OK https://yamunabuilders.com/wp-content/uploads/2025/09/10_Yamuna-Sky_Swiming_Pool_Podium-1080x686.webp 125932 total MB 575.1
ASSET OK https://yamunabuilders.com/wp-content/uploads/2025/09/10_Yamuna-Sky_Swiming_Pool_Podium-140x140.webp 12722 total MB 575.1
ASSET OK https://yamunabuilders.com/wp-content/uploads/2025/09/10_Yamuna-Sky_Swiming_Pool_Podium-150x95.webp 9726 total MB 575.1
ASSET OK https://yamunabuilders.com/wp-content/uploads/2025/09/10_Yamuna-Sky_Swiming_Pool_Podium-1536x976.webp 243316 total MB 575.4
ASSET OK https://yamunabuilders.com/wp-content/uploads/2025/09/10_Yamuna-Sky_Swiming_Pool_Podium-1870x770.webp 221665 total MB 575.6
ASSET OK https://yamunabuilders.com/wp-content/uploads/2025/09/10_Yamuna-Sky_Swiming_Pool_Podium-2048x1302.webp 336596 total MB 575.9
ASSET OK https://yamunabuilders.com/wp-content/uploads/2025/09/10_Yamuna-Sky_Swiming_Pool_Podium-300x191.webp 17258 total MB 575.9
ASSET OK https://yamunabuilders.com/wp-content/uploads/2025/09/10_Yamuna-Sky_Swiming_Pool_Podium-350x350.webp 37922 total MB 576.0
ASSET OK https://yamunabuilders.com/wp-content/uploads/2025/09/10_Yamuna-Sky_Swiming_Pool_Podium-400x269.webp 37553 total MB 576.0
ASSET OK https://yamunabuilders.com/wp-content/uploads/2025/09/10_Yamuna-Sky_Swiming_Pool_Podium-500x1000.webp 128414 total MB 576.1
ASSET OK https://yamunabuilders.com/wp-content/uploads/2025/09/10_Yamuna-Sky_Swiming_Pool_Podium-500x500.webp 68780 total MB 576.2
ASSET OK https://yamunabuilders.com/wp-content/uploads/2025/09/10_Yamuna-Sky_Swiming_Pool_Podium-600x403.webp 71681 total MB 576.3
ASSET OK https://yamunabuilders.com/wp-content/uploads/2025/09/10_Yamuna-Sky_Swiming_Pool_Podium-670x335.webp 70453 total MB 576.3
ASSET OK https://yamunabuilders.com/wp-content/uploads/2025/09/10_Yamuna-Sky_Swiming_Pool_Podium-768x488.webp 67328 total MB 576.4
ASSET OK https://yamunabuilders.com/wp-content/uploads/2025/09/10_Yamuna-Sky_Swiming_Pool_Podium-800x800.webp 102416 total MB 576.5
ASSET OK https://yamunabuilders.com/wp-content/uploads/2025/09/10_Yamuna-Sky_Swiming_Pool_Podium-900x600.webp 142213 total MB 576.7
ASSET OK https://yamunabuilders.com/wp-content/uploads/2025/09/10_Yamuna-Sky_Swiming_Pool_Podium-900x604.webp 139965 total MB 576.8
ASSET OK https://yamunabuilders.com/wp-content/uploads/2025/09/F1-100x100.webp 1122 total MB 576.8
ASSET OK https://yamunabuilders.com/wp-content/uploads/2025/09/F1-1080x472.webp 19332 total MB 576.8
ASSET OK https://yamunabuilders.com/wp-content/uploads/2025/09/F1-140x140.webp 1762 total MB 576.8
ASSET OK https://yamunabuilders.com/wp-content/uploads/2025/09/F1-150x66.webp 1254 total MB 576.8
ASSET OK https://yamunabuilders.com/wp-content/uploads/2025/09/F1-1536x672.webp 32830 total MB 576.9
ASSET OK https://yamunabuilders.com/wp-content/uploads/2025/09/F1-2048x896.webp 44506 total MB 576.9
ASSET OK https://yamunabuilders.com/wp-content/uploads/2025/09/F1-300x131.webp 3524 total MB 576.9
ASSET OK https://yamunabuilders.com/wp-content/uploads/2025/09/F1-400x269.webp 8410 total MB 576.9
ASSET OK https://yamunabuilders.com/wp-content/uploads/2025/09/F1-600x403.webp 16542 total MB 576.9
ASSET OK https://yamunabuilders.com/wp-content/uploads/2025/09/F1-768x336.webp 12108 total MB 576.9
ASSET OK https://yamunabuilders.com/wp-content/uploads/2025/09/F1-900x604.webp 32194 total MB 577.0
ASSET OK https://yamunabuilders.com/wp-content/uploads/2025/09/IMG20250314130108-1000x1000.webp 127144 total MB 577.1
ASSET OK https://yamunabuilders.com/wp-content/uploads/2025/09/IMG20250314130108-1000x500.webp 116028 total MB 577.2
ASSET OK https://yamunabuilders.com/wp-content/uploads/2025/09/IMG20250314130108-100x100.webp 3978 total MB 577.2
ASSET OK https://yamunabuilders.com/wp-content/uploads/2025/09/IMG20250314130108-1080x812.webp 107870 total MB 577.3
ASSET OK https://yamunabuilders.com/wp-content/uploads/2025/09/IMG20250314130108-140x140.webp 5698 total MB 577.3
ASSET OK https://yamunabuilders.com/wp-content/uploads/2025/09/IMG20250314130108-150x113.webp 5480 total MB 577.3
ASSET OK https://yamunabuilders.com/wp-content/uploads/2025/09/IMG20250314130108-1536x1155.webp 233632 total MB 577.6
ASSET OK https://yamunabuilders.com/wp-content/uploads/2025/09/IMG20250314130108-1870x770.webp 371843 total MB 577.9
ASSET OK https://yamunabuilders.com/wp-content/uploads/2025/09/IMG20250314130108-2048x1540.webp 333124 total MB 578.3
ASSET OK https://yamunabuilders.com/wp-content/uploads/2025/09/IMG20250314130108-300x226.webp 10716 total MB 578.3
ASSET OK https://yamunabuilders.com/wp-content/uploads/2025/09/IMG20250314130108-350x350.webp 23162 total MB 578.3
ASSET OK https://yamunabuilders.com/wp-content/uploads/2025/09/IMG20250314130108-400x269.webp 21366 total MB 578.3
ASSET OK https://yamunabuilders.com/wp-content/uploads/2025/09/IMG20250314130108-500x1000.webp 99302 total MB 578.4
ASSET OK https://yamunabuilders.com/wp-content/uploads/2025/09/IMG20250314130108-500x500.webp 47368 total MB 578.5
ASSET OK https://yamunabuilders.com/wp-content/uploads/2025/09/IMG20250314130108-600x403.webp 48074 total MB 578.5
ASSET OK https://yamunabuilders.com/wp-content/uploads/2025/09/IMG20250314130108-670x335.webp 50392 total MB 578.6
ASSET OK https://yamunabuilders.com/wp-content/uploads/2025/09/IMG20250314130108-768x578.webp 51222 total MB 578.6
ASSET OK https://yamunabuilders.com/wp-content/uploads/2025/09/IMG20250314130108-800x800.webp 107445 total MB 578.7
ASSET OK https://yamunabuilders.com/wp-content/uploads/2025/09/IMG20250314130108-900x600.webp 109164 total MB 578.8
ASSET OK https://yamunabuilders.com/wp-content/uploads/2025/09/IMG20250314130108-900x604.webp 110631 total MB 579.0
ASSET OK https://yamunabuilders.com/wp-content/uploads/2025/09/IMG20250314130224-1000x1000.webp 141246 total MB 579.1
ASSET OK https://yamunabuilders.com/wp-content/uploads/2025/09/IMG20250314130224-1000x500.webp 140570 total MB 579.2
ASSET OK https://yamunabuilders.com/wp-content/uploads/2025/09/IMG20250314130224-100x100.webp 4382 total MB 579.2
ASSET OK https://yamunabuilders.com/wp-content/uploads/2025/09/IMG20250314130224-1080x812.webp 139538 total MB 579.4
ASSET OK https://yamunabuilders.com/wp-content/uploads/2025/09/IMG20250314130224-140x140.webp 6390 total MB 579.4
ASSET OK https://yamunabuilders.com/wp-content/uploads/2025/09/IMG20250314130224-150x113.webp 5954 total MB 579.4
ASSET OK https://yamunabuilders.com/wp-content/uploads/2025/09/IMG20250314130224-1536x1155.webp 299868 total MB 579.7
ASSET OK https://yamunabuilders.com/wp-content/uploads/2025/09/IMG20250314130224-1870x770.webp 373960 total MB 580.1
ASSET OK https://yamunabuilders.com/wp-content/uploads/2025/09/IMG20250314130224-2048x1540.webp 431750 total MB 580.5
ASSET OK https://yamunabuilders.com/wp-content/uploads/2025/09/IMG20250314130224-300x226.webp 11970 total MB 580.5
ASSET OK https://yamunabuilders.com/wp-content/uploads/2025/09/IMG20250314130224-350x350.webp 27178 total MB 580.5
ASSET OK https://yamunabuilders.com/wp-content/uploads/2025/09/IMG20250314130224-400x269.webp 24590 total MB 580.6
ASSET OK https://yamunabuilders.com/wp-content/uploads/2025/09/IMG20250314130224-500x1000.webp 123906 total MB 580.7
ASSET OK https://yamunabuilders.com/wp-content/uploads/2025/09/IMG20250314130224-500x500.webp 56170 total MB 580.7
ASSET OK https://yamunabuilders.com/wp-content/uploads/2025/09/IMG20250314130224-600x403.webp 56084 total MB 580.8
ASSET OK https://yamunabuilders.com/wp-content/uploads/2025/09/IMG20250314130224-670x335.webp 59614 total MB 580.9
ASSET OK https://yamunabuilders.com/wp-content/uploads/2025/09/IMG20250314130224-768x578.webp 65438 total MB 580.9
ASSET OK https://yamunabuilders.com/wp-content/uploads/2025/09/IMG20250314130224-800x800.webp 118272 total MB 581.0
ASSET OK https://yamunabuilders.com/wp-content/uploads/2025/09/IMG20250314130224-900x600.webp 131247 total MB 581.2
ASSET OK https://yamunabuilders.com/wp-content/uploads/2025/09/IMG20250314130224-900x604.webp 132592 total MB 581.3
ASSET OK https://yamunabuilders.com/wp-content/uploads/2025/09/IMG20250318182315-1000x1000.webp 122582 total MB 581.4
ASSET OK https://yamunabuilders.com/wp-content/uploads/2025/09/IMG20250318182315-1000x500.webp 107496 total MB 581.5
ASSET OK https://yamunabuilders.com/wp-content/uploads/2025/09/IMG20250318182315-100x100.webp 4066 total MB 581.5
ASSET OK https://yamunabuilders.com/wp-content/uploads/2025/09/IMG20250318182315-1080x812.webp 96438 total MB 581.6
ASSET OK https://yamunabuilders.com/wp-content/uploads/2025/09/IMG20250318182315-140x140.webp 5732 total MB 581.6
ASSET OK https://yamunabuilders.com/wp-content/uploads/2025/09/IMG20250318182315-150x113.webp 5488 total MB 581.7
ASSET OK https://yamunabuilders.com/wp-content/uploads/2025/09/IMG20250318182315-1536x1155.webp 211400 total MB 581.9
ASSET OK https://yamunabuilders.com/wp-content/uploads/2025/09/IMG20250318182315-1870x770.webp 337074 total MB 582.2
ASSET OK https://yamunabuilders.com/wp-content/uploads/2025/09/IMG20250318182315-2048x1540.webp 300146 total MB 582.5
ASSET OK https://yamunabuilders.com/wp-content/uploads/2025/09/IMG20250318182315-300x226.webp 10402 total MB 582.5
ASSET OK https://yamunabuilders.com/wp-content/uploads/2025/09/IMG20250318182315-350x350.webp 22234 total MB 582.5
ASSET OK https://yamunabuilders.com/wp-content/uploads/2025/09/IMG20250318182315-400x269.webp 19732 total MB 582.6
ASSET OK https://yamunabuilders.com/wp-content/uploads/2025/09/IMG20250318182315-500x1000.webp 91190 total MB 582.6
ASSET OK https://yamunabuilders.com/wp-content/uploads/2025/09/IMG20250318182315-500x500.webp 44516 total MB 582.7
ASSET OK https://yamunabuilders.com/wp-content/uploads/2025/09/IMG20250318182315-600x403.webp 44422 total MB 582.7
ASSET OK https://yamunabuilders.com/wp-content/uploads/2025/09/IMG20250318182315-670x335.webp 47132 total MB 582.8
ASSET OK https://yamunabuilders.com/wp-content/uploads/2025/09/IMG20250318182315-768x578.webp 48016 total MB 582.8
ASSET OK https://yamunabuilders.com/wp-content/uploads/2025/09/IMG20250318182315-800x800.webp 103002 total MB 582.9
ASSET OK https://yamunabuilders.com/wp-content/uploads/2025/09/IMG20250318182315-900x600.webp 102741 total MB 583.0
ASSET OK https://yamunabuilders.com/wp-content/uploads/2025/09/IMG20250318182315-900x604.webp 104231 total MB 583.1
ASSET OK https://yamunabuilders.com/wp-content/uploads/2025/09/IMG20250318182325-1000x1000.webp 104463 total MB 583.2
ASSET OK https://yamunabuilders.com/wp-content/uploads/2025/09/IMG20250318182325-1000x500.webp 100068 total MB 583.3
ASSET OK https://yamunabuilders.com/wp-content/uploads/2025/09/IMG20250318182325-100x100.webp 4076 total MB 583.3
ASSET OK https://yamunabuilders.com/wp-content/uploads/2025/09/IMG20250318182325-1080x812.webp 93984 total MB 583.4
ASSET OK https://yamunabuilders.com/wp-content/uploads/2025/09/IMG20250318182325-140x140.webp 5708 total MB 583.4
ASSET OK https://yamunabuilders.com/wp-content/uploads/2025/09/IMG20250318182325-150x113.webp 5284 total MB 583.5
ASSET OK https://yamunabuilders.com/wp-content/uploads/2025/09/IMG20250318182325-1536x1155.webp 193762 total MB 583.6
ASSET OK https://yamunabuilders.com/wp-content/uploads/2025/09/IMG20250318182325-1870x770.webp 294116 total MB 583.9
ASSET OK https://yamunabuilders.com/wp-content/uploads/2025/09/IMG20250318182325-2048x1540.webp 278882 total MB 584.2
ASSET OK https://yamunabuilders.com/wp-content/uploads/2025/09/IMG20250318182325-300x226.webp 10198 total MB 584.2
ASSET OK https://yamunabuilders.com/wp-content/uploads/2025/09/IMG20250318182325-350x350.webp 22802 total MB 584.3
ASSET OK https://yamunabuilders.com/wp-content/uploads/2025/09/IMG20250318182325-400x269.webp 19906 total MB 584.3
ASSET OK https://yamunabuilders.com/wp-content/uploads/2025/09/IMG20250318182325-500x1000.webp 93976 total MB 584.4
ASSET OK https://yamunabuilders.com/wp-content/uploads/2025/09/IMG20250318182325-500x500.webp 45326 total MB 584.4
ASSET OK https://yamunabuilders.com/wp-content/uploads/2025/09/IMG20250318182325-600x403.webp 43908 total MB 584.5
ASSET OK https://yamunabuilders.com/wp-content/uploads/2025/09/IMG20250318182325-670x335.webp 44994 total MB 584.5
ASSET OK https://yamunabuilders.com/wp-content/uploads/2025/09/IMG20250318182325-768x578.webp 47558 total MB 584.5
ASSET OK https://yamunabuilders.com/wp-content/uploads/2025/09/IMG20250318182325-800x800.webp 96178 total MB 584.6
ASSET OK https://yamunabuilders.com/wp-content/uploads/2025/09/IMG20250318182325-900x600.webp 101149 total MB 584.7
ASSET OK https://yamunabuilders.com/wp-content/uploads/2025/09/IMG20250318182325-900x604.webp 96764 total MB 584.8
ASSET OK https://yamunabuilders.com/wp-content/uploads/2025/09/IMG20250318183518-1000x1000.webp 146874 total MB 585.0
ASSET OK https://yamunabuilders.com/wp-content/uploads/2025/09/IMG20250318183518-1000x500.webp 128934 total MB 585.1
ASSET OK https://yamunabuilders.com/wp-content/uploads/2025/09/IMG20250318183518-100x100.webp 4278 total MB 585.1
ASSET OK https://yamunabuilders.com/wp-content/uploads/2025/09/IMG20250318183518-1080x812.webp 133406 total MB 585.3
ASSET OK https://yamunabuilders.com/wp-content/uploads/2025/09/IMG20250318183518-140x140.webp 6256 total MB 585.3
ASSET OK https://yamunabuilders.com/wp-content/uploads/2025/09/IMG20250318183518-150x113.webp 5748 total MB 585.3
ASSET OK https://yamunabuilders.com/wp-content/uploads/2025/09/IMG20250318183518-1536x1155.webp 285482 total MB 585.6
ASSET OK https://yamunabuilders.com/wp-content/uploads/2025/09/IMG20250318183518-1870x770.webp 361826 total MB 585.9
ASSET OK https://yamunabuilders.com/wp-content/uploads/2025/09/IMG20250318183518-2048x1540.webp 410976 total MB 586.3
ASSET OK https://yamunabuilders.com/wp-content/uploads/2025/09/IMG20250318183518-300x226.webp 11634 total MB 586.3
ASSET OK https://yamunabuilders.com/wp-content/uploads/2025/09/IMG20250318183518-350x350.webp 27020 total MB 586.4
ASSET OK https://yamunabuilders.com/wp-content/uploads/2025/09/IMG20250318183518-400x269.webp 23772 total MB 586.4
ASSET OK https://yamunabuilders.com/wp-content/uploads/2025/09/IMG20250318183518-500x1000.webp 123950 total MB 586.5
ASSET OK https://yamunabuilders.com/wp-content/uploads/2025/09/IMG20250318183518-500x500.webp 55544 total MB 586.6
ASSET OK https://yamunabuilders.com/wp-content/uploads/2025/09/IMG20250318183518-600x403.webp 53822 total MB 586.6
ASSET OK https://yamunabuilders.com/wp-content/uploads/2025/09/IMG20250318183518-670x335.webp 54834 total MB 586.7
ASSET OK https://yamunabuilders.com/wp-content/uploads/2025/09/IMG20250318183518-768x578.webp 61134 total MB 586.7
ASSET OK https://yamunabuilders.com/wp-content/uploads/2025/09/IMG20250318183518-800x800.webp 122465 total MB 586.9
ASSET OK https://yamunabuilders.com/wp-content/uploads/2025/09/IMG20250318183518-900x600.webp 123989 total MB 587.0
ASSET OK https://yamunabuilders.com/wp-content/uploads/2025/09/IMG20250318183518-900x604.webp 125744 total MB 587.1
ASSET OK https://yamunabuilders.com/wp-content/uploads/2025/09/IMG20250327173218-1000x1000.webp 114000 total MB 587.2
ASSET OK https://yamunabuilders.com/wp-content/uploads/2025/09/IMG20250327173218-1000x500.webp 102208 total MB 587.3
ASSET OK https://yamunabuilders.com/wp-content/uploads/2025/09/IMG20250327173218-100x100.webp 4260 total MB 587.3
ASSET OK https://yamunabuilders.com/wp-content/uploads/2025/09/IMG20250327173218-1080x812.webp 102768 total MB 587.4
ASSET OK https://yamunabuilders.com/wp-content/uploads/2025/09/IMG20250327173218-140x140.webp 6146 total MB 587.4
ASSET OK https://yamunabuilders.com/wp-content/uploads/2025/09/IMG20250327173218-150x113.webp 5612 total MB 587.4
ASSET OK https://yamunabuilders.com/wp-content/uploads/2025/09/IMG20250327173218-1536x1155.webp 208974 total MB 587.7
ASSET OK https://yamunabuilders.com/wp-content/uploads/2025/09/IMG20250327173218-1870x770.webp 288552 total MB 587.9
ASSET OK https://yamunabuilders.com/wp-content/uploads/2025/09/IMG20250327173218-2048x1540.webp 298674 total MB 588.2
ASSET OK https://yamunabuilders.com/wp-content/uploads/2025/09/IMG20250327173218-300x226.webp 11256 total MB 588.3
ASSET OK https://yamunabuilders.com/wp-content/uploads/2025/09/IMG20250327173218-350x350.webp 25512 total MB 588.3
ASSET OK https://yamunabuilders.com/wp-content/uploads/2025/09/IMG20250327173218-400x269.webp 22116 total MB 588.3
ASSET OK https://yamunabuilders.com/wp-content/uploads/2025/09/IMG20250327173218-500x1000.webp 108970 total MB 588.4
ASSET OK https://yamunabuilders.com/wp-content/uploads/2025/09/IMG20250327173218-500x500.webp 50626 total MB 588.5
ASSET OK https://yamunabuilders.com/wp-content/uploads/2025/09/IMG20250327173218-600x403.webp 48306 total MB 588.5
ASSET OK https://yamunabuilders.com/wp-content/uploads/2025/09/IMG20250327173218-670x335.webp 45924 total MB 588.6
ASSET OK https://yamunabuilders.com/wp-content/uploads/2025/09/IMG20250327173218-768x578.webp 52662 total MB 588.6
ASSET OK https://yamunabuilders.com/wp-content/uploads/2025/09/IMG20250327173218-800x800.webp 105806 total MB 588.7
ASSET OK https://yamunabuilders.com/wp-content/uploads/2025/09/IMG20250327173218-900x600.webp 106008 total MB 588.8
ASSET OK https://yamunabuilders.com/wp-content/uploads/2025/09/IMG20250327173218-900x604.webp 106676 total MB 588.9
ASSET OK https://yamunabuilders.com/wp-content/uploads/2025/09/IMG20250327173341-1000x1000.webp 140825 total MB 589.1
ASSET OK https://yamunabuilders.com/wp-content/uploads/2025/09/IMG20250327173341-1000x500.webp 117097 total MB 589.2
ASSET OK https://yamunabuilders.com/wp-content/uploads/2025/09/IMG20250327173341-100x100.webp 3942 total MB 589.2
ASSET OK https://yamunabuilders.com/wp-content/uploads/2025/09/IMG20250327173341-1080x812.webp 98846 total MB 589.3
ASSET OK https://yamunabuilders.com/wp-content/uploads/2025/09/IMG20250327173341-140x140.webp 5640 total MB 589.3
ASSET OK https://yamunabuilders.com/wp-content/uploads/2025/09/IMG20250327173341-150x113.webp 5508 total MB 589.3
ASSET OK https://yamunabuilders.com/wp-content/uploads/2025/09/IMG20250327173341-1536x1155.webp 205346 total MB 589.5
ASSET OK https://yamunabuilders.com/wp-content/uploads/2025/09/IMG20250327173341-1870x770.webp 278749 total MB 589.8
ASSET OK https://yamunabuilders.com/wp-content/uploads/2025/09/IMG20250327173341-2048x1540.webp 293544 total MB 590.1
ASSET OK https://yamunabuilders.com/wp-content/uploads/2025/09/IMG20250327173341-300x226.webp 10708 total MB 590.1
ASSET OK https://yamunabuilders.com/wp-content/uploads/2025/09/IMG20250327173341-350x350.webp 22750 total MB 590.1
ASSET OK https://yamunabuilders.com/wp-content/uploads/2025/09/IMG20250327173341-400x269.webp 22280 total MB 590.1
ASSET OK https://yamunabuilders.com/wp-content/uploads/2025/09/IMG20250327173341-500x1000.webp 97280 total MB 590.2
ASSET OK https://yamunabuilders.com/wp-content/uploads/2025/09/IMG20250327173341-500x500.webp 46094 total MB 590.3
ASSET OK https://yamunabuilders.com/wp-content/uploads/2025/09/IMG20250327173341-600x403.webp 49692 total MB 590.3
ASSET OK https://yamunabuilders.com/wp-content/uploads/2025/09/IMG20250327173341-670x335.webp 55732 total MB 590.4
ASSET OK https://yamunabuilders.com/wp-content/uploads/2025/09/IMG20250327173341-768x578.webp 49000 total MB 590.4
ASSET OK https://yamunabuilders.com/wp-content/uploads/2025/09/IMG20250327173341-800x800.webp 120645 total MB 590.5
ASSET OK https://yamunabuilders.com/wp-content/uploads/2025/09/IMG20250327173341-900x600.webp 111228 total MB 590.7
ASSET OK https://yamunabuilders.com/wp-content/uploads/2025/09/IMG20250327173341-900x604.webp 112133 total MB 590.8
ASSET OK https://yamunabuilders.com/wp-content/uploads/2025/09/IMG20250327174155-1000x1000.webp 113366 total MB 590.9
ASSET OK https://yamunabuilders.com/wp-content/uploads/2025/09/IMG20250327174155-1000x500.webp 114664 total MB 591.0
ASSET OK https://yamunabuilders.com/wp-content/uploads/2025/09/IMG20250327174155-100x100.webp 4680 total MB 591.0
ASSET OK https://yamunabuilders.com/wp-content/uploads/2025/09/IMG20250327174155-1080x812.webp 112766 total MB 591.1
ASSET OK https://yamunabuilders.com/wp-content/uploads/2025/09/IMG20250327174155-140x140.webp 6892 total MB 591.1
ASSET OK https://yamunabuilders.com/wp-content/uploads/2025/09/IMG20250327174155-150x113.webp 6196 total MB 591.1
ASSET OK https://yamunabuilders.com/wp-content/uploads/2025/09/IMG20250327174155-1536x1155.webp 228614 total MB 591.4
ASSET OK https://yamunabuilders.com/wp-content/uploads/2025/09/IMG20250327174155-1870x770.webp 308649 total MB 591.7
ASSET OK https://yamunabuilders.com/wp-content/uploads/2025/09/IMG20250327174155-2048x1540.webp 322722 total MB 592.0
ASSET OK https://yamunabuilders.com/wp-content/uploads/2025/09/IMG20250327174155-300x226.webp 12640 total MB 592.0
ASSET OK https://yamunabuilders.com/wp-content/uploads/2025/09/IMG20250327174155-350x350.webp 28344 total MB 592.0
ASSET OK https://yamunabuilders.com/wp-content/uploads/2025/09/IMG20250327174155-400x269.webp 25284 total MB 592.1
ASSET OK https://yamunabuilders.com/wp-content/uploads/2025/09/IMG20250327174155-500x1000.webp 110191 total MB 592.2
ASSET OK https://yamunabuilders.com/wp-content/uploads/2025/09/IMG20250327174155-500x500.webp 55448 total MB 592.2
ASSET OK https://yamunabuilders.com/wp-content/uploads/2025/09/IMG20250327174155-600x403.webp 54012 total MB 592.3
ASSET OK https://yamunabuilders.com/wp-content/uploads/2025/09/IMG20250327174155-670x335.webp 52548 total MB 592.3
ASSET OK https://yamunabuilders.com/wp-content/uploads/2025/09/IMG20250327174155-768x578.webp 59704 total MB 592.4
ASSET OK https://yamunabuilders.com/wp-content/uploads/2025/09/IMG20250327174155-800x800.webp 91167 total MB 592.5
ASSET OK https://yamunabuilders.com/wp-content/uploads/2025/09/IMG20250327174155-900x600.webp 114865 total MB 592.6
ASSET OK https://yamunabuilders.com/wp-content/uploads/2025/09/IMG20250327174155-900x604.webp 116440 total MB 592.7
ASSET OK https://yamunabuilders.com/wp-content/uploads/2025/09/WhatsApp-Image-2025-06-07-at-12.13.40_a1e58a5a-1000x1000.webp 129578 total MB 592.8
ASSET OK https://yamunabuilders.com/wp-content/uploads/2025/09/WhatsApp-Image-2025-06-07-at-12.13.40_a1e58a5a-1000x500.webp 111776 total MB 593.0
ASSET OK https://yamunabuilders.com/wp-content/uploads/2025/09/WhatsApp-Image-2025-06-07-at-12.13.40_a1e58a5a-100x100.webp 3244 total MB 593.0
ASSET OK https://yamunabuilders.com/wp-content/uploads/2025/09/WhatsApp-Image-2025-06-07-at-12.13.40_a1e58a5a-120x150.webp 5332 total MB 593.0
ASSET OK https://yamunabuilders.com/wp-content/uploads/2025/09/WhatsApp-Image-2025-06-07-at-12.13.40_a1e58a5a-1228x1536.webp 240728 total MB 593.2
ASSET OK https://yamunabuilders.com/wp-content/uploads/2025/09/WhatsApp-Image-2025-06-07-at-12.13.40_a1e58a5a-140x140.webp 5680 total MB 593.2
ASSET OK https://yamunabuilders.com/wp-content/uploads/2025/09/WhatsApp-Image-2025-06-07-at-12.13.40_a1e58a5a-1638x2048.webp 326548 total MB 593.5
ASSET OK https://yamunabuilders.com/wp-content/uploads/2025/09/WhatsApp-Image-2025-06-07-at-12.13.40_a1e58a5a-1870x770.webp 221393 total MB 593.8
ASSET OK https://yamunabuilders.com/wp-content/uploads/2025/09/WhatsApp-Image-2025-06-07-at-12.13.40_a1e58a5a-240x300.webp 14472 total MB 593.8
ASSET OK https://yamunabuilders.com/wp-content/uploads/2025/09/WhatsApp-Image-2025-06-07-at-12.13.40_a1e58a5a-350x350.webp 30264 total MB 593.8
ASSET OK https://yamunabuilders.com/wp-content/uploads/2025/09/WhatsApp-Image-2025-06-07-at-12.13.40_a1e58a5a-400x269.webp 28940 total MB 593.8
ASSET OK https://yamunabuilders.com/wp-content/uploads/2025/09/WhatsApp-Image-2025-06-07-at-12.13.40_a1e58a5a-500x1000.webp 96791 total MB 593.9
ASSET OK https://yamunabuilders.com/wp-content/uploads/2025/09/WhatsApp-Image-2025-06-07-at-12.13.40_a1e58a5a-500x500.webp 59372 total MB 594.0
ASSET OK https://yamunabuilders.com/wp-content/uploads/2025/09/WhatsApp-Image-2025-06-07-at-12.13.40_a1e58a5a-600x403.webp 58228 total MB 594.0
ASSET OK https://yamunabuilders.com/wp-content/uploads/2025/09/WhatsApp-Image-2025-06-07-at-12.13.40_a1e58a5a-670x335.webp 53610 total MB 594.1
ASSET OK https://yamunabuilders.com/wp-content/uploads/2025/09/WhatsApp-Image-2025-06-07-at-12.13.40_a1e58a5a-768x960.webp 102358 total MB 594.2
ASSET OK https://yamunabuilders.com/wp-content/uploads/2025/09/WhatsApp-Image-2025-06-07-at-12.13.40_a1e58a5a-800x800.webp 98884 total MB 594.3
ASSET OK https://yamunabuilders.com/wp-content/uploads/2025/09/WhatsApp-Image-2025-06-07-at-12.13.40_a1e58a5a-864x1080.webp 127216 total MB 594.4
ASSET OK https://yamunabuilders.com/wp-content/uploads/2025/09/WhatsApp-Image-2025-06-07-at-12.13.40_a1e58a5a-900x600.webp 119510 total MB 594.5
ASSET OK https://yamunabuilders.com/wp-content/uploads/2025/09/WhatsApp-Image-2025-06-07-at-12.13.40_a1e58a5a-900x604.webp 119768 total MB 594.7
ASSET OK https://yamunabuilders.com/wp-content/uploads/2025/11/2413-from-coastal-charm-to-modern-luxury-the-new-face-of-mangalores-real-estate-scene-001-1080x608.webp 98442 total MB 594.8
ASSET OK https://yamunabuilders.com/wp-content/uploads/2025/11/2413-from-coastal-charm-to-modern-luxury-the-new-face-of-mangalores-real-estate-scene-001-140x140.webp 32938 total MB 594.8
ASSET OK https://yamunabuilders.com/wp-content/uploads/2025/11/2413-from-coastal-charm-to-modern-luxury-the-new-face-of-mangalores-real-estate-scene-001-150x84.webp 31554 total MB 594.8
ASSET OK https://yamunabuilders.com/wp-content/uploads/2025/11/2413-from-coastal-charm-to-modern-luxury-the-new-face-of-mangalores-real-estate-scene-001-300x169.webp 37746 total MB 594.9
ASSET OK https://yamunabuilders.com/wp-content/uploads/2025/11/2413-from-coastal-charm-to-modern-luxury-the-new-face-of-mangalores-real-estate-scene-001-600x403.webp 60672 total MB 594.9
ASSET OK https://yamunabuilders.com/wp-content/uploads/2025/11/2413-from-coastal-charm-to-modern-luxury-the-new-face-of-mangalores-real-estate-scene-001-768x432.webp 69288 total MB 595.0
ASSET OK https://yamunabuilders.com/wp-content/uploads/2025/11/2413-from-coastal-charm-to-modern-luxury-the-new-face-of-mangalores-real-estate-scene-002-1080x608.webp 81056 total MB 595.1
ASSET OK https://yamunabuilders.com/wp-content/uploads/2025/11/2413-from-coastal-charm-to-modern-luxury-the-new-face-of-mangalores-real-estate-scene-002-140x140.webp 29268 total MB 595.1
ASSET OK https://yamunabuilders.com/wp-content/uploads/2025/11/2413-from-coastal-charm-to-modern-luxury-the-new-face-of-mangalores-real-estate-scene-002-150x84.webp 28654 total MB 595.1
ASSET OK https://yamunabuilders.com/wp-content/uploads/2025/11/2413-from-coastal-charm-to-modern-luxury-the-new-face-of-mangalores-real-estate-scene-002-300x169.webp 32892 total MB 595.2
ASSET OK https://yamunabuilders.com/wp-content/uploads/2025/11/2413-from-coastal-charm-to-modern-luxury-the-new-face-of-mangalores-real-estate-scene-002-600x403.webp 49434 total MB 595.2
ASSET OK https://yamunabuilders.com/wp-content/uploads/2025/11/2413-from-coastal-charm-to-modern-luxury-the-new-face-of-mangalores-real-estate-scene-002-768x432.webp 56834 total MB 595.3
ASSET OK https://yamunabuilders.com/wp-content/uploads/2025/11/2413-from-coastal-charm-to-modern-luxury-the-new-face-of-mangalores-real-estate-scene-003-1080x608.webp 102138 total MB 595.4
ASSET OK https://yamunabuilders.com/wp-content/uploads/2025/11/2413-from-coastal-charm-to-modern-luxury-the-new-face-of-mangalores-real-estate-scene-003-140x140.webp 30976 total MB 595.4
ASSET OK https://yamunabuilders.com/wp-content/uploads/2025/11/2413-from-coastal-charm-to-modern-luxury-the-new-face-of-mangalores-real-estate-scene-003-150x84.webp 30196 total MB 595.4
ASSET OK https://yamunabuilders.com/wp-content/uploads/2025/11/2413-from-coastal-charm-to-modern-luxury-the-new-face-of-mangalores-real-estate-scene-003-300x169.webp 35640 total MB 595.5
ASSET OK https://yamunabuilders.com/wp-content/uploads/2025/11/2413-from-coastal-charm-to-modern-luxury-the-new-face-of-mangalores-real-estate-scene-003-600x403.webp 57276 total MB 595.5
ASSET OK https://yamunabuilders.com/wp-content/uploads/2025/11/2413-from-coastal-charm-to-modern-luxury-the-new-face-of-mangalores-real-estate-scene-003-768x432.webp 67720 total MB 595.6
ASSET OK https://yamunabuilders.com/wp-content/uploads/2025/11/WhatsApp-Image-2025-11-25-at-11.41.41-AM-1-810x1080.webp 110306 total MB 595.7
ASSET OK https://yamunabuilders.com/wp-content/uploads/2025/11/WhatsApp-Image-2025-11-25-at-11.41.41-AM-1-960x1000.webp 136915 total MB 595.8
ASSET OK https://yamunabuilders.com/wp-content/uploads/2025/11/aerial-shot-hong-kong-night-1000x1000.webp 146239 total MB 596.0
ASSET OK https://yamunabuilders.com/wp-content/uploads/2025/11/aerial-shot-hong-kong-night-1000x500.webp 148827 total MB 596.1
ASSET OK https://yamunabuilders.com/wp-content/uploads/2025/11/aerial-shot-hong-kong-night-100x100.webp 7819 total MB 596.1
ASSET OK https://yamunabuilders.com/wp-content/uploads/2025/11/aerial-shot-hong-kong-night-1080x721.webp 158162 total MB 596.3
ASSET OK https://yamunabuilders.com/wp-content/uploads/2025/11/aerial-shot-hong-kong-night-140x140.webp 11751 total MB 596.3
ASSET OK https://yamunabuilders.com/wp-content/uploads/2025/11/aerial-shot-hong-kong-night-150x100.webp 6640 total MB 596.3
ASSET OK https://yamunabuilders.com/wp-content/uploads/2025/11/aerial-shot-hong-kong-night-1536x1025.webp 277738 total MB 596.6
ASSET OK https://yamunabuilders.com/wp-content/uploads/2025/11/aerial-shot-hong-kong-night-1870x770.webp 208514 total MB 596.8
ASSET OK https://yamunabuilders.com/wp-content/uploads/2025/11/aerial-shot-hong-kong-night-2048x1367.webp 355598 total MB 597.2
ASSET OK https://yamunabuilders.com/wp-content/uploads/2025/11/aerial-shot-hong-kong-night-300x200.webp 18546 total MB 597.2
ASSET OK https://yamunabuilders.com/wp-content/uploads/2025/11/aerial-shot-hong-kong-night-350x350.webp 44497 total MB 597.2
ASSET OK https://yamunabuilders.com/wp-content/uploads/2025/11/aerial-shot-hong-kong-night-400x269.webp 40523 total MB 597.3
ASSET OK https://yamunabuilders.com/wp-content/uploads/2025/11/aerial-shot-hong-kong-night-500x1000.webp 138751 total MB 597.4
ASSET OK https://yamunabuilders.com/wp-content/uploads/2025/11/aerial-shot-hong-kong-night-500x500.webp 83164 total MB 597.5
ASSET OK https://yamunabuilders.com/wp-content/uploads/2025/11/aerial-shot-hong-kong-night-600x403.webp 82571 total MB 597.6
ASSET OK https://yamunabuilders.com/wp-content/uploads/2025/11/aerial-shot-hong-kong-night-670x335.webp 79414 total MB 597.7
ASSET OK https://yamunabuilders.com/wp-content/uploads/2025/11/aerial-shot-hong-kong-night-768x513.webp 89142 total MB 597.7
ASSET OK https://yamunabuilders.com/wp-content/uploads/2025/11/aerial-shot-hong-kong-night-800x800.webp 103701 total MB 597.8
ASSET OK https://yamunabuilders.com/wp-content/uploads/2025/11/aerial-shot-hong-kong-night-900x600.webp 117544 total MB 598.0
ASSET OK https://yamunabuilders.com/wp-content/uploads/2025/11/aerial-shot-hong-kong-night-900x604.webp 163699 total MB 598.1
ASSET OK https://yamunabuilders.com/wp-content/uploads/2026/01/2582-what-makes-yamuna-homes-different-from-other-builders-in-mangalore-002-1000x1000.webp 111190 total MB 598.2
ASSET OK https://yamunabuilders.com/wp-content/uploads/2026/01/2582-what-makes-yamuna-homes-different-from-other-builders-in-mangalore-002-1000x500.webp 69866 total MB 598.3
ASSET OK https://yamunabuilders.com/wp-content/uploads/2026/01/2582-what-makes-yamuna-homes-different-from-other-builders-in-mangalore-002-100x100.webp 26624 total MB 598.3
ASSET OK https://yamunabuilders.com/wp-content/uploads/2026/01/2582-what-makes-yamuna-homes-different-from-other-builders-in-mangalore-002-1080x720.webp 100204 total MB 598.4
ASSET OK https://yamunabuilders.com/wp-content/uploads/2026/01/2582-what-makes-yamuna-homes-different-from-other-builders-in-mangalore-002-140x140.webp 27982 total MB 598.5
ASSET OK https://yamunabuilders.com/wp-content/uploads/2026/01/2582-what-makes-yamuna-homes-different-from-other-builders-in-mangalore-002-150x100.webp 27670 total MB 598.5
ASSET OK https://yamunabuilders.com/wp-content/uploads/2026/01/2582-what-makes-yamuna-homes-different-from-other-builders-in-mangalore-002-1870x770.webp 137938 total MB 598.6
ASSET OK https://yamunabuilders.com/wp-content/uploads/2026/01/2582-what-makes-yamuna-homes-different-from-other-builders-in-mangalore-002-300x200.webp 33482 total MB 598.7
ASSET OK https://yamunabuilders.com/wp-content/uploads/2026/01/2582-what-makes-yamuna-homes-different-from-other-builders-in-mangalore-002-350x350.webp 39688 total MB 598.7
ASSET OK https://yamunabuilders.com/wp-content/uploads/2026/01/2582-what-makes-yamuna-homes-different-from-other-builders-in-mangalore-002-400x269.webp 39340 total MB 598.7
ASSET OK https://yamunabuilders.com/wp-content/uploads/2026/01/2582-what-makes-yamuna-homes-different-from-other-builders-in-mangalore-002-500x1000.webp 59032 total MB 598.8
ASSET OK https://yamunabuilders.com/wp-content/uploads/2026/01/2582-what-makes-yamuna-homes-different-from-other-builders-in-mangalore-002-500x500.webp 51806 total MB 598.9
ASSET OK https://yamunabuilders.com/wp-content/uploads/2026/01/2582-what-makes-yamuna-homes-different-from-other-builders-in-mangalore-002-600x403.webp 52474 total MB 598.9
ASSET OK https://yamunabuilders.com/wp-content/uploads/2026/01/2582-what-makes-yamuna-homes-different-from-other-builders-in-mangalore-002-670x335.webp 48314 total MB 599.0
ASSET OK https://yamunabuilders.com/wp-content/uploads/2026/01/2582-what-makes-yamuna-homes-different-from-other-builders-in-mangalore-002-768x512.webp 66560 total MB 599.0
ASSET OK https://yamunabuilders.com/wp-content/uploads/2026/01/2582-what-makes-yamuna-homes-different-from-other-builders-in-mangalore-002-800x800.webp 83582 total MB 599.1
ASSET OK https://yamunabuilders.com/wp-content/uploads/2026/01/2582-what-makes-yamuna-homes-different-from-other-builders-in-mangalore-002-900x600.webp 80410 total MB 599.2
ASSET OK https://yamunabuilders.com/wp-content/uploads/2026/01/2582-what-makes-yamuna-homes-different-from-other-builders-in-mangalore-002-900x604.webp 80764 total MB 599.3
ASSET OK https://yamunabuilders.com/wp-content/uploads/2026/01/2582-what-makes-yamuna-homes-different-from-other-builders-in-mangalore-003-1000x1000.webp 70792 total MB 599.3
ASSET OK https://yamunabuilders.com/wp-content/uploads/2026/01/2582-what-makes-yamuna-homes-different-from-other-builders-in-mangalore-003-1000x500.webp 52810 total MB 599.4
ASSET OK https://yamunabuilders.com/wp-content/uploads/2026/01/2582-what-makes-yamuna-homes-different-from-other-builders-in-mangalore-003-100x100.webp 22634 total MB 599.4
ASSET OK https://yamunabuilders.com/wp-content/uploads/2026/01/2582-what-makes-yamuna-homes-different-from-other-builders-in-mangalore-003-1080x721.webp 63480 total MB 599.5
ASSET OK https://yamunabuilders.com/wp-content/uploads/2026/01/2582-what-makes-yamuna-homes-different-from-other-builders-in-mangalore-003-140x140.webp 23894 total MB 599.5
ASSET OK https://yamunabuilders.com/wp-content/uploads/2026/01/2582-what-makes-yamuna-homes-different-from-other-builders-in-mangalore-003-150x100.webp 23266 total MB 599.5
ASSET OK https://yamunabuilders.com/wp-content/uploads/2026/01/2582-what-makes-yamuna-homes-different-from-other-builders-in-mangalore-003-1870x770.webp 88336 total MB 599.6
ASSET OK https://yamunabuilders.com/wp-content/uploads/2026/01/2582-what-makes-yamuna-homes-different-from-other-builders-in-mangalore-003-300x200.webp 27544 total MB 599.6
ASSET OK https://yamunabuilders.com/wp-content/uploads/2026/01/2582-what-makes-yamuna-homes-different-from-other-builders-in-mangalore-003-350x350.webp 31932 total MB 599.7
ASSET OK https://yamunabuilders.com/wp-content/uploads/2026/01/2582-what-makes-yamuna-homes-different-from-other-builders-in-mangalore-003-400x269.webp 30964 total MB 599.7
ASSET OK https://yamunabuilders.com/wp-content/uploads/2026/01/2582-what-makes-yamuna-homes-different-from-other-builders-in-mangalore-003-500x1000.webp 50370 total MB 599.7
ASSET OK https://yamunabuilders.com/wp-content/uploads/2026/01/2582-what-makes-yamuna-homes-different-from-other-builders-in-mangalore-003-500x500.webp 39024 total MB 599.8
ASSET OK https://yamunabuilders.com/wp-content/uploads/2026/01/2582-what-makes-yamuna-homes-different-from-other-builders-in-mangalore-003-600x403.webp 38702 total MB 599.8
ASSET OK https://yamunabuilders.com/wp-content/uploads/2026/01/2582-what-makes-yamuna-homes-different-from-other-builders-in-mangalore-003-670x335.webp 37776 total MB 599.9
ASSET OK https://yamunabuilders.com/wp-content/uploads/2026/01/2582-what-makes-yamuna-homes-different-from-other-builders-in-mangalore-003-768x513.webp 46482 total MB 599.9
ASSET OK https://yamunabuilders.com/wp-content/uploads/2026/01/2582-what-makes-yamuna-homes-different-from-other-builders-in-mangalore-003-800x800.webp 56288 total MB 600.0
ASSET OK https://yamunabuilders.com/wp-content/uploads/2026/01/2582-what-makes-yamuna-homes-different-from-other-builders-in-mangalore-003-900x600.webp 53514 total MB 600.0
ASSET OK https://yamunabuilders.com/wp-content/uploads/2026/01/2582-what-makes-yamuna-homes-different-from-other-builders-in-mangalore-003-900x604.webp 52856 total MB 600.1
ASSET OK https://yamunabuilders.com/wp-content/uploads/2026/01/2582-what-makes-yamuna-homes-different-from-other-builders-in-mangalore-004-1000x1000.webp 121766 total MB 600.2
ASSET OK https://yamunabuilders.com/wp-content/uploads/2026/01/2582-what-makes-yamuna-homes-different-from-other-builders-in-mangalore-004-1000x500.webp 76592 total MB 600.3
ASSET OK https://yamunabuilders.com/wp-content/uploads/2026/01/2582-what-makes-yamuna-homes-different-from-other-builders-in-mangalore-004-100x100.webp 26932 total MB 600.3
ASSET OK https://yamunabuilders.com/wp-content/uploads/2026/01/2582-what-makes-yamuna-homes-different-from-other-builders-in-mangalore-004-1080x720.webp 100868 total MB 600.4
ASSET OK https://yamunabuilders.com/wp-content/uploads/2026/01/2582-what-makes-yamuna-homes-different-from-other-builders-in-mangalore-004-140x140.webp 28470 total MB 600.4
ASSET OK https://yamunabuilders.com/wp-content/uploads/2026/01/2582-what-makes-yamuna-homes-different-from-other-builders-in-mangalore-004-150x100.webp 27844 total MB 600.5
ASSET OK https://yamunabuilders.com/wp-content/uploads/2026/01/2582-what-makes-yamuna-homes-different-from-other-builders-in-mangalore-004-1870x770.webp 164628 total MB 600.6
ASSET OK https://yamunabuilders.com/wp-content/uploads/2026/01/2582-what-makes-yamuna-homes-different-from-other-builders-in-mangalore-004-300x200.webp 34130 total MB 600.7
ASSET OK https://yamunabuilders.com/wp-content/uploads/2026/01/2582-what-makes-yamuna-homes-different-from-other-builders-in-mangalore-004-350x350.webp 41532 total MB 600.7
ASSET OK https://yamunabuilders.com/wp-content/uploads/2026/01/2582-what-makes-yamuna-homes-different-from-other-builders-in-mangalore-004-400x269.webp 39746 total MB 600.7
ASSET OK https://yamunabuilders.com/wp-content/uploads/2026/01/2582-what-makes-yamuna-homes-different-from-other-builders-in-mangalore-004-500x1000.webp 78522 total MB 600.8
ASSET OK https://yamunabuilders.com/wp-content/uploads/2026/01/2582-what-makes-yamuna-homes-different-from-other-builders-in-mangalore-004-500x500.webp 55902 total MB 600.9
ASSET OK https://yamunabuilders.com/wp-content/uploads/2026/01/2582-what-makes-yamuna-homes-different-from-other-builders-in-mangalore-004-600x403.webp 53814 total MB 600.9
ASSET OK https://yamunabuilders.com/wp-content/uploads/2026/01/2582-what-makes-yamuna-homes-different-from-other-builders-in-mangalore-004-670x335.webp 51734 total MB 601.0
ASSET OK https://yamunabuilders.com/wp-content/uploads/2026/01/2582-what-makes-yamuna-homes-different-from-other-builders-in-mangalore-004-768x512.webp 67624 total MB 601.0
ASSET OK https://yamunabuilders.com/wp-content/uploads/2026/01/2582-what-makes-yamuna-homes-different-from-other-builders-in-mangalore-004-800x800.webp 91574 total MB 601.1
ASSET OK https://yamunabuilders.com/wp-content/uploads/2026/01/2582-what-makes-yamuna-homes-different-from-other-builders-in-mangalore-004-900x600.webp 80912 total MB 601.2
ASSET OK https://yamunabuilders.com/wp-content/uploads/2026/01/2582-what-makes-yamuna-homes-different-from-other-builders-in-mangalore-004-900x604.webp 81576 total MB 601.3
ASSET OK https://yamunabuilders.com/wp-content/uploads/2026/01/2582-what-makes-yamuna-homes-different-from-other-builders-in-mangalore-005-1000x1000.webp 79444 total MB 601.4
ASSET OK https://yamunabuilders.com/wp-content/uploads/2026/01/2582-what-makes-yamuna-homes-different-from-other-builders-in-mangalore-005-1000x500.webp 58116 total MB 601.4
ASSET OK https://yamunabuilders.com/wp-content/uploads/2026/01/2582-what-makes-yamuna-homes-different-from-other-builders-in-mangalore-005-100x100.webp 25812 total MB 601.5
ASSET OK https://yamunabuilders.com/wp-content/uploads/2026/01/2582-what-makes-yamuna-homes-different-from-other-builders-in-mangalore-005-1080x720.webp 67518 total MB 601.5
ASSET OK https://yamunabuilders.com/wp-content/uploads/2026/01/2582-what-makes-yamuna-homes-different-from-other-builders-in-mangalore-005-140x140.webp 26946 total MB 601.6
ASSET OK https://yamunabuilders.com/wp-content/uploads/2026/01/2582-what-makes-yamuna-homes-different-from-other-builders-in-mangalore-005-150x100.webp 26654 total MB 601.6
ASSET OK https://yamunabuilders.com/wp-content/uploads/2026/01/2582-what-makes-yamuna-homes-different-from-other-builders-in-mangalore-005-1870x770.webp 118384 total MB 601.7
ASSET OK https://yamunabuilders.com/wp-content/uploads/2026/01/2582-what-makes-yamuna-homes-different-from-other-builders-in-mangalore-005-300x200.webp 30974 total MB 601.7
ASSET OK https://yamunabuilders.com/wp-content/uploads/2026/01/2582-what-makes-yamuna-homes-different-from-other-builders-in-mangalore-005-350x350.webp 34982 total MB 601.8
ASSET OK https://yamunabuilders.com/wp-content/uploads/2026/01/2582-what-makes-yamuna-homes-different-from-other-builders-in-mangalore-005-400x269.webp 34190 total MB 601.8
ASSET OK https://yamunabuilders.com/wp-content/uploads/2026/01/2582-what-makes-yamuna-homes-different-from-other-builders-in-mangalore-005-500x1000.webp 48900 total MB 601.8
ASSET OK https://yamunabuilders.com/wp-content/uploads/2026/01/2582-what-makes-yamuna-homes-different-from-other-builders-in-mangalore-005-500x500.webp 42682 total MB 601.9
ASSET OK https://yamunabuilders.com/wp-content/uploads/2026/01/2582-what-makes-yamuna-homes-different-from-other-builders-in-mangalore-005-600x403.webp 42006 total MB 601.9
ASSET OK https://yamunabuilders.com/wp-content/uploads/2026/01/2582-what-makes-yamuna-homes-different-from-other-builders-in-mangalore-005-670x335.webp 42898 total MB 602.0
ASSET OK https://yamunabuilders.com/wp-content/uploads/2026/01/2582-what-makes-yamuna-homes-different-from-other-builders-in-mangalore-005-768x512.webp 50230 total MB 602.0
ASSET OK https://yamunabuilders.com/wp-content/uploads/2026/01/2582-what-makes-yamuna-homes-different-from-other-builders-in-mangalore-005-800x800.webp 62032 total MB 602.1
ASSET OK https://yamunabuilders.com/wp-content/uploads/2026/01/2582-what-makes-yamuna-homes-different-from-other-builders-in-mangalore-005-900x600.webp 57948 total MB 602.1
ASSET OK https://yamunabuilders.com/wp-content/uploads/2026/01/2582-what-makes-yamuna-homes-different-from-other-builders-in-mangalore-005-900x604.webp 57858 total MB 602.2
ASSET OK https://yamunabuilders.com/wp-content/uploads/2026/01/2582-what-makes-yamuna-homes-different-from-other-builders-in-mangalore-006-1000x1000.webp 88660 total MB 602.3
ASSET OK https://yamunabuilders.com/wp-content/uploads/2026/01/2582-what-makes-yamuna-homes-different-from-other-builders-in-mangalore-006-1000x500.webp 61552 total MB 602.4
ASSET OK https://yamunabuilders.com/wp-content/uploads/2026/01/2582-what-makes-yamuna-homes-different-from-other-builders-in-mangalore-006-100x100.webp 25730 total MB 602.4
ASSET OK https://yamunabuilders.com/wp-content/uploads/2026/01/2582-what-makes-yamuna-homes-different-from-other-builders-in-mangalore-006-1080x720.webp 78560 total MB 602.5
ASSET OK https://yamunabuilders.com/wp-content/uploads/2026/01/2582-what-makes-yamuna-homes-different-from-other-builders-in-mangalore-006-140x140.webp 26702 total MB 602.5
ASSET OK https://yamunabuilders.com/wp-content/uploads/2026/01/2582-what-makes-yamuna-homes-different-from-other-builders-in-mangalore-006-150x100.webp 26478 total MB 602.5
ASSET OK https://yamunabuilders.com/wp-content/uploads/2026/01/2582-what-makes-yamuna-homes-different-from-other-builders-in-mangalore-006-1870x770.webp 120774 total MB 602.6
ASSET OK https://yamunabuilders.com/wp-content/uploads/2026/01/2582-what-makes-yamuna-homes-different-from-other-builders-in-mangalore-006-300x200.webp 30992 total MB 602.7
ASSET OK https://yamunabuilders.com/wp-content/uploads/2026/01/2582-what-makes-yamuna-homes-different-from-other-builders-in-mangalore-006-350x350.webp 35138 total MB 602.7
ASSET OK https://yamunabuilders.com/wp-content/uploads/2026/01/2582-what-makes-yamuna-homes-different-from-other-builders-in-mangalore-006-400x269.webp 34888 total MB 602.7
ASSET OK https://yamunabuilders.com/wp-content/uploads/2026/01/2582-what-makes-yamuna-homes-different-from-other-builders-in-mangalore-006-500x1000.webp 55572 total MB 602.8
ASSET OK https://yamunabuilders.com/wp-content/uploads/2026/01/2582-what-makes-yamuna-homes-different-from-other-builders-in-mangalore-006-500x500.webp 44466 total MB 602.8
ASSET OK https://yamunabuilders.com/wp-content/uploads/2026/01/2582-what-makes-yamuna-homes-different-from-other-builders-in-mangalore-006-600x403.webp 44278 total MB 602.9
ASSET OK https://yamunabuilders.com/wp-content/uploads/2026/01/2582-what-makes-yamuna-homes-different-from-other-builders-in-mangalore-006-670x335.webp 43356 total MB 602.9
ASSET OK https://yamunabuilders.com/wp-content/uploads/2026/01/2582-what-makes-yamuna-homes-different-from-other-builders-in-mangalore-006-768x512.webp 54754 total MB 603.0
ASSET OK https://yamunabuilders.com/wp-content/uploads/2026/01/2582-what-makes-yamuna-homes-different-from-other-builders-in-mangalore-006-800x800.webp 67618 total MB 603.0
ASSET OK https://yamunabuilders.com/wp-content/uploads/2026/01/2582-what-makes-yamuna-homes-different-from-other-builders-in-mangalore-006-900x600.webp 64094 total MB 603.1
ASSET OK https://yamunabuilders.com/wp-content/uploads/2026/01/2582-what-makes-yamuna-homes-different-from-other-builders-in-mangalore-006-900x604.webp 64084 total MB 603.2
ASSET OK https://yamunabuilders.com/wp-content/uploads/2026/01/2582-what-makes-yamuna-homes-different-from-other-builders-in-mangalore-007-1000x1000.webp 74740 total MB 603.2
ASSET OK https://yamunabuilders.com/wp-content/uploads/2026/01/2582-what-makes-yamuna-homes-different-from-other-builders-in-mangalore-007-1000x500.webp 61004 total MB 603.3
ASSET OK https://yamunabuilders.com/wp-content/uploads/2026/01/2582-what-makes-yamuna-homes-different-from-other-builders-in-mangalore-007-100x100.webp 26160 total MB 603.3
ASSET OK https://yamunabuilders.com/wp-content/uploads/2026/01/2582-what-makes-yamuna-homes-different-from-other-builders-in-mangalore-007-1080x720.webp 75904 total MB 603.4
ASSET OK https://yamunabuilders.com/wp-content/uploads/2026/01/2582-what-makes-yamuna-homes-different-from-other-builders-in-mangalore-007-140x140.webp 27280 total MB 603.4
ASSET OK https://yamunabuilders.com/wp-content/uploads/2026/01/2582-what-makes-yamuna-homes-different-from-other-builders-in-mangalore-007-150x100.webp 27344 total MB 603.5
ASSET OK https://yamunabuilders.com/wp-content/uploads/2026/01/2582-what-makes-yamuna-homes-different-from-other-builders-in-mangalore-007-1870x770.webp 126988 total MB 603.6
ASSET OK https://yamunabuilders.com/wp-content/uploads/2026/01/2582-what-makes-yamuna-homes-different-from-other-builders-in-mangalore-007-300x200.webp 32164 total MB 603.6
ASSET OK https://yamunabuilders.com/wp-content/uploads/2026/01/2582-what-makes-yamuna-homes-different-from-other-builders-in-mangalore-007-350x350.webp 34808 total MB 603.7
ASSET OK https://yamunabuilders.com/wp-content/uploads/2026/01/2582-what-makes-yamuna-homes-different-from-other-builders-in-mangalore-007-400x269.webp 36498 total MB 603.7
ASSET OK https://yamunabuilders.com/wp-content/uploads/2026/01/2582-what-makes-yamuna-homes-different-from-other-builders-in-mangalore-007-500x1000.webp 45444 total MB 603.7
ASSET OK https://yamunabuilders.com/wp-content/uploads/2026/01/2582-what-makes-yamuna-homes-different-from-other-builders-in-mangalore-007-500x500.webp 42386 total MB 603.8
ASSET OK https://yamunabuilders.com/wp-content/uploads/2026/01/2582-what-makes-yamuna-homes-different-from-other-builders-in-mangalore-007-600x403.webp 45672 total MB 603.8
ASSET OK https://yamunabuilders.com/wp-content/uploads/2026/01/2582-what-makes-yamuna-homes-different-from-other-builders-in-mangalore-007-670x335.webp 44244 total MB 603.9
ASSET OK https://yamunabuilders.com/wp-content/uploads/2026/01/2582-what-makes-yamuna-homes-different-from-other-builders-in-mangalore-007-768x512.webp 54764 total MB 603.9
ASSET OK https://yamunabuilders.com/wp-content/uploads/2026/01/2582-what-makes-yamuna-homes-different-from-other-builders-in-mangalore-007-800x800.webp 59158 total MB 604.0
ASSET OK https://yamunabuilders.com/wp-content/uploads/2026/01/2582-what-makes-yamuna-homes-different-from-other-builders-in-mangalore-007-900x600.webp 63996 total MB 604.1
ASSET OK https://yamunabuilders.com/wp-content/uploads/2026/01/2582-what-makes-yamuna-homes-different-from-other-builders-in-mangalore-007-900x604.webp 63672 total MB 604.1
ASSET OK https://yamunabuilders.com/wp-content/uploads/2026/02/2596-why-mangalore-is-becoming-a-preferred-city-for-apartment-living-001-1000x1000.webp 44306 total MB 604.2
ASSET OK https://yamunabuilders.com/wp-content/uploads/2026/02/2596-why-mangalore-is-becoming-a-preferred-city-for-apartment-living-001-1000x500.webp 29952 total MB 604.2
ASSET OK https://yamunabuilders.com/wp-content/uploads/2026/02/2596-why-mangalore-is-becoming-a-preferred-city-for-apartment-living-001-100x100.webp 1682 total MB 604.2
ASSET OK https://yamunabuilders.com/wp-content/uploads/2026/02/2596-why-mangalore-is-becoming-a-preferred-city-for-apartment-living-001-1080x721.webp 40816 total MB 604.2
ASSET OK https://yamunabuilders.com/wp-content/uploads/2026/02/2596-why-mangalore-is-becoming-a-preferred-city-for-apartment-living-001-140x140.webp 2574 total MB 604.2
ASSET OK https://yamunabuilders.com/wp-content/uploads/2026/02/2596-why-mangalore-is-becoming-a-preferred-city-for-apartment-living-001-150x100.webp 2296 total MB 604.2
ASSET OK https://yamunabuilders.com/wp-content/uploads/2026/02/2596-why-mangalore-is-becoming-a-preferred-city-for-apartment-living-001-1870x770.webp 62654 total MB 604.3
ASSET OK https://yamunabuilders.com/wp-content/uploads/2026/02/2596-why-mangalore-is-becoming-a-preferred-city-for-apartment-living-001-300x200.webp 6022 total MB 604.3
ASSET OK https://yamunabuilders.com/wp-content/uploads/2026/02/2596-why-mangalore-is-becoming-a-preferred-city-for-apartment-living-001-350x350.webp 9266 total MB 604.3
ASSET OK https://yamunabuilders.com/wp-content/uploads/2026/02/2596-why-mangalore-is-becoming-a-preferred-city-for-apartment-living-001-400x269.webp 9022 total MB 604.3
ASSET OK https://yamunabuilders.com/wp-content/uploads/2026/02/2596-why-mangalore-is-becoming-a-preferred-city-for-apartment-living-001-500x1000.webp 19084 total MB 604.3
ASSET OK https://yamunabuilders.com/wp-content/uploads/2026/02/2596-why-mangalore-is-becoming-a-preferred-city-for-apartment-living-001-500x500.webp 16114 total MB 604.4
ASSET OK https://yamunabuilders.com/wp-content/uploads/2026/02/2596-why-mangalore-is-becoming-a-preferred-city-for-apartment-living-001-600x403.webp 17078 total MB 604.4
ASSET OK https://yamunabuilders.com/wp-content/uploads/2026/02/2596-why-mangalore-is-becoming-a-preferred-city-for-apartment-living-001-670x335.webp 16340 total MB 604.4
ASSET OK https://yamunabuilders.com/wp-content/uploads/2026/02/2596-why-mangalore-is-becoming-a-preferred-city-for-apartment-living-001-768x513.webp 24430 total MB 604.4
ASSET OK https://yamunabuilders.com/wp-content/uploads/2026/02/2596-why-mangalore-is-becoming-a-preferred-city-for-apartment-living-001-800x800.webp 31552 total MB 604.4
ASSET OK https://yamunabuilders.com/wp-content/uploads/2026/02/2596-why-mangalore-is-becoming-a-preferred-city-for-apartment-living-001-900x600.webp 31174 total MB 604.5
ASSET OK https://yamunabuilders.com/wp-content/uploads/2026/02/2596-why-mangalore-is-becoming-a-preferred-city-for-apartment-living-001-900x604.webp 31200 total MB 604.5
ASSET OK https://yamunabuilders.com/wp-content/uploads/2026/02/2596-why-mangalore-is-becoming-a-preferred-city-for-apartment-living-002-1000x1000.webp 122006 total MB 604.6
ASSET OK https://yamunabuilders.com/wp-content/uploads/2026/02/2596-why-mangalore-is-becoming-a-preferred-city-for-apartment-living-002-1000x500.webp 86326 total MB 604.7
ASSET OK https://yamunabuilders.com/wp-content/uploads/2026/02/2596-why-mangalore-is-becoming-a-preferred-city-for-apartment-living-002-100x100.webp 37592 total MB 604.8
ASSET OK https://yamunabuilders.com/wp-content/uploads/2026/02/2596-why-mangalore-is-becoming-a-preferred-city-for-apartment-living-002-1080x720.webp 116204 total MB 604.9
ASSET OK https://yamunabuilders.com/wp-content/uploads/2026/02/2596-why-mangalore-is-becoming-a-preferred-city-for-apartment-living-002-140x140.webp 39394 total MB 604.9
ASSET OK https://yamunabuilders.com/wp-content/uploads/2026/02/2596-why-mangalore-is-becoming-a-preferred-city-for-apartment-living-002-150x100.webp 39356 total MB 605.0
ASSET OK https://yamunabuilders.com/wp-content/uploads/2026/02/2596-why-mangalore-is-becoming-a-preferred-city-for-apartment-living-002-1870x770.webp 118278 total MB 605.1
ASSET OK https://yamunabuilders.com/wp-content/uploads/2026/02/2596-why-mangalore-is-becoming-a-preferred-city-for-apartment-living-002-300x200.webp 47632 total MB 605.1
ASSET OK https://yamunabuilders.com/wp-content/uploads/2026/02/2596-why-mangalore-is-becoming-a-preferred-city-for-apartment-living-002-350x350.webp 53460 total MB 605.2
ASSET OK https://yamunabuilders.com/wp-content/uploads/2026/02/2596-why-mangalore-is-becoming-a-preferred-city-for-apartment-living-002-400x269.webp 54564 total MB 605.2
ASSET OK https://yamunabuilders.com/wp-content/uploads/2026/02/2596-why-mangalore-is-becoming-a-preferred-city-for-apartment-living-002-500x1000.webp 78198 total MB 605.3
ASSET OK https://yamunabuilders.com/wp-content/uploads/2026/02/2596-why-mangalore-is-becoming-a-preferred-city-for-apartment-living-002-500x500.webp 66956 total MB 605.4
ASSET OK https://yamunabuilders.com/wp-content/uploads/2026/02/2596-why-mangalore-is-becoming-a-preferred-city-for-apartment-living-002-600x403.webp 71386 total MB 605.4
ASSET OK https://yamunabuilders.com/wp-content/uploads/2026/02/2596-why-mangalore-is-becoming-a-preferred-city-for-apartment-living-002-670x335.webp 64158 total MB 605.5
ASSET OK https://yamunabuilders.com/wp-content/uploads/2026/02/2596-why-mangalore-is-becoming-a-preferred-city-for-apartment-living-002-768x512.webp 84952 total MB 605.6
ASSET OK https://yamunabuilders.com/wp-content/uploads/2026/02/2596-why-mangalore-is-becoming-a-preferred-city-for-apartment-living-002-800x800.webp 97698 total MB 605.7
ASSET OK https://yamunabuilders.com/wp-content/uploads/2026/02/2596-why-mangalore-is-becoming-a-preferred-city-for-apartment-living-002-900x600.webp 98848 total MB 605.8
ASSET OK https://yamunabuilders.com/wp-content/uploads/2026/02/2596-why-mangalore-is-becoming-a-preferred-city-for-apartment-living-002-900x604.webp 98980 total MB 605.9
ASSET OK https://yamunabuilders.com/wp-content/uploads/2026/02/2596-why-mangalore-is-becoming-a-preferred-city-for-apartment-living-003-1000x1000.webp 87196 total MB 606.0
ASSET OK https://yamunabuilders.com/wp-content/uploads/2026/02/2596-why-mangalore-is-becoming-a-preferred-city-for-apartment-living-003-1000x500.webp 58638 total MB 606.0
ASSET OK https://yamunabuilders.com/wp-content/uploads/2026/02/2596-why-mangalore-is-becoming-a-preferred-city-for-apartment-living-003-100x100.webp 14640 total MB 606.0
ASSET OK https://yamunabuilders.com/wp-content/uploads/2026/02/2596-why-mangalore-is-becoming-a-preferred-city-for-apartment-living-003-1080x675.webp 69644 total MB 606.1
ASSET OK https://yamunabuilders.com/wp-content/uploads/2026/02/2596-why-mangalore-is-becoming-a-preferred-city-for-apartment-living-003-140x140.webp 16262 total MB 606.1
ASSET OK https://yamunabuilders.com/wp-content/uploads/2026/02/2596-why-mangalore-is-becoming-a-preferred-city-for-apartment-living-003-150x94.webp 15086 total MB 606.1
ASSET OK https://yamunabuilders.com/wp-content/uploads/2026/02/2596-why-mangalore-is-becoming-a-preferred-city-for-apartment-living-003-1870x770.webp 106946 total MB 606.3
ASSET OK https://yamunabuilders.com/wp-content/uploads/2026/02/2596-why-mangalore-is-becoming-a-preferred-city-for-apartment-living-003-300x187.webp 20862 total MB 606.3
ASSET OK https://yamunabuilders.com/wp-content/uploads/2026/02/2596-why-mangalore-is-becoming-a-preferred-city-for-apartment-living-003-350x350.webp 28522 total MB 606.3
ASSET OK https://yamunabuilders.com/wp-content/uploads/2026/02/2596-why-mangalore-is-becoming-a-preferred-city-for-apartment-living-003-400x269.webp 26272 total MB 606.3
ASSET OK https://yamunabuilders.com/wp-content/uploads/2026/02/2596-why-mangalore-is-becoming-a-preferred-city-for-apartment-living-003-500x1000.webp 45440 total MB 606.4
ASSET OK https://yamunabuilders.com/wp-content/uploads/2026/02/2596-why-mangalore-is-becoming-a-preferred-city-for-apartment-living-003-500x500.webp 39892 total MB 606.4
ASSET OK https://yamunabuilders.com/wp-content/uploads/2026/02/2596-why-mangalore-is-becoming-a-preferred-city-for-apartment-living-003-600x403.webp 38406 total MB 606.5
ASSET OK https://yamunabuilders.com/wp-content/uploads/2026/02/2596-why-mangalore-is-becoming-a-preferred-city-for-apartment-living-003-670x335.webp 38220 total MB 606.5
ASSET OK https://yamunabuilders.com/wp-content/uploads/2026/02/2596-why-mangalore-is-becoming-a-preferred-city-for-apartment-living-003-768x480.webp 47966 total MB 606.5
ASSET OK https://yamunabuilders.com/wp-content/uploads/2026/02/2596-why-mangalore-is-becoming-a-preferred-city-for-apartment-living-003-800x800.webp 66486 total MB 606.6
ASSET OK https://yamunabuilders.com/wp-content/uploads/2026/02/2596-why-mangalore-is-becoming-a-preferred-city-for-apartment-living-003-900x600.webp 58878 total MB 606.7
ASSET OK https://yamunabuilders.com/wp-content/uploads/2026/02/2596-why-mangalore-is-becoming-a-preferred-city-for-apartment-living-003-900x604.webp 59280 total MB 606.7
ASSET OK https://yamunabuilders.com/wp-content/uploads/2026/02/2596-why-mangalore-is-becoming-a-preferred-city-for-apartment-living-004-1000x1000.webp 160714 total MB 606.9
ASSET OK https://yamunabuilders.com/wp-content/uploads/2026/02/2596-why-mangalore-is-becoming-a-preferred-city-for-apartment-living-004-1000x500.webp 128306 total MB 607.0
ASSET OK https://yamunabuilders.com/wp-content/uploads/2026/02/2596-why-mangalore-is-becoming-a-preferred-city-for-apartment-living-004-100x100.webp 33564 total MB 607.0
ASSET OK https://yamunabuilders.com/wp-content/uploads/2026/02/2596-why-mangalore-is-becoming-a-preferred-city-for-apartment-living-004-1080x719.webp 146948 total MB 607.2
ASSET OK https://yamunabuilders.com/wp-content/uploads/2026/02/2596-why-mangalore-is-becoming-a-preferred-city-for-apartment-living-004-140x140.webp 35580 total MB 607.2
ASSET OK https://yamunabuilders.com/wp-content/uploads/2026/02/2596-why-mangalore-is-becoming-a-preferred-city-for-apartment-living-004-150x100.webp 34872 total MB 607.3
ASSET OK https://yamunabuilders.com/wp-content/uploads/2026/02/2596-why-mangalore-is-becoming-a-preferred-city-for-apartment-living-004-1870x770.webp 262076 total MB 607.5
ASSET OK https://yamunabuilders.com/wp-content/uploads/2026/02/2596-why-mangalore-is-becoming-a-preferred-city-for-apartment-living-004-300x200.webp 43806 total MB 607.6
ASSET OK https://yamunabuilders.com/wp-content/uploads/2026/02/2596-why-mangalore-is-becoming-a-preferred-city-for-apartment-living-004-350x350.webp 53488 total MB 607.6
ASSET OK https://yamunabuilders.com/wp-content/uploads/2026/02/2596-why-mangalore-is-becoming-a-preferred-city-for-apartment-living-004-400x269.webp 52514 total MB 607.7
ASSET OK https://yamunabuilders.com/wp-content/uploads/2026/02/2596-why-mangalore-is-becoming-a-preferred-city-for-apartment-living-004-500x1000.webp 104604 total MB 607.8
ASSET OK https://yamunabuilders.com/wp-content/uploads/2026/02/2596-why-mangalore-is-becoming-a-preferred-city-for-apartment-living-004-500x500.webp 72654 total MB 607.9
ASSET OK https://yamunabuilders.com/wp-content/uploads/2026/02/2596-why-mangalore-is-becoming-a-preferred-city-for-apartment-living-004-600x403.webp 74294 total MB 607.9
ASSET OK https://yamunabuilders.com/wp-content/uploads/2026/02/2596-why-mangalore-is-becoming-a-preferred-city-for-apartment-living-004-670x335.webp 80104 total MB 608.0
ASSET OK https://yamunabuilders.com/wp-content/uploads/2026/02/2596-why-mangalore-is-becoming-a-preferred-city-for-apartment-living-004-768x512.webp 96092 total MB 608.1
ASSET OK https://yamunabuilders.com/wp-content/uploads/2026/02/2596-why-mangalore-is-becoming-a-preferred-city-for-apartment-living-004-800x800.webp 120958 total MB 608.2
ASSET OK https://yamunabuilders.com/wp-content/uploads/2026/02/2596-why-mangalore-is-becoming-a-preferred-city-for-apartment-living-004-900x600.webp 117244 total MB 608.3
ASSET OK https://yamunabuilders.com/wp-content/uploads/2026/02/2596-why-mangalore-is-becoming-a-preferred-city-for-apartment-living-004-900x604.webp 117672 total MB 608.5
ASSET OK https://yamunabuilders.com/wp-content/uploads/2026/02/2596-why-mangalore-is-becoming-a-preferred-city-for-apartment-living-005-1000x1000.webp 177500 total MB 608.6
ASSET OK https://yamunabuilders.com/wp-content/uploads/2026/02/2596-why-mangalore-is-becoming-a-preferred-city-for-apartment-living-005-1000x500.webp 104536 total MB 608.7
ASSET OK https://yamunabuilders.com/wp-content/uploads/2026/02/2596-why-mangalore-is-becoming-a-preferred-city-for-apartment-living-005-100x100.webp 3466 total MB 608.7
ASSET OK https://yamunabuilders.com/wp-content/uploads/2026/02/2596-why-mangalore-is-becoming-a-preferred-city-for-apartment-living-005-1080x720.webp 157848 total MB 608.9
ASSET OK https://yamunabuilders.com/wp-content/uploads/2026/02/2596-why-mangalore-is-becoming-a-preferred-city-for-apartment-living-005-140x140.webp 5748 total MB 608.9
ASSET OK https://yamunabuilders.com/wp-content/uploads/2026/02/2596-why-mangalore-is-becoming-a-preferred-city-for-apartment-living-005-150x100.webp 5100 total MB 608.9
ASSET OK https://yamunabuilders.com/wp-content/uploads/2026/02/2596-why-mangalore-is-becoming-a-preferred-city-for-apartment-living-005-1870x770.webp 252380 total MB 609.2
ASSET OK https://yamunabuilders.com/wp-content/uploads/2026/02/2596-why-mangalore-is-becoming-a-preferred-city-for-apartment-living-005-300x200.webp 15836 total MB 609.2
ASSET OK https://yamunabuilders.com/wp-content/uploads/2026/02/2596-why-mangalore-is-becoming-a-preferred-city-for-apartment-living-005-350x350.webp 25728 total MB 609.2
ASSET OK https://yamunabuilders.com/wp-content/uploads/2026/02/2596-why-mangalore-is-becoming-a-preferred-city-for-apartment-living-005-400x269.webp 26222 total MB 609.2
ASSET OK https://yamunabuilders.com/wp-content/uploads/2026/02/2596-why-mangalore-is-becoming-a-preferred-city-for-apartment-living-005-500x1000.webp 93046 total MB 609.3
ASSET OK https://yamunabuilders.com/wp-content/uploads/2026/02/2596-why-mangalore-is-becoming-a-preferred-city-for-apartment-living-005-500x500.webp 49454 total MB 609.4
ASSET OK https://yamunabuilders.com/wp-content/uploads/2026/02/2596-why-mangalore-is-becoming-a-preferred-city-for-apartment-living-005-600x403.webp 54900 total MB 609.4
ASSET OK https://yamunabuilders.com/wp-content/uploads/2026/02/2596-why-mangalore-is-becoming-a-preferred-city-for-apartment-living-005-670x335.webp 50828 total MB 609.5
ASSET OK https://yamunabuilders.com/wp-content/uploads/2026/02/2596-why-mangalore-is-becoming-a-preferred-city-for-apartment-living-005-768x512.webp 84602 total MB 609.6
ASSET OK https://yamunabuilders.com/wp-content/uploads/2026/02/2596-why-mangalore-is-becoming-a-preferred-city-for-apartment-living-005-800x800.webp 114090 total MB 609.7
ASSET OK https://yamunabuilders.com/wp-content/uploads/2026/02/2596-why-mangalore-is-becoming-a-preferred-city-for-apartment-living-005-900x600.webp 114138 total MB 609.8
ASSET OK https://yamunabuilders.com/wp-content/uploads/2026/02/2596-why-mangalore-is-becoming-a-preferred-city-for-apartment-living-005-900x604.webp 114688 total MB 609.9
ASSET OK https://yamunabuilders.com/wp-content/uploads/2026/02/2621-living-between-the-city-and-the-sea-how-mangalore-is-redefining-sea-view-apartment-living-001-1000x1000.webp 131894 total MB 610.0
ASSET OK https://yamunabuilders.com/wp-content/uploads/2026/02/2621-living-between-the-city-and-the-sea-how-mangalore-is-redefining-sea-view-apartment-living-001-1000x500.webp 84084 total MB 610.1
ASSET OK https://yamunabuilders.com/wp-content/uploads/2026/02/2621-living-between-the-city-and-the-sea-how-mangalore-is-redefining-sea-view-apartment-living-001-100x100.webp 26456 total MB 610.2
ASSET OK https://yamunabuilders.com/wp-content/uploads/2026/02/2621-living-between-the-city-and-the-sea-how-mangalore-is-redefining-sea-view-apartment-living-001-1080x719.webp 109970 total MB 610.3
ASSET OK https://yamunabuilders.com/wp-content/uploads/2026/02/2621-living-between-the-city-and-the-sea-how-mangalore-is-redefining-sea-view-apartment-living-001-140x140.webp 27738 total MB 610.3
ASSET OK https://yamunabuilders.com/wp-content/uploads/2026/02/2621-living-between-the-city-and-the-sea-how-mangalore-is-redefining-sea-view-apartment-living-001-150x100.webp 27162 total MB 610.3
ASSET OK https://yamunabuilders.com/wp-content/uploads/2026/02/2621-living-between-the-city-and-the-sea-how-mangalore-is-redefining-sea-view-apartment-living-001-1870x770.webp 175332 total MB 610.5
ASSET OK https://yamunabuilders.com/wp-content/uploads/2026/02/2621-living-between-the-city-and-the-sea-how-mangalore-is-redefining-sea-view-apartment-living-001-300x200.webp 33146 total MB 610.5
ASSET OK https://yamunabuilders.com/wp-content/uploads/2026/02/2621-living-between-the-city-and-the-sea-how-mangalore-is-redefining-sea-view-apartment-living-001-350x350.webp 40518 total MB 610.6
ASSET OK https://yamunabuilders.com/wp-content/uploads/2026/02/2621-living-between-the-city-and-the-sea-how-mangalore-is-redefining-sea-view-apartment-living-001-400x269.webp 38332 total MB 610.6
ASSET OK https://yamunabuilders.com/wp-content/uploads/2026/02/2621-living-between-the-city-and-the-sea-how-mangalore-is-redefining-sea-view-apartment-living-001-500x1000.webp 82152 total MB 610.7
ASSET OK https://yamunabuilders.com/wp-content/uploads/2026/02/2621-living-between-the-city-and-the-sea-how-mangalore-is-redefining-sea-view-apartment-living-001-500x500.webp 54564 total MB 610.7
ASSET OK https://yamunabuilders.com/wp-content/uploads/2026/02/2621-living-between-the-city-and-the-sea-how-mangalore-is-redefining-sea-view-apartment-living-001-600x403.webp 53892 total MB 610.8
ASSET OK https://yamunabuilders.com/wp-content/uploads/2026/02/2621-living-between-the-city-and-the-sea-how-mangalore-is-redefining-sea-view-apartment-living-001-670x335.webp 51916 total MB 610.8
ASSET OK https://yamunabuilders.com/wp-content/uploads/2026/02/2621-living-between-the-city-and-the-sea-how-mangalore-is-redefining-sea-view-apartment-living-001-768x512.webp 69658 total MB 610.9
ASSET OK https://yamunabuilders.com/wp-content/uploads/2026/02/2621-living-between-the-city-and-the-sea-how-mangalore-is-redefining-sea-view-apartment-living-001-800x800.webp 94486 total MB 611.0
ASSET OK https://yamunabuilders.com/wp-content/uploads/2026/02/2621-living-between-the-city-and-the-sea-how-mangalore-is-redefining-sea-view-apartment-living-001-900x600.webp 86104 total MB 611.1
ASSET OK https://yamunabuilders.com/wp-content/uploads/2026/02/2621-living-between-the-city-and-the-sea-how-mangalore-is-redefining-sea-view-apartment-living-001-900x604.webp 86730 total MB 611.2
ASSET OK https://yamunabuilders.com/wp-content/uploads/2026/02/2621-living-between-the-city-and-the-sea-how-mangalore-is-redefining-sea-view-apartment-living-002-1000x1000.webp 115164 total MB 611.3
ASSET OK https://yamunabuilders.com/wp-content/uploads/2026/02/2621-living-between-the-city-and-the-sea-how-mangalore-is-redefining-sea-view-apartment-living-002-1000x500.webp 76994 total MB 611.4
ASSET OK https://yamunabuilders.com/wp-content/uploads/2026/02/2621-living-between-the-city-and-the-sea-how-mangalore-is-redefining-sea-view-apartment-living-002-100x100.webp 40762 total MB 611.4
ASSET OK https://yamunabuilders.com/wp-content/uploads/2026/02/2621-living-between-the-city-and-the-sea-how-mangalore-is-redefining-sea-view-apartment-living-002-1080x608.webp 86102 total MB 611.5
ASSET OK https://yamunabuilders.com/wp-content/uploads/2026/02/2621-living-between-the-city-and-the-sea-how-mangalore-is-redefining-sea-view-apartment-living-002-140x140.webp 41662 total MB 611.5
ASSET OK https://yamunabuilders.com/wp-content/uploads/2026/02/2621-living-between-the-city-and-the-sea-how-mangalore-is-redefining-sea-view-apartment-living-002-150x84.webp 41236 total MB 611.6
ASSET OK https://yamunabuilders.com/wp-content/uploads/2026/02/2621-living-between-the-city-and-the-sea-how-mangalore-is-redefining-sea-view-apartment-living-002-1870x770.webp 142488 total MB 611.7
ASSET OK https://yamunabuilders.com/wp-content/uploads/2026/02/2621-living-between-the-city-and-the-sea-how-mangalore-is-redefining-sea-view-apartment-living-002-300x169.webp 44882 total MB 611.8
ASSET OK https://yamunabuilders.com/wp-content/uploads/2026/02/2621-living-between-the-city-and-the-sea-how-mangalore-is-redefining-sea-view-apartment-living-002-350x350.webp 49782 total MB 611.8
ASSET OK https://yamunabuilders.com/wp-content/uploads/2026/02/2621-living-between-the-city-and-the-sea-how-mangalore-is-redefining-sea-view-apartment-living-002-400x269.webp 49986 total MB 611.9
ASSET OK https://yamunabuilders.com/wp-content/uploads/2026/02/2621-living-between-the-city-and-the-sea-how-mangalore-is-redefining-sea-view-apartment-living-002-500x1000.webp 79822 total MB 612.0
ASSET OK https://yamunabuilders.com/wp-content/uploads/2026/02/2621-living-between-the-city-and-the-sea-how-mangalore-is-redefining-sea-view-apartment-living-002-500x500.webp 60396 total MB 612.0
ASSET OK https://yamunabuilders.com/wp-content/uploads/2026/02/2621-living-between-the-city-and-the-sea-how-mangalore-is-redefining-sea-view-apartment-living-002-600x403.webp 60610 total MB 612.1
ASSET OK https://yamunabuilders.com/wp-content/uploads/2026/02/2621-living-between-the-city-and-the-sea-how-mangalore-is-redefining-sea-view-apartment-living-002-670x335.webp 58056 total MB 612.1
ASSET OK https://yamunabuilders.com/wp-content/uploads/2026/02/2621-living-between-the-city-and-the-sea-how-mangalore-is-redefining-sea-view-apartment-living-002-768x432.webp 65064 total MB 612.2
ASSET OK https://yamunabuilders.com/wp-content/uploads/2026/02/2621-living-between-the-city-and-the-sea-how-mangalore-is-redefining-sea-view-apartment-living-002-800x800.webp 87678 total MB 612.3
ASSET OK https://yamunabuilders.com/wp-content/uploads/2026/02/2621-living-between-the-city-and-the-sea-how-mangalore-is-redefining-sea-view-apartment-living-002-900x600.webp 81680 total MB 612.4
ASSET OK https://yamunabuilders.com/wp-content/uploads/2026/02/2621-living-between-the-city-and-the-sea-how-mangalore-is-redefining-sea-view-apartment-living-002-900x604.webp 82166 total MB 612.4
ASSET OK https://yamunabuilders.com/wp-content/uploads/2026/02/2630-a-detailed-guide-to-residential-apartments-in-mangalore-and-what-buyers-should-evaluate-before-deciding-001-1000x1000.webp 136676 total MB 612.6
ASSET OK https://yamunabuilders.com/wp-content/uploads/2026/02/2630-a-detailed-guide-to-residential-apartments-in-mangalore-and-what-buyers-should-evaluate-before-deciding-001-1000x500.webp 94450 total MB 612.7
ASSET OK https://yamunabuilders.com/wp-content/uploads/2026/02/2630-a-detailed-guide-to-residential-apartments-in-mangalore-and-what-buyers-should-evaluate-before-deciding-001-100x100.webp 33404 total MB 612.7
ASSET OK https://yamunabuilders.com/wp-content/uploads/2026/02/2630-a-detailed-guide-to-residential-apartments-in-mangalore-and-what-buyers-should-evaluate-before-deciding-001-1080x721.webp 125444 total MB 612.8
ASSET OK https://yamunabuilders.com/wp-content/uploads/2026/02/2630-a-detailed-guide-to-residential-apartments-in-mangalore-and-what-buyers-should-evaluate-before-deciding-001-140x140.webp 35018 total MB 612.9
ASSET OK https://yamunabuilders.com/wp-content/uploads/2026/02/2630-a-detailed-guide-to-residential-apartments-in-mangalore-and-what-buyers-should-evaluate-before-deciding-001-150x100.webp 34442 total MB 612.9
ASSET OK https://yamunabuilders.com/wp-content/uploads/2026/02/2630-a-detailed-guide-to-residential-apartments-in-mangalore-and-what-buyers-should-evaluate-before-deciding-001-1870x770.webp 154958 total MB 613.1
ASSET OK https://yamunabuilders.com/wp-content/uploads/2026/02/2630-a-detailed-guide-to-residential-apartments-in-mangalore-and-what-buyers-should-evaluate-before-deciding-001-300x200.webp 41724 total MB 613.1
ASSET OK https://yamunabuilders.com/wp-content/uploads/2026/02/2630-a-detailed-guide-to-residential-apartments-in-mangalore-and-what-buyers-should-evaluate-before-deciding-001-350x350.webp 51106 total MB 613.2
ASSET OK https://yamunabuilders.com/wp-content/uploads/2026/02/2630-a-detailed-guide-to-residential-apartments-in-mangalore-and-what-buyers-should-evaluate-before-deciding-001-400x269.webp 48852 total MB 613.2
ASSET OK https://yamunabuilders.com/wp-content/uploads/2026/02/2630-a-detailed-guide-to-residential-apartments-in-mangalore-and-what-buyers-should-evaluate-before-deciding-001-500x1000.webp 98472 total MB 613.3
ASSET OK https://yamunabuilders.com/wp-content/uploads/2026/02/2630-a-detailed-guide-to-residential-apartments-in-mangalore-and-what-buyers-should-evaluate-before-deciding-001-500x500.webp 68760 total MB 613.4
ASSET OK https://yamunabuilders.com/wp-content/uploads/2026/02/2630-a-detailed-guide-to-residential-apartments-in-mangalore-and-what-buyers-should-evaluate-before-deciding-001-600x403.webp 67770 total MB 613.4
ASSET OK https://yamunabuilders.com/wp-content/uploads/2026/02/2630-a-detailed-guide-to-residential-apartments-in-mangalore-and-what-buyers-should-evaluate-before-deciding-001-670x335.webp 63930 total MB 613.5
ASSET OK https://yamunabuilders.com/wp-content/uploads/2026/02/2630-a-detailed-guide-to-residential-apartments-in-mangalore-and-what-buyers-should-evaluate-before-deciding-001-768x513.webp 86462 total MB 613.6
ASSET OK https://yamunabuilders.com/wp-content/uploads/2026/02/2630-a-detailed-guide-to-residential-apartments-in-mangalore-and-what-buyers-should-evaluate-before-deciding-001-800x800.webp 107594 total MB 613.7
ASSET OK https://yamunabuilders.com/wp-content/uploads/2026/02/2630-a-detailed-guide-to-residential-apartments-in-mangalore-and-what-buyers-should-evaluate-before-deciding-001-900x600.webp 102598 total MB 613.8
ASSET OK https://yamunabuilders.com/wp-content/uploads/2026/02/2630-a-detailed-guide-to-residential-apartments-in-mangalore-and-what-buyers-should-evaluate-before-deciding-001-900x604.webp 102422 total MB 613.9
ASSET OK https://yamunabuilders.com/wp-content/uploads/2026/02/2630-a-detailed-guide-to-residential-apartments-in-mangalore-and-what-buyers-should-evaluate-before-deciding-002-1000x1000.webp 120564 total MB 614.0
ASSET OK https://yamunabuilders.com/wp-content/uploads/2026/02/2630-a-detailed-guide-to-residential-apartments-in-mangalore-and-what-buyers-should-evaluate-before-deciding-002-1000x500.webp 69364 total MB 614.1
ASSET OK https://yamunabuilders.com/wp-content/uploads/2026/02/2630-a-detailed-guide-to-residential-apartments-in-mangalore-and-what-buyers-should-evaluate-before-deciding-002-100x100.webp 12464 total MB 614.1
ASSET OK https://yamunabuilders.com/wp-content/uploads/2026/02/2630-a-detailed-guide-to-residential-apartments-in-mangalore-and-what-buyers-should-evaluate-before-deciding-002-1080x589.webp 82892 total MB 614.2
ASSET OK https://yamunabuilders.com/wp-content/uploads/2026/02/2630-a-detailed-guide-to-residential-apartments-in-mangalore-and-what-buyers-should-evaluate-before-deciding-002-140x140.webp 14144 total MB 614.2
ASSET OK https://yamunabuilders.com/wp-content/uploads/2026/02/2630-a-detailed-guide-to-residential-apartments-in-mangalore-and-what-buyers-should-evaluate-before-deciding-002-150x82.webp 13054 total MB 614.2
ASSET OK https://yamunabuilders.com/wp-content/uploads/2026/02/2630-a-detailed-guide-to-residential-apartments-in-mangalore-and-what-buyers-should-evaluate-before-deciding-002-1870x770.webp 153726 total MB 614.4
ASSET OK https://yamunabuilders.com/wp-content/uploads/2026/02/2630-a-detailed-guide-to-residential-apartments-in-mangalore-and-what-buyers-should-evaluate-before-deciding-002-300x164.webp 19130 total MB 614.4
ASSET OK https://yamunabuilders.com/wp-content/uploads/2026/02/2630-a-detailed-guide-to-residential-apartments-in-mangalore-and-what-buyers-should-evaluate-before-deciding-002-350x350.webp 28566 total MB 614.4
ASSET OK https://yamunabuilders.com/wp-content/uploads/2026/02/2630-a-detailed-guide-to-residential-apartments-in-mangalore-and-what-buyers-should-evaluate-before-deciding-002-400x269.webp 26818 total MB 614.4
ASSET OK https://yamunabuilders.com/wp-content/uploads/2026/02/2630-a-detailed-guide-to-residential-apartments-in-mangalore-and-what-buyers-should-evaluate-before-deciding-002-500x1000.webp 58964 total MB 614.5
ASSET OK https://yamunabuilders.com/wp-content/uploads/2026/02/2630-a-detailed-guide-to-residential-apartments-in-mangalore-and-what-buyers-should-evaluate-before-deciding-002-500x500.webp 44294 total MB 614.5
ASSET OK https://yamunabuilders.com/wp-content/uploads/2026/02/2630-a-detailed-guide-to-residential-apartments-in-mangalore-and-what-buyers-should-evaluate-before-deciding-002-600x403.webp 43414 total MB 614.6
ASSET OK https://yamunabuilders.com/wp-content/uploads/2026/02/2630-a-detailed-guide-to-residential-apartments-in-mangalore-and-what-buyers-should-evaluate-before-deciding-002-670x335.webp 40664 total MB 614.6
ASSET OK https://yamunabuilders.com/wp-content/uploads/2026/02/2630-a-detailed-guide-to-residential-apartments-in-mangalore-and-what-buyers-should-evaluate-before-deciding-002-768x419.webp 51772 total MB 614.7
ASSET OK https://yamunabuilders.com/wp-content/uploads/2026/02/2630-a-detailed-guide-to-residential-apartments-in-mangalore-and-what-buyers-should-evaluate-before-deciding-002-800x800.webp 84466 total MB 614.8
ASSET OK https://yamunabuilders.com/wp-content/uploads/2026/02/2630-a-detailed-guide-to-residential-apartments-in-mangalore-and-what-buyers-should-evaluate-before-deciding-002-900x600.webp 73896 total MB 614.8
ASSET OK https://yamunabuilders.com/wp-content/uploads/2026/02/2630-a-detailed-guide-to-residential-apartments-in-mangalore-and-what-buyers-should-evaluate-before-deciding-002-900x604.webp 74172 total MB 614.9
ASSET OK https://yamunabuilders.com/wp-content/uploads/2026/02/2630-a-detailed-guide-to-residential-apartments-in-mangalore-and-what-buyers-should-evaluate-before-deciding-003-1000x1000.webp 150224 total MB 615.1
ASSET OK https://yamunabuilders.com/wp-content/uploads/2026/02/2630-a-detailed-guide-to-residential-apartments-in-mangalore-and-what-buyers-should-evaluate-before-deciding-003-1000x500.webp 79696 total MB 615.1
ASSET OK https://yamunabuilders.com/wp-content/uploads/2026/02/2630-a-detailed-guide-to-residential-apartments-in-mangalore-and-what-buyers-should-evaluate-before-deciding-003-100x100.webp 7126 total MB 615.2
ASSET OK https://yamunabuilders.com/wp-content/uploads/2026/02/2630-a-detailed-guide-to-residential-apartments-in-mangalore-and-what-buyers-should-evaluate-before-deciding-003-1080x605.webp 99266 total MB 615.3
ASSET OK https://yamunabuilders.com/wp-content/uploads/2026/02/2630-a-detailed-guide-to-residential-apartments-in-mangalore-and-what-buyers-should-evaluate-before-deciding-003-140x140.webp 9172 total MB 615.3
ASSET OK https://yamunabuilders.com/wp-content/uploads/2026/02/2630-a-detailed-guide-to-residential-apartments-in-mangalore-and-what-buyers-should-evaluate-before-deciding-003-150x84.webp 7598 total MB 615.3
ASSET OK https://yamunabuilders.com/wp-content/uploads/2026/02/2630-a-detailed-guide-to-residential-apartments-in-mangalore-and-what-buyers-should-evaluate-before-deciding-003-1870x770.webp 178862 total MB 615.4
ASSET OK https://yamunabuilders.com/wp-content/uploads/2026/02/2630-a-detailed-guide-to-residential-apartments-in-mangalore-and-what-buyers-should-evaluate-before-deciding-003-300x168.webp 14438 total MB 615.5
ASSET OK https://yamunabuilders.com/wp-content/uploads/2026/02/2630-a-detailed-guide-to-residential-apartments-in-mangalore-and-what-buyers-should-evaluate-before-deciding-003-350x350.webp 27834 total MB 615.5
ASSET OK https://yamunabuilders.com/wp-content/uploads/2026/02/2630-a-detailed-guide-to-residential-apartments-in-mangalore-and-what-buyers-should-evaluate-before-deciding-003-400x269.webp 25354 total MB 615.5
ASSET OK https://yamunabuilders.com/wp-content/uploads/2026/02/2630-a-detailed-guide-to-residential-apartments-in-mangalore-and-what-buyers-should-evaluate-before-deciding-003-500x1000.webp 93324 total MB 615.6
ASSET OK https://yamunabuilders.com/wp-content/uploads/2026/02/2630-a-detailed-guide-to-residential-apartments-in-mangalore-and-what-buyers-should-evaluate-before-deciding-003-500x500.webp 49374 total MB 615.7
ASSET OK https://yamunabuilders.com/wp-content/uploads/2026/02/2630-a-detailed-guide-to-residential-apartments-in-mangalore-and-what-buyers-should-evaluate-before-deciding-003-600x403.webp 47670 total MB 615.7
ASSET OK https://yamunabuilders.com/wp-content/uploads/2026/02/2630-a-detailed-guide-to-residential-apartments-in-mangalore-and-what-buyers-should-evaluate-before-deciding-003-670x335.webp 41098 total MB 615.7
ASSET OK https://yamunabuilders.com/wp-content/uploads/2026/02/2630-a-detailed-guide-to-residential-apartments-in-mangalore-and-what-buyers-should-evaluate-before-deciding-003-768x430.webp 55796 total MB 615.8
ASSET OK https://yamunabuilders.com/wp-content/uploads/2026/02/2630-a-detailed-guide-to-residential-apartments-in-mangalore-and-what-buyers-should-evaluate-before-deciding-003-800x800.webp 105254 total MB 615.9
ASSET OK https://yamunabuilders.com/wp-content/uploads/2026/02/2630-a-detailed-guide-to-residential-apartments-in-mangalore-and-what-buyers-should-evaluate-before-deciding-003-900x600.webp 92840 total MB 616.0
ASSET OK https://yamunabuilders.com/wp-content/uploads/2026/02/2630-a-detailed-guide-to-residential-apartments-in-mangalore-and-what-buyers-should-evaluate-before-deciding-003-900x604.webp 93666 total MB 616.1
ASSET OK https://yamunabuilders.com/wp-content/uploads/2026/02/2642-how-mangalores-growing-infrastructure-is-changing-where-people-live-001-1000x1000.webp 168952 total MB 616.3
ASSET OK https://yamunabuilders.com/wp-content/uploads/2026/02/2642-how-mangalores-growing-infrastructure-is-changing-where-people-live-001-1000x500.webp 95252 total MB 616.4
ASSET OK https://yamunabuilders.com/wp-content/uploads/2026/02/2642-how-mangalores-growing-infrastructure-is-changing-where-people-live-001-100x100.webp 3426 total MB 616.4
ASSET OK https://yamunabuilders.com/wp-content/uploads/2026/02/2642-how-mangalores-growing-infrastructure-is-changing-where-people-live-001-1080x605.webp 119168 total MB 616.5
ASSET OK https://yamunabuilders.com/wp-content/uploads/2026/02/2642-how-mangalores-growing-infrastructure-is-changing-where-people-live-001-140x140.webp 5592 total MB 616.5
ASSET OK https://yamunabuilders.com/wp-content/uploads/2026/02/2642-how-mangalores-growing-infrastructure-is-changing-where-people-live-001-150x84.webp 4386 total MB 616.5
ASSET OK https://yamunabuilders.com/wp-content/uploads/2026/02/2642-how-mangalores-growing-infrastructure-is-changing-where-people-live-001-1870x770.webp 251418 total MB 616.7
ASSET OK https://yamunabuilders.com/wp-content/uploads/2026/02/2642-how-mangalores-growing-infrastructure-is-changing-where-people-live-001-300x168.webp 12754 total MB 616.8
ASSET OK https://yamunabuilders.com/wp-content/uploads/2026/02/2642-how-mangalores-growing-infrastructure-is-changing-where-people-live-001-350x350.webp 25856 total MB 616.8
ASSET OK https://yamunabuilders.com/wp-content/uploads/2026/02/2642-how-mangalores-growing-infrastructure-is-changing-where-people-live-001-400x269.webp 23980 total MB 616.8
ASSET OK https://yamunabuilders.com/wp-content/uploads/2026/02/2642-how-mangalores-growing-infrastructure-is-changing-where-people-live-001-500x1000.webp 84542 total MB 616.9
ASSET OK https://yamunabuilders.com/wp-content/uploads/2026/02/2642-how-mangalores-growing-infrastructure-is-changing-where-people-live-001-500x500.webp 49196 total MB 616.9
ASSET OK https://yamunabuilders.com/wp-content/uploads/2026/02/2642-how-mangalores-growing-infrastructure-is-changing-where-people-live-001-600x403.webp 49612 total MB 617.0
ASSET OK https://yamunabuilders.com/wp-content/uploads/2026/02/2642-how-mangalores-growing-infrastructure-is-changing-where-people-live-001-670x335.webp 47582 total MB 617.0
ASSET OK https://yamunabuilders.com/wp-content/uploads/2026/02/2642-how-mangalores-growing-infrastructure-is-changing-where-people-live-001-768x430.webp 64898 total MB 617.1
ASSET OK https://yamunabuilders.com/wp-content/uploads/2026/02/2642-how-mangalores-growing-infrastructure-is-changing-where-people-live-001-800x800.webp 114602 total MB 617.2
ASSET OK https://yamunabuilders.com/wp-content/uploads/2026/02/2642-how-mangalores-growing-infrastructure-is-changing-where-people-live-001-900x600.webp 101450 total MB 617.3
ASSET OK https://yamunabuilders.com/wp-content/uploads/2026/02/2642-how-mangalores-growing-infrastructure-is-changing-where-people-live-001-900x604.webp 102494 total MB 617.4
ASSET OK https://yamunabuilders.com/wp-content/uploads/2026/03/1309-progress-work-135-1000x720.webp 196412 total MB 617.6
ASSET OK https://yamunabuilders.com/wp-content/uploads/2026/03/1309-progress-work-135-1080x608.webp 154760 total MB 617.8
ASSET OK https://yamunabuilders.com/wp-content/uploads/2026/03/2656-beyond-bangalore-how-karnatakas-new-sustainability-push-is-reshaping-real-estate-and-urban-growth-002-1000x1000.webp 259106 total MB 618.0
ASSET OK https://yamunabuilders.com/wp-content/uploads/2026/03/2656-beyond-bangalore-how-karnatakas-new-sustainability-push-is-reshaping-real-estate-and-urban-growth-002-1000x500.webp 162698 total MB 618.2
ASSET OK https://yamunabuilders.com/wp-content/uploads/2026/03/2656-beyond-bangalore-how-karnatakas-new-sustainability-push-is-reshaping-real-estate-and-urban-growth-002-100x100.webp 36734 total MB 618.2
ASSET OK https://yamunabuilders.com/wp-content/uploads/2026/03/2656-beyond-bangalore-how-karnatakas-new-sustainability-push-is-reshaping-real-estate-and-urban-growth-002-1080x719.webp 219986 total MB 618.4
ASSET OK https://yamunabuilders.com/wp-content/uploads/2026/03/2656-beyond-bangalore-how-karnatakas-new-sustainability-push-is-reshaping-real-estate-and-urban-growth-002-140x140.webp 39446 total MB 618.5
ASSET OK https://yamunabuilders.com/wp-content/uploads/2026/03/2656-beyond-bangalore-how-karnatakas-new-sustainability-push-is-reshaping-real-estate-and-urban-growth-002-150x100.webp 38376 total MB 618.5
ASSET OK https://yamunabuilders.com/wp-content/uploads/2026/03/2656-beyond-bangalore-how-karnatakas-new-sustainability-push-is-reshaping-real-estate-and-urban-growth-002-1870x770.webp 363448 total MB 618.9
ASSET OK https://yamunabuilders.com/wp-content/uploads/2026/03/2656-beyond-bangalore-how-karnatakas-new-sustainability-push-is-reshaping-real-estate-and-urban-growth-002-300x200.webp 51030 total MB 618.9
ASSET OK https://yamunabuilders.com/wp-content/uploads/2026/03/2656-beyond-bangalore-how-karnatakas-new-sustainability-push-is-reshaping-real-estate-and-urban-growth-002-350x350.webp 67138 total MB 619.0
ASSET OK https://yamunabuilders.com/wp-content/uploads/2026/03/2656-beyond-bangalore-how-karnatakas-new-sustainability-push-is-reshaping-real-estate-and-urban-growth-002-400x269.webp 63524 total MB 619.1
ASSET OK https://yamunabuilders.com/wp-content/uploads/2026/03/2656-beyond-bangalore-how-karnatakas-new-sustainability-push-is-reshaping-real-estate-and-urban-growth-002-500x1000.webp 149248 total MB 619.2
ASSET OK https://yamunabuilders.com/wp-content/uploads/2026/03/2656-beyond-bangalore-how-karnatakas-new-sustainability-push-is-reshaping-real-estate-and-urban-growth-002-500x500.webp 99054 total MB 619.3
ASSET OK https://yamunabuilders.com/wp-content/uploads/2026/03/2656-beyond-bangalore-how-karnatakas-new-sustainability-push-is-reshaping-real-estate-and-urban-growth-002-600x403.webp 98182 total MB 619.4
ASSET OK https://yamunabuilders.com/wp-content/uploads/2026/03/2656-beyond-bangalore-how-karnatakas-new-sustainability-push-is-reshaping-real-estate-and-urban-growth-002-670x335.webp 95136 total MB 619.5
ASSET OK https://yamunabuilders.com/wp-content/uploads/2026/03/2656-beyond-bangalore-how-karnatakas-new-sustainability-push-is-reshaping-real-estate-and-urban-growth-002-768x512.webp 133320 total MB 619.6
ASSET OK https://yamunabuilders.com/wp-content/uploads/2026/03/2656-beyond-bangalore-how-karnatakas-new-sustainability-push-is-reshaping-real-estate-and-urban-growth-002-800x800.webp 185976 total MB 619.8
ASSET OK https://yamunabuilders.com/wp-content/uploads/2026/03/2656-beyond-bangalore-how-karnatakas-new-sustainability-push-is-reshaping-real-estate-and-urban-growth-002-900x600.webp 169038 total MB 620.0
ASSET OK https://yamunabuilders.com/wp-content/uploads/2026/03/2656-beyond-bangalore-how-karnatakas-new-sustainability-push-is-reshaping-real-estate-and-urban-growth-002-900x604.webp 168876 total MB 620.2
ASSET OK https://yamunabuilders.com/wp-content/uploads/2026/03/2684-yamuna-kamaldeep-twin-tower-004-1000x1000.webp 112958 total MB 620.3
ASSET OK https://yamunabuilders.com/wp-content/uploads/2026/03/2684-yamuna-kamaldeep-twin-tower-004-1000x500.webp 74814 total MB 620.4
ASSET OK https://yamunabuilders.com/wp-content/uploads/2026/03/2684-yamuna-kamaldeep-twin-tower-004-100x100.webp 11206 total MB 620.4
ASSET OK https://yamunabuilders.com/wp-content/uploads/2026/03/2684-yamuna-kamaldeep-twin-tower-004-1080x617.webp 89910 total MB 620.5
ASSET OK https://yamunabuilders.com/wp-content/uploads/2026/03/2684-yamuna-kamaldeep-twin-tower-004-140x140.webp 13106 total MB 620.5
ASSET OK https://yamunabuilders.com/wp-content/uploads/2026/03/2684-yamuna-kamaldeep-twin-tower-004-150x86.webp 11564 total MB 620.5
ASSET OK https://yamunabuilders.com/wp-content/uploads/2026/03/2684-yamuna-kamaldeep-twin-tower-004-1870x770.webp 152412 total MB 620.6
ASSET OK https://yamunabuilders.com/wp-content/uploads/2026/03/2684-yamuna-kamaldeep-twin-tower-004-300x171.webp 17984 total MB 620.7
ASSET OK https://yamunabuilders.com/wp-content/uploads/2026/03/2684-yamuna-kamaldeep-twin-tower-004-350x350.webp 29268 total MB 620.7
ASSET OK https://yamunabuilders.com/wp-content/uploads/2026/03/2684-yamuna-kamaldeep-twin-tower-004-400x269.webp 26054 total MB 620.7
ASSET OK https://yamunabuilders.com/wp-content/uploads/2026/03/2684-yamuna-kamaldeep-twin-tower-004-500x1000.webp 76942 total MB 620.8
ASSET OK https://yamunabuilders.com/wp-content/uploads/2026/03/2684-yamuna-kamaldeep-twin-tower-004-500x500.webp 44800 total MB 620.8
ASSET OK https://yamunabuilders.com/wp-content/uploads/2026/03/2684-yamuna-kamaldeep-twin-tower-004-600x403.webp 42806 total MB 620.9
ASSET OK https://yamunabuilders.com/wp-content/uploads/2026/03/2684-yamuna-kamaldeep-twin-tower-004-670x335.webp 42508 total MB 620.9
ASSET OK https://yamunabuilders.com/wp-content/uploads/2026/03/2684-yamuna-kamaldeep-twin-tower-004-768x439.webp 55646 total MB 621.0
ASSET OK https://yamunabuilders.com/wp-content/uploads/2026/03/2684-yamuna-kamaldeep-twin-tower-004-800x800.webp 80916 total MB 621.1
ASSET OK https://yamunabuilders.com/wp-content/uploads/2026/03/2684-yamuna-kamaldeep-twin-tower-004-900x600.webp 74336 total MB 621.1
ASSET OK https://yamunabuilders.com/wp-content/uploads/2026/03/2684-yamuna-kamaldeep-twin-tower-004-900x604.webp 73286 total MB 621.2
ASSET OK https://yamunabuilders.com/wp-content/uploads/2026/03/2728-why-now-is-the-right-time-to-invest-in-mangalores-fast-developing-residential-locations-001-1000x1000.webp 119378 total MB 621.3
ASSET OK https://yamunabuilders.com/wp-content/uploads/2026/03/2728-why-now-is-the-right-time-to-invest-in-mangalores-fast-developing-residential-locations-001-1000x500.webp 79752 total MB 621.4
ASSET OK https://yamunabuilders.com/wp-content/uploads/2026/03/2728-why-now-is-the-right-time-to-invest-in-mangalores-fast-developing-residential-locations-001-100x100.webp 8776 total MB 621.4
ASSET OK https://yamunabuilders.com/wp-content/uploads/2026/03/2728-why-now-is-the-right-time-to-invest-in-mangalores-fast-developing-residential-locations-001-1080x675.webp 105148 total MB 621.5
ASSET OK https://yamunabuilders.com/wp-content/uploads/2026/03/2728-why-now-is-the-right-time-to-invest-in-mangalores-fast-developing-residential-locations-001-140x140.webp 11170 total MB 621.5
ASSET OK https://yamunabuilders.com/wp-content/uploads/2026/03/2728-why-now-is-the-right-time-to-invest-in-mangalores-fast-developing-residential-locations-001-150x94.webp 9804 total MB 621.5
ASSET OK https://yamunabuilders.com/wp-content/uploads/2026/03/2728-why-now-is-the-right-time-to-invest-in-mangalores-fast-developing-residential-locations-001-1870x770.webp 160382 total MB 621.7
ASSET OK https://yamunabuilders.com/wp-content/uploads/2026/03/2728-why-now-is-the-right-time-to-invest-in-mangalores-fast-developing-residential-locations-001-300x188.webp 19596 total MB 621.7
ASSET OK https://yamunabuilders.com/wp-content/uploads/2026/03/2728-why-now-is-the-right-time-to-invest-in-mangalores-fast-developing-residential-locations-001-350x350.webp 31298 total MB 621.7
ASSET OK https://yamunabuilders.com/wp-content/uploads/2026/03/2728-why-now-is-the-right-time-to-invest-in-mangalores-fast-developing-residential-locations-001-400x269.webp 29120 total MB 621.8
ASSET OK https://yamunabuilders.com/wp-content/uploads/2026/03/2728-why-now-is-the-right-time-to-invest-in-mangalores-fast-developing-residential-locations-001-500x1000.webp 73254 total MB 621.8
ASSET OK https://yamunabuilders.com/wp-content/uploads/2026/03/2728-why-now-is-the-right-time-to-invest-in-mangalores-fast-developing-residential-locations-001-500x500.webp 50034 total MB 621.9
ASSET OK https://yamunabuilders.com/wp-content/uploads/2026/03/2728-why-now-is-the-right-time-to-invest-in-mangalores-fast-developing-residential-locations-001-600x403.webp 50408 total MB 622.0
ASSET OK https://yamunabuilders.com/wp-content/uploads/2026/03/2728-why-now-is-the-right-time-to-invest-in-mangalores-fast-developing-residential-locations-001-670x335.webp 47230 total MB 622.0
ASSET OK https://yamunabuilders.com/wp-content/uploads/2026/03/2728-why-now-is-the-right-time-to-invest-in-mangalores-fast-developing-residential-locations-001-768x480.webp 66624 total MB 622.1
ASSET OK https://yamunabuilders.com/wp-content/uploads/2026/03/2728-why-now-is-the-right-time-to-invest-in-mangalores-fast-developing-residential-locations-001-800x800.webp 90388 total MB 622.2
ASSET OK https://yamunabuilders.com/wp-content/uploads/2026/03/2728-why-now-is-the-right-time-to-invest-in-mangalores-fast-developing-residential-locations-001-900x600.webp 86392 total MB 622.2
ASSET OK https://yamunabuilders.com/wp-content/uploads/2026/03/2728-why-now-is-the-right-time-to-invest-in-mangalores-fast-developing-residential-locations-001-900x604.webp 86358 total MB 622.3
ASSET OK https://yamunabuilders.com/wp-content/uploads/2026/03/2728-why-now-is-the-right-time-to-invest-in-mangalores-fast-developing-residential-locations-002-1000x1000.webp 47888 total MB 622.4
ASSET OK https://yamunabuilders.com/wp-content/uploads/2026/03/2728-why-now-is-the-right-time-to-invest-in-mangalores-fast-developing-residential-locations-002-1000x500.webp 35328 total MB 622.4
ASSET OK https://yamunabuilders.com/wp-content/uploads/2026/03/2728-why-now-is-the-right-time-to-invest-in-mangalores-fast-developing-residential-locations-002-100x100.webp 2822 total MB 622.4
ASSET OK https://yamunabuilders.com/wp-content/uploads/2026/03/2728-why-now-is-the-right-time-to-invest-in-mangalores-fast-developing-residential-locations-002-1080x720.webp 41452 total MB 622.5
ASSET OK https://yamunabuilders.com/wp-content/uploads/2026/03/2728-why-now-is-the-right-time-to-invest-in-mangalores-fast-developing-residential-locations-002-140x140.webp 3978 total MB 622.5
ASSET OK https://yamunabuilders.com/wp-content/uploads/2026/03/2728-why-now-is-the-right-time-to-invest-in-mangalores-fast-developing-residential-locations-002-150x100.webp 3698 total MB 622.5
ASSET OK https://yamunabuilders.com/wp-content/uploads/2026/03/2728-why-now-is-the-right-time-to-invest-in-mangalores-fast-developing-residential-locations-002-1870x770.webp 77102 total MB 622.5
ASSET OK https://yamunabuilders.com/wp-content/uploads/2026/03/2728-why-now-is-the-right-time-to-invest-in-mangalores-fast-developing-residential-locations-002-300x200.webp 7948 total MB 622.5
ASSET OK https://yamunabuilders.com/wp-content/uploads/2026/03/2728-why-now-is-the-right-time-to-invest-in-mangalores-fast-developing-residential-locations-002-350x350.webp 12142 total MB 622.6
ASSET OK https://yamunabuilders.com/wp-content/uploads/2026/03/2728-why-now-is-the-right-time-to-invest-in-mangalores-fast-developing-residential-locations-002-400x269.webp 11358 total MB 622.6
ASSET OK https://yamunabuilders.com/wp-content/uploads/2026/03/2728-why-now-is-the-right-time-to-invest-in-mangalores-fast-developing-residential-locations-002-500x1000.webp 27062 total MB 622.6
ASSET OK https://yamunabuilders.com/wp-content/uploads/2026/03/2728-why-now-is-the-right-time-to-invest-in-mangalores-fast-developing-residential-locations-002-500x500.webp 19286 total MB 622.6
ASSET OK https://yamunabuilders.com/wp-content/uploads/2026/03/2728-why-now-is-the-right-time-to-invest-in-mangalores-fast-developing-residential-locations-002-600x403.webp 19258 total MB 622.6
ASSET OK https://yamunabuilders.com/wp-content/uploads/2026/03/2728-why-now-is-the-right-time-to-invest-in-mangalores-fast-developing-residential-locations-002-670x335.webp 20786 total MB 622.7
ASSET OK https://yamunabuilders.com/wp-content/uploads/2026/03/2728-why-now-is-the-right-time-to-invest-in-mangalores-fast-developing-residential-locations-002-768x512.webp 26288 total MB 622.7
ASSET OK https://yamunabuilders.com/wp-content/uploads/2026/03/2728-why-now-is-the-right-time-to-invest-in-mangalores-fast-developing-residential-locations-002-800x800.webp 35436 total MB 622.7
ASSET OK https://yamunabuilders.com/wp-content/uploads/2026/03/2728-why-now-is-the-right-time-to-invest-in-mangalores-fast-developing-residential-locations-002-900x600.webp 32816 total MB 622.8
ASSET OK https://yamunabuilders.com/wp-content/uploads/2026/03/2728-why-now-is-the-right-time-to-invest-in-mangalores-fast-developing-residential-locations-002-900x604.webp 33076 total MB 622.8
ASSET OK https://yamunabuilders.com/wp-content/uploads/2026/03/2728-why-now-is-the-right-time-to-invest-in-mangalores-fast-developing-residential-locations-003-1000x1000.webp 141958 total MB 622.9
ASSET OK https://yamunabuilders.com/wp-content/uploads/2026/03/2728-why-now-is-the-right-time-to-invest-in-mangalores-fast-developing-residential-locations-003-1000x500.webp 77992 total MB 623.0
ASSET OK https://yamunabuilders.com/wp-content/uploads/2026/03/2728-why-now-is-the-right-time-to-invest-in-mangalores-fast-developing-residential-locations-003-100x100.webp 3480 total MB 623.0
ASSET OK https://yamunabuilders.com/wp-content/uploads/2026/03/2728-why-now-is-the-right-time-to-invest-in-mangalores-fast-developing-residential-locations-003-1080x608.webp 98390 total MB 623.1
ASSET OK https://yamunabuilders.com/wp-content/uploads/2026/03/2728-why-now-is-the-right-time-to-invest-in-mangalores-fast-developing-residential-locations-003-140x140.webp 5984 total MB 623.1
ASSET OK https://yamunabuilders.com/wp-content/uploads/2026/03/2728-why-now-is-the-right-time-to-invest-in-mangalores-fast-developing-residential-locations-003-150x84.webp 4092 total MB 623.1
ASSET OK https://yamunabuilders.com/wp-content/uploads/2026/03/2728-why-now-is-the-right-time-to-invest-in-mangalores-fast-developing-residential-locations-003-1870x770.webp 169574 total MB 623.3
ASSET OK https://yamunabuilders.com/wp-content/uploads/2026/03/2728-why-now-is-the-right-time-to-invest-in-mangalores-fast-developing-residential-locations-003-300x169.webp 12312 total MB 623.3
ASSET OK https://yamunabuilders.com/wp-content/uploads/2026/03/2728-why-now-is-the-right-time-to-invest-in-mangalores-fast-developing-residential-locations-003-350x350.webp 27538 total MB 623.3
ASSET OK https://yamunabuilders.com/wp-content/uploads/2026/03/2728-why-now-is-the-right-time-to-invest-in-mangalores-fast-developing-residential-locations-003-400x269.webp 24368 total MB 623.4
ASSET OK https://yamunabuilders.com/wp-content/uploads/2026/03/2728-why-now-is-the-right-time-to-invest-in-mangalores-fast-developing-residential-locations-003-500x1000.webp 65764 total MB 623.4
ASSET OK https://yamunabuilders.com/wp-content/uploads/2026/03/2728-why-now-is-the-right-time-to-invest-in-mangalores-fast-developing-residential-locations-003-500x500.webp 48676 total MB 623.5
ASSET OK https://yamunabuilders.com/wp-content/uploads/2026/03/2728-why-now-is-the-right-time-to-invest-in-mangalores-fast-developing-residential-locations-003-600x403.webp 46756 total MB 623.5
ASSET OK https://yamunabuilders.com/wp-content/uploads/2026/03/2728-why-now-is-the-right-time-to-invest-in-mangalores-fast-developing-residential-locations-003-670x335.webp 40592 total MB 623.6
ASSET OK https://yamunabuilders.com/wp-content/uploads/2026/03/2728-why-now-is-the-right-time-to-invest-in-mangalores-fast-developing-residential-locations-003-768x432.webp 57128 total MB 623.6
ASSET OK https://yamunabuilders.com/wp-content/uploads/2026/03/2728-why-now-is-the-right-time-to-invest-in-mangalores-fast-developing-residential-locations-003-800x800.webp 100604 total MB 623.7
ASSET OK https://yamunabuilders.com/wp-content/uploads/2026/03/2728-why-now-is-the-right-time-to-invest-in-mangalores-fast-developing-residential-locations-003-900x600.webp 90378 total MB 623.8
ASSET OK https://yamunabuilders.com/wp-content/uploads/2026/03/2728-why-now-is-the-right-time-to-invest-in-mangalores-fast-developing-residential-locations-003-900x604.webp 90014 total MB 623.9
ASSET OK https://yamunabuilders.com/wp-content/uploads/2026/03/2737-what-makes-mangalore-one-of-karnatakas-most-livable-coastal-cities-001-1000x1000.webp 131894 total MB 624.0
ASSET OK https://yamunabuilders.com/wp-content/uploads/2026/03/2737-what-makes-mangalore-one-of-karnatakas-most-livable-coastal-cities-001-1000x500.webp 84084 total MB 624.1
ASSET OK https://yamunabuilders.com/wp-content/uploads/2026/03/2737-what-makes-mangalore-one-of-karnatakas-most-livable-coastal-cities-001-100x100.webp 26456 total MB 624.1
ASSET OK https://yamunabuilders.com/wp-content/uploads/2026/03/2737-what-makes-mangalore-one-of-karnatakas-most-livable-coastal-cities-001-1080x719.webp 109970 total MB 624.2
ASSET OK https://yamunabuilders.com/wp-content/uploads/2026/03/2737-what-makes-mangalore-one-of-karnatakas-most-livable-coastal-cities-001-140x140.webp 27738 total MB 624.3
ASSET OK https://yamunabuilders.com/wp-content/uploads/2026/03/2737-what-makes-mangalore-one-of-karnatakas-most-livable-coastal-cities-001-150x100.webp 27162 total MB 624.3
ASSET OK https://yamunabuilders.com/wp-content/uploads/2026/03/2737-what-makes-mangalore-one-of-karnatakas-most-livable-coastal-cities-001-1870x770.webp 175332 total MB 624.5
ASSET OK https://yamunabuilders.com/wp-content/uploads/2026/03/2737-what-makes-mangalore-one-of-karnatakas-most-livable-coastal-cities-001-300x200.webp 33146 total MB 624.5
ASSET OK https://yamunabuilders.com/wp-content/uploads/2026/03/2737-what-makes-mangalore-one-of-karnatakas-most-livable-coastal-cities-001-350x350.webp 40518 total MB 624.5
ASSET OK https://yamunabuilders.com/wp-content/uploads/2026/03/2737-what-makes-mangalore-one-of-karnatakas-most-livable-coastal-cities-001-400x269.webp 38332 total MB 624.6
ASSET OK https://yamunabuilders.com/wp-content/uploads/2026/03/2737-what-makes-mangalore-one-of-karnatakas-most-livable-coastal-cities-001-500x1000.webp 82152 total MB 624.7
ASSET OK https://yamunabuilders.com/wp-content/uploads/2026/03/2737-what-makes-mangalore-one-of-karnatakas-most-livable-coastal-cities-001-500x500.webp 54564 total MB 624.7
ASSET OK https://yamunabuilders.com/wp-content/uploads/2026/03/2737-what-makes-mangalore-one-of-karnatakas-most-livable-coastal-cities-001-600x403.webp 53892 total MB 624.8
ASSET OK https://yamunabuilders.com/wp-content/uploads/2026/03/2737-what-makes-mangalore-one-of-karnatakas-most-livable-coastal-cities-001-670x335.webp 51916 total MB 624.8
ASSET OK https://yamunabuilders.com/wp-content/uploads/2026/03/2737-what-makes-mangalore-one-of-karnatakas-most-livable-coastal-cities-001-768x512.webp 69658 total MB 624.9
ASSET OK https://yamunabuilders.com/wp-content/uploads/2026/03/2737-what-makes-mangalore-one-of-karnatakas-most-livable-coastal-cities-001-800x800.webp 94486 total MB 625.0
ASSET OK https://yamunabuilders.com/wp-content/uploads/2026/03/2737-what-makes-mangalore-one-of-karnatakas-most-livable-coastal-cities-001-900x600.webp 86104 total MB 625.1
ASSET OK https://yamunabuilders.com/wp-content/uploads/2026/03/2737-what-makes-mangalore-one-of-karnatakas-most-livable-coastal-cities-001-900x604.webp 86730 total MB 625.2
ASSET OK https://yamunabuilders.com/wp-content/uploads/2026/03/2737-what-makes-mangalore-one-of-karnatakas-most-livable-coastal-cities-002-1000x1000.webp 31368 total MB 625.2
ASSET OK https://yamunabuilders.com/wp-content/uploads/2026/03/2737-what-makes-mangalore-one-of-karnatakas-most-livable-coastal-cities-002-1000x500.webp 25372 total MB 625.2
ASSET OK https://yamunabuilders.com/wp-content/uploads/2026/03/2737-what-makes-mangalore-one-of-karnatakas-most-livable-coastal-cities-002-100x100.webp 13048 total MB 625.2
ASSET OK https://yamunabuilders.com/wp-content/uploads/2026/03/2737-what-makes-mangalore-one-of-karnatakas-most-livable-coastal-cities-002-1080x608.webp 29874 total MB 625.3
ASSET OK https://yamunabuilders.com/wp-content/uploads/2026/03/2737-what-makes-mangalore-one-of-karnatakas-most-livable-coastal-cities-002-140x140.webp 13440 total MB 625.3
ASSET OK https://yamunabuilders.com/wp-content/uploads/2026/03/2737-what-makes-mangalore-one-of-karnatakas-most-livable-coastal-cities-002-150x84.webp 13310 total MB 625.3
ASSET OK https://yamunabuilders.com/wp-content/uploads/2026/03/2737-what-makes-mangalore-one-of-karnatakas-most-livable-coastal-cities-002-1870x770.webp 29182 total MB 625.3
ASSET OK https://yamunabuilders.com/wp-content/uploads/2026/03/2737-what-makes-mangalore-one-of-karnatakas-most-livable-coastal-cities-002-300x169.webp 15284 total MB 625.3
ASSET OK https://yamunabuilders.com/wp-content/uploads/2026/03/2737-what-makes-mangalore-one-of-karnatakas-most-livable-coastal-cities-002-350x350.webp 16640 total MB 625.4
ASSET OK https://yamunabuilders.com/wp-content/uploads/2026/03/2737-what-makes-mangalore-one-of-karnatakas-most-livable-coastal-cities-002-400x269.webp 16990 total MB 625.4
ASSET OK https://yamunabuilders.com/wp-content/uploads/2026/03/2737-what-makes-mangalore-one-of-karnatakas-most-livable-coastal-cities-002-500x1000.webp 21378 total MB 625.4
ASSET OK https://yamunabuilders.com/wp-content/uploads/2026/03/2737-what-makes-mangalore-one-of-karnatakas-most-livable-coastal-cities-002-500x500.webp 19802 total MB 625.4
ASSET OK https://yamunabuilders.com/wp-content/uploads/2026/03/2737-what-makes-mangalore-one-of-karnatakas-most-livable-coastal-cities-002-600x403.webp 20922 total MB 625.4
ASSET OK https://yamunabuilders.com/wp-content/uploads/2026/03/2737-what-makes-mangalore-one-of-karnatakas-most-livable-coastal-cities-002-670x335.webp 19732 total MB 625.5
ASSET OK https://yamunabuilders.com/wp-content/uploads/2026/03/2737-what-makes-mangalore-one-of-karnatakas-most-livable-coastal-cities-002-768x432.webp 23418 total MB 625.5
ASSET OK https://yamunabuilders.com/wp-content/uploads/2026/03/2737-what-makes-mangalore-one-of-karnatakas-most-livable-coastal-cities-002-800x800.webp 25802 total MB 625.5
ASSET OK https://yamunabuilders.com/wp-content/uploads/2026/03/2737-what-makes-mangalore-one-of-karnatakas-most-livable-coastal-cities-002-900x600.webp 27162 total MB 625.5
ASSET OK https://yamunabuilders.com/wp-content/uploads/2026/03/2737-what-makes-mangalore-one-of-karnatakas-most-livable-coastal-cities-002-900x604.webp 26868 total MB 625.6
ASSET OK https://yamunabuilders.com/wp-content/uploads/2026/03/2753-introducing-yamuna-kamaldeep-twin-tower-a-new-landmark-designed-to-elevate-modern-living-in-mangalore-001-1000x1000.webp 52846 total MB 625.6
ASSET OK https://yamunabuilders.com/wp-content/uploads/2026/03/2753-introducing-yamuna-kamaldeep-twin-tower-a-new-landmark-designed-to-elevate-modern-living-in-mangalore-001-1000x500.webp 39682 total MB 625.6
ASSET OK https://yamunabuilders.com/wp-content/uploads/2026/03/2753-introducing-yamuna-kamaldeep-twin-tower-a-new-landmark-designed-to-elevate-modern-living-in-mangalore-001-100x100.webp 9098 total MB 625.7
ASSET OK https://yamunabuilders.com/wp-content/uploads/2026/03/2753-introducing-yamuna-kamaldeep-twin-tower-a-new-landmark-designed-to-elevate-modern-living-in-mangalore-001-1080x589.webp 46040 total MB 625.7
ASSET OK https://yamunabuilders.com/wp-content/uploads/2026/03/2753-introducing-yamuna-kamaldeep-twin-tower-a-new-landmark-designed-to-elevate-modern-living-in-mangalore-001-140x140.webp 9830 total MB 625.7
ASSET OK https://yamunabuilders.com/wp-content/uploads/2026/03/2753-introducing-yamuna-kamaldeep-twin-tower-a-new-landmark-designed-to-elevate-modern-living-in-mangalore-001-150x82.webp 9658 total MB 625.7
ASSET OK https://yamunabuilders.com/wp-content/uploads/2026/03/2753-introducing-yamuna-kamaldeep-twin-tower-a-new-landmark-designed-to-elevate-modern-living-in-mangalore-001-1870x770.webp 88994 total MB 625.8
ASSET OK https://yamunabuilders.com/wp-content/uploads/2026/03/2753-introducing-yamuna-kamaldeep-twin-tower-a-new-landmark-designed-to-elevate-modern-living-in-mangalore-001-300x164.webp 12658 total MB 625.8
ASSET OK https://yamunabuilders.com/wp-content/uploads/2026/03/2753-introducing-yamuna-kamaldeep-twin-tower-a-new-landmark-designed-to-elevate-modern-living-in-mangalore-001-350x350.webp 16066 total MB 625.8
ASSET OK https://yamunabuilders.com/wp-content/uploads/2026/03/2753-introducing-yamuna-kamaldeep-twin-tower-a-new-landmark-designed-to-elevate-modern-living-in-mangalore-001-400x269.webp 15794 total MB 625.9
ASSET OK https://yamunabuilders.com/wp-content/uploads/2026/03/2753-introducing-yamuna-kamaldeep-twin-tower-a-new-landmark-designed-to-elevate-modern-living-in-mangalore-001-500x1000.webp 31178 total MB 625.9
ASSET OK https://yamunabuilders.com/wp-content/uploads/2026/03/2753-introducing-yamuna-kamaldeep-twin-tower-a-new-landmark-designed-to-elevate-modern-living-in-mangalore-001-500x500.webp 23320 total MB 625.9
ASSET OK https://yamunabuilders.com/wp-content/uploads/2026/03/2753-introducing-yamuna-kamaldeep-twin-tower-a-new-landmark-designed-to-elevate-modern-living-in-mangalore-001-600x403.webp 23522 total MB 625.9
ASSET OK https://yamunabuilders.com/wp-content/uploads/2026/03/2753-introducing-yamuna-kamaldeep-twin-tower-a-new-landmark-designed-to-elevate-modern-living-in-mangalore-001-670x335.webp 23716 total MB 626.0
ASSET OK https://yamunabuilders.com/wp-content/uploads/2026/03/2753-introducing-yamuna-kamaldeep-twin-tower-a-new-landmark-designed-to-elevate-modern-living-in-mangalore-001-768x419.webp 28904 total MB 626.0
ASSET OK https://yamunabuilders.com/wp-content/uploads/2026/03/2753-introducing-yamuna-kamaldeep-twin-tower-a-new-landmark-designed-to-elevate-modern-living-in-mangalore-001-800x800.webp 39698 total MB 626.0
ASSET OK https://yamunabuilders.com/wp-content/uploads/2026/03/2753-introducing-yamuna-kamaldeep-twin-tower-a-new-landmark-designed-to-elevate-modern-living-in-mangalore-001-900x600.webp 38748 total MB 626.1
ASSET OK https://yamunabuilders.com/wp-content/uploads/2026/03/2753-introducing-yamuna-kamaldeep-twin-tower-a-new-landmark-designed-to-elevate-modern-living-in-mangalore-001-900x604.webp 38682 total MB 626.1
ASSET OK https://yamunabuilders.com/wp-content/uploads/2026/03/2753-introducing-yamuna-kamaldeep-twin-tower-a-new-landmark-designed-to-elevate-modern-living-in-mangalore-002-1000x1000.webp 70286 total MB 626.2
ASSET OK https://yamunabuilders.com/wp-content/uploads/2026/03/2753-introducing-yamuna-kamaldeep-twin-tower-a-new-landmark-designed-to-elevate-modern-living-in-mangalore-002-1000x500.webp 49198 total MB 626.2
ASSET OK https://yamunabuilders.com/wp-content/uploads/2026/03/2753-introducing-yamuna-kamaldeep-twin-tower-a-new-landmark-designed-to-elevate-modern-living-in-mangalore-002-100x100.webp 4148 total MB 626.2
ASSET OK https://yamunabuilders.com/wp-content/uploads/2026/03/2753-introducing-yamuna-kamaldeep-twin-tower-a-new-landmark-designed-to-elevate-modern-living-in-mangalore-002-1080x605.webp 59050 total MB 626.3
ASSET OK https://yamunabuilders.com/wp-content/uploads/2026/03/2753-introducing-yamuna-kamaldeep-twin-tower-a-new-landmark-designed-to-elevate-modern-living-in-mangalore-002-140x140.webp 5492 total MB 626.3
ASSET OK https://yamunabuilders.com/wp-content/uploads/2026/03/2753-introducing-yamuna-kamaldeep-twin-tower-a-new-landmark-designed-to-elevate-modern-living-in-mangalore-002-150x84.webp 4696 total MB 626.3
ASSET OK https://yamunabuilders.com/wp-content/uploads/2026/03/2753-introducing-yamuna-kamaldeep-twin-tower-a-new-landmark-designed-to-elevate-modern-living-in-mangalore-002-1870x770.webp 106268 total MB 626.4
ASSET OK https://yamunabuilders.com/wp-content/uploads/2026/03/2753-introducing-yamuna-kamaldeep-twin-tower-a-new-landmark-designed-to-elevate-modern-living-in-mangalore-002-300x168.webp 9606 total MB 626.4
ASSET OK https://yamunabuilders.com/wp-content/uploads/2026/03/2753-introducing-yamuna-kamaldeep-twin-tower-a-new-landmark-designed-to-elevate-modern-living-in-mangalore-002-350x350.webp 16044 total MB 626.4
ASSET OK https://yamunabuilders.com/wp-content/uploads/2026/03/2753-introducing-yamuna-kamaldeep-twin-tower-a-new-landmark-designed-to-elevate-modern-living-in-mangalore-002-400x269.webp 15332 total MB 626.4
ASSET OK https://yamunabuilders.com/wp-content/uploads/2026/03/2753-introducing-yamuna-kamaldeep-twin-tower-a-new-landmark-designed-to-elevate-modern-living-in-mangalore-002-500x1000.webp 33412 total MB 626.5
ASSET OK https://yamunabuilders.com/wp-content/uploads/2026/03/2753-introducing-yamuna-kamaldeep-twin-tower-a-new-landmark-designed-to-elevate-modern-living-in-mangalore-002-500x500.webp 26474 total MB 626.5
ASSET OK https://yamunabuilders.com/wp-content/uploads/2026/03/2753-introducing-yamuna-kamaldeep-twin-tower-a-new-landmark-designed-to-elevate-modern-living-in-mangalore-002-600x403.webp 27814 total MB 626.5
ASSET OK https://yamunabuilders.com/wp-content/uploads/2026/03/2753-introducing-yamuna-kamaldeep-twin-tower-a-new-landmark-designed-to-elevate-modern-living-in-mangalore-002-670x335.webp 26974 total MB 626.6
ASSET OK https://yamunabuilders.com/wp-content/uploads/2026/03/2753-introducing-yamuna-kamaldeep-twin-tower-a-new-landmark-designed-to-elevate-modern-living-in-mangalore-002-768x430.webp 35228 total MB 626.6
ASSET OK https://yamunabuilders.com/wp-content/uploads/2026/03/2753-introducing-yamuna-kamaldeep-twin-tower-a-new-landmark-designed-to-elevate-modern-living-in-mangalore-002-800x800.webp 51490 total MB 626.6
ASSET OK https://yamunabuilders.com/wp-content/uploads/2026/03/2753-introducing-yamuna-kamaldeep-twin-tower-a-new-landmark-designed-to-elevate-modern-living-in-mangalore-002-900x600.webp 50710 total MB 626.7
ASSET OK https://yamunabuilders.com/wp-content/uploads/2026/03/2753-introducing-yamuna-kamaldeep-twin-tower-a-new-landmark-designed-to-elevate-modern-living-in-mangalore-002-900x604.webp 50516 total MB 626.7
ASSET OK https://yamunabuilders.com/wp-content/uploads/2026/03/2753-introducing-yamuna-kamaldeep-twin-tower-a-new-landmark-designed-to-elevate-modern-living-in-mangalore-003-1000x1000.webp 67438 total MB 626.8
ASSET OK https://yamunabuilders.com/wp-content/uploads/2026/03/2753-introducing-yamuna-kamaldeep-twin-tower-a-new-landmark-designed-to-elevate-modern-living-in-mangalore-003-1000x500.webp 59938 total MB 626.9
ASSET OK https://yamunabuilders.com/wp-content/uploads/2026/03/2753-introducing-yamuna-kamaldeep-twin-tower-a-new-landmark-designed-to-elevate-modern-living-in-mangalore-003-100x100.webp 12070 total MB 626.9
ASSET OK https://yamunabuilders.com/wp-content/uploads/2026/03/2753-introducing-yamuna-kamaldeep-twin-tower-a-new-landmark-designed-to-elevate-modern-living-in-mangalore-003-1080x606.webp 68496 total MB 627.0
ASSET OK https://yamunabuilders.com/wp-content/uploads/2026/03/2753-introducing-yamuna-kamaldeep-twin-tower-a-new-landmark-designed-to-elevate-modern-living-in-mangalore-003-140x140.webp 13724 total MB 627.0
ASSET OK https://yamunabuilders.com/wp-content/uploads/2026/03/2753-introducing-yamuna-kamaldeep-twin-tower-a-new-landmark-designed-to-elevate-modern-living-in-mangalore-003-150x84.webp 13006 total MB 627.0
ASSET OK https://yamunabuilders.com/wp-content/uploads/2026/03/2753-introducing-yamuna-kamaldeep-twin-tower-a-new-landmark-designed-to-elevate-modern-living-in-mangalore-003-1870x770.webp 101416 total MB 627.1
ASSET OK https://yamunabuilders.com/wp-content/uploads/2026/03/2753-introducing-yamuna-kamaldeep-twin-tower-a-new-landmark-designed-to-elevate-modern-living-in-mangalore-003-300x168.webp 19402 total MB 627.1
ASSET OK https://yamunabuilders.com/wp-content/uploads/2026/03/2753-introducing-yamuna-kamaldeep-twin-tower-a-new-landmark-designed-to-elevate-modern-living-in-mangalore-003-350x350.webp 24992 total MB 627.1
ASSET OK https://yamunabuilders.com/wp-content/uploads/2026/03/2753-introducing-yamuna-kamaldeep-twin-tower-a-new-landmark-designed-to-elevate-modern-living-in-mangalore-003-400x269.webp 25650 total MB 627.2
ASSET OK https://yamunabuilders.com/wp-content/uploads/2026/03/2753-introducing-yamuna-kamaldeep-twin-tower-a-new-landmark-designed-to-elevate-modern-living-in-mangalore-003-500x1000.webp 37862 total MB 627.2
ASSET OK https://yamunabuilders.com/wp-content/uploads/2026/03/2753-introducing-yamuna-kamaldeep-twin-tower-a-new-landmark-designed-to-elevate-modern-living-in-mangalore-003-500x500.webp 34410 total MB 627.2
ASSET OK https://yamunabuilders.com/wp-content/uploads/2026/03/2753-introducing-yamuna-kamaldeep-twin-tower-a-new-landmark-designed-to-elevate-modern-living-in-mangalore-003-600x403.webp 38200 total MB 627.3
ASSET OK https://yamunabuilders.com/wp-content/uploads/2026/03/2753-introducing-yamuna-kamaldeep-twin-tower-a-new-landmark-designed-to-elevate-modern-living-in-mangalore-003-670x335.webp 38498 total MB 627.3
ASSET OK https://yamunabuilders.com/wp-content/uploads/2026/03/2753-introducing-yamuna-kamaldeep-twin-tower-a-new-landmark-designed-to-elevate-modern-living-in-mangalore-003-768x431.webp 46390 total MB 627.3
ASSET OK https://yamunabuilders.com/wp-content/uploads/2026/03/2753-introducing-yamuna-kamaldeep-twin-tower-a-new-landmark-designed-to-elevate-modern-living-in-mangalore-003-800x800.webp 53670 total MB 627.4
ASSET OK https://yamunabuilders.com/wp-content/uploads/2026/03/2753-introducing-yamuna-kamaldeep-twin-tower-a-new-landmark-designed-to-elevate-modern-living-in-mangalore-003-900x600.webp 58424 total MB 627.5
ASSET OK https://yamunabuilders.com/wp-content/uploads/2026/03/2753-introducing-yamuna-kamaldeep-twin-tower-a-new-landmark-designed-to-elevate-modern-living-in-mangalore-003-900x604.webp 58254 total MB 627.5
ASSET OK https://yamunabuilders.com/wp-content/uploads/2026/03/2753-introducing-yamuna-kamaldeep-twin-tower-a-new-landmark-designed-to-elevate-modern-living-in-mangalore-004-1000x1000.webp 79496 total MB 627.6
ASSET OK https://yamunabuilders.com/wp-content/uploads/2026/03/2753-introducing-yamuna-kamaldeep-twin-tower-a-new-landmark-designed-to-elevate-modern-living-in-mangalore-004-1000x500.webp 56214 total MB 627.7
ASSET OK https://yamunabuilders.com/wp-content/uploads/2026/03/2753-introducing-yamuna-kamaldeep-twin-tower-a-new-landmark-designed-to-elevate-modern-living-in-mangalore-004-100x100.webp 7550 total MB 627.7
ASSET OK https://yamunabuilders.com/wp-content/uploads/2026/03/2753-introducing-yamuna-kamaldeep-twin-tower-a-new-landmark-designed-to-elevate-modern-living-in-mangalore-004-1080x720.webp 68058 total MB 627.7
ASSET OK https://yamunabuilders.com/wp-content/uploads/2026/03/2753-introducing-yamuna-kamaldeep-twin-tower-a-new-landmark-designed-to-elevate-modern-living-in-mangalore-004-140x140.webp 9100 total MB 627.7
ASSET OK https://yamunabuilders.com/wp-content/uploads/2026/03/2753-introducing-yamuna-kamaldeep-twin-tower-a-new-landmark-designed-to-elevate-modern-living-in-mangalore-004-150x100.webp 8404 total MB 627.7
ASSET OK https://yamunabuilders.com/wp-content/uploads/2026/03/2753-introducing-yamuna-kamaldeep-twin-tower-a-new-landmark-designed-to-elevate-modern-living-in-mangalore-004-1870x770.webp 113156 total MB 627.9
ASSET OK https://yamunabuilders.com/wp-content/uploads/2026/03/2753-introducing-yamuna-kamaldeep-twin-tower-a-new-landmark-designed-to-elevate-modern-living-in-mangalore-004-300x200.webp 14876 total MB 627.9
ASSET OK https://yamunabuilders.com/wp-content/uploads/2026/03/2753-introducing-yamuna-kamaldeep-twin-tower-a-new-landmark-designed-to-elevate-modern-living-in-mangalore-004-350x350.webp 21060 total MB 627.9
ASSET OK https://yamunabuilders.com/wp-content/uploads/2026/03/2753-introducing-yamuna-kamaldeep-twin-tower-a-new-landmark-designed-to-elevate-modern-living-in-mangalore-004-400x269.webp 19764 total MB 627.9
ASSET OK https://yamunabuilders.com/wp-content/uploads/2026/03/2753-introducing-yamuna-kamaldeep-twin-tower-a-new-landmark-designed-to-elevate-modern-living-in-mangalore-004-500x1000.webp 40402 total MB 628.0
ASSET OK https://yamunabuilders.com/wp-content/uploads/2026/03/2753-introducing-yamuna-kamaldeep-twin-tower-a-new-landmark-designed-to-elevate-modern-living-in-mangalore-004-500x500.webp 32286 total MB 628.0
ASSET OK https://yamunabuilders.com/wp-content/uploads/2026/03/2753-introducing-yamuna-kamaldeep-twin-tower-a-new-landmark-designed-to-elevate-modern-living-in-mangalore-004-600x403.webp 32134 total MB 628.0
ASSET OK https://yamunabuilders.com/wp-content/uploads/2026/03/2753-introducing-yamuna-kamaldeep-twin-tower-a-new-landmark-designed-to-elevate-modern-living-in-mangalore-004-670x335.webp 33168 total MB 628.1
ASSET OK https://yamunabuilders.com/wp-content/uploads/2026/03/2753-introducing-yamuna-kamaldeep-twin-tower-a-new-landmark-designed-to-elevate-modern-living-in-mangalore-004-768x512.webp 42936 total MB 628.1
ASSET OK https://yamunabuilders.com/wp-content/uploads/2026/03/2753-introducing-yamuna-kamaldeep-twin-tower-a-new-landmark-designed-to-elevate-modern-living-in-mangalore-004-800x800.webp 58574 total MB 628.2
ASSET OK https://yamunabuilders.com/wp-content/uploads/2026/03/2753-introducing-yamuna-kamaldeep-twin-tower-a-new-landmark-designed-to-elevate-modern-living-in-mangalore-004-900x600.webp 53788 total MB 628.2
ASSET OK https://yamunabuilders.com/wp-content/uploads/2026/03/2753-introducing-yamuna-kamaldeep-twin-tower-a-new-landmark-designed-to-elevate-modern-living-in-mangalore-004-900x604.webp 53900 total MB 628.3
ASSET OK https://yamunabuilders.com/wp-content/uploads/2026/04/2766-how-nris-can-book-an-apartment-in-mangalore-without-visiting-india-001-1000x1000.webp 64238 total MB 628.3
ASSET OK https://yamunabuilders.com/wp-content/uploads/2026/04/2766-how-nris-can-book-an-apartment-in-mangalore-without-visiting-india-001-1000x500.webp 37994 total MB 628.4
ASSET OK https://yamunabuilders.com/wp-content/uploads/2026/04/2766-how-nris-can-book-an-apartment-in-mangalore-without-visiting-india-001-100x100.webp 2168 total MB 628.4
ASSET OK https://yamunabuilders.com/wp-content/uploads/2026/04/2766-how-nris-can-book-an-apartment-in-mangalore-without-visiting-india-001-1080x720.webp 57538 total MB 628.4
ASSET OK https://yamunabuilders.com/wp-content/uploads/2026/04/2766-how-nris-can-book-an-apartment-in-mangalore-without-visiting-india-001-140x140.webp 3396 total MB 628.4
ASSET OK https://yamunabuilders.com/wp-content/uploads/2026/04/2766-how-nris-can-book-an-apartment-in-mangalore-without-visiting-india-001-150x100.webp 3004 total MB 628.4
ASSET OK https://yamunabuilders.com/wp-content/uploads/2026/04/2766-how-nris-can-book-an-apartment-in-mangalore-without-visiting-india-001-1870x770.webp 77804 total MB 628.5
ASSET OK https://yamunabuilders.com/wp-content/uploads/2026/04/2766-how-nris-can-book-an-apartment-in-mangalore-without-visiting-india-001-300x200.webp 8168 total MB 628.5
ASSET OK https://yamunabuilders.com/wp-content/uploads/2026/04/2766-how-nris-can-book-an-apartment-in-mangalore-without-visiting-india-001-350x350.webp 12814 total MB 628.5
ASSET OK https://yamunabuilders.com/wp-content/uploads/2026/04/2766-how-nris-can-book-an-apartment-in-mangalore-without-visiting-india-001-400x269.webp 12634 total MB 628.5
ASSET OK https://yamunabuilders.com/wp-content/uploads/2026/04/2766-how-nris-can-book-an-apartment-in-mangalore-without-visiting-india-001-500x1000.webp 29702 total MB 628.6
ASSET OK https://yamunabuilders.com/wp-content/uploads/2026/04/2766-how-nris-can-book-an-apartment-in-mangalore-without-visiting-india-001-500x500.webp 22240 total MB 628.6
ASSET OK https://yamunabuilders.com/wp-content/uploads/2026/04/2766-how-nris-can-book-an-apartment-in-mangalore-without-visiting-india-001-600x403.webp 24130 total MB 628.6
ASSET OK https://yamunabuilders.com/wp-content/uploads/2026/04/2766-how-nris-can-book-an-apartment-in-mangalore-without-visiting-india-001-670x335.webp 20940 total MB 628.6
ASSET OK https://yamunabuilders.com/wp-content/uploads/2026/04/2766-how-nris-can-book-an-apartment-in-mangalore-without-visiting-india-001-768x512.webp 34288 total MB 628.7
ASSET OK https://yamunabuilders.com/wp-content/uploads/2026/04/2766-how-nris-can-book-an-apartment-in-mangalore-without-visiting-india-001-800x800.webp 45140 total MB 628.7
ASSET OK https://yamunabuilders.com/wp-content/uploads/2026/04/2766-how-nris-can-book-an-apartment-in-mangalore-without-visiting-india-001-900x600.webp 43632 total MB 628.8
ASSET OK https://yamunabuilders.com/wp-content/uploads/2026/04/2766-how-nris-can-book-an-apartment-in-mangalore-without-visiting-india-001-900x604.webp 43916 total MB 628.8
ASSET OK https://yamunabuilders.com/wp-content/uploads/2026/04/2766-how-nris-can-book-an-apartment-in-mangalore-without-visiting-india-002-1000x1000.webp 80890 total MB 628.9
ASSET OK https://yamunabuilders.com/wp-content/uploads/2026/04/2766-how-nris-can-book-an-apartment-in-mangalore-without-visiting-india-002-1000x500.webp 54102 total MB 628.9
ASSET OK https://yamunabuilders.com/wp-content/uploads/2026/04/2766-how-nris-can-book-an-apartment-in-mangalore-without-visiting-india-002-100x100.webp 23476 total MB 629.0
ASSET OK https://yamunabuilders.com/wp-content/uploads/2026/04/2766-how-nris-can-book-an-apartment-in-mangalore-without-visiting-india-002-1080x608.webp 60588 total MB 629.0
ASSET OK https://yamunabuilders.com/wp-content/uploads/2026/04/2766-how-nris-can-book-an-apartment-in-mangalore-without-visiting-india-002-140x140.webp 24950 total MB 629.0
ASSET OK https://yamunabuilders.com/wp-content/uploads/2026/04/2766-how-nris-can-book-an-apartment-in-mangalore-without-visiting-india-002-150x84.webp 23512 total MB 629.1
ASSET OK https://yamunabuilders.com/wp-content/uploads/2026/04/2766-how-nris-can-book-an-apartment-in-mangalore-without-visiting-india-002-1870x770.webp 92420 total MB 629.2
ASSET OK https://yamunabuilders.com/wp-content/uploads/2026/04/2766-how-nris-can-book-an-apartment-in-mangalore-without-visiting-india-002-300x169.webp 27472 total MB 629.2
ASSET OK https://yamunabuilders.com/wp-content/uploads/2026/04/2766-how-nris-can-book-an-apartment-in-mangalore-without-visiting-india-002-350x350.webp 35362 total MB 629.2
ASSET OK https://yamunabuilders.com/wp-content/uploads/2026/04/2766-how-nris-can-book-an-apartment-in-mangalore-without-visiting-india-002-400x269.webp 32758 total MB 629.3
ASSET OK https://yamunabuilders.com/wp-content/uploads/2026/04/2766-how-nris-can-book-an-apartment-in-mangalore-without-visiting-india-002-500x1000.webp 48794 total MB 629.3
ASSET OK https://yamunabuilders.com/wp-content/uploads/2026/04/2766-how-nris-can-book-an-apartment-in-mangalore-without-visiting-india-002-500x500.webp 44512 total MB 629.4
ASSET OK https://yamunabuilders.com/wp-content/uploads/2026/04/2766-how-nris-can-book-an-apartment-in-mangalore-without-visiting-india-002-600x403.webp 41918 total MB 629.4
ASSET OK https://yamunabuilders.com/wp-content/uploads/2026/04/2766-how-nris-can-book-an-apartment-in-mangalore-without-visiting-india-002-670x335.webp 39678 total MB 629.4
ASSET OK https://yamunabuilders.com/wp-content/uploads/2026/04/2766-how-nris-can-book-an-apartment-in-mangalore-without-visiting-india-002-768x432.webp 45328 total MB 629.5
ASSET OK https://yamunabuilders.com/wp-content/uploads/2026/04/2766-how-nris-can-book-an-apartment-in-mangalore-without-visiting-india-002-800x800.webp 65282 total MB 629.5
ASSET OK https://yamunabuilders.com/wp-content/uploads/2026/04/2766-how-nris-can-book-an-apartment-in-mangalore-without-visiting-india-002-900x600.webp 57732 total MB 629.6
ASSET OK https://yamunabuilders.com/wp-content/uploads/2026/04/2766-how-nris-can-book-an-apartment-in-mangalore-without-visiting-india-002-900x604.webp 57634 total MB 629.7
ASSET OK https://yamunabuilders.com/wp-content/uploads/2026/04/2766-how-nris-can-book-an-apartment-in-mangalore-without-visiting-india-003-1000x1000.webp 48500 total MB 629.7
ASSET OK https://yamunabuilders.com/wp-content/uploads/2026/04/2766-how-nris-can-book-an-apartment-in-mangalore-without-visiting-india-003-1000x500.webp 43072 total MB 629.8
ASSET OK https://yamunabuilders.com/wp-content/uploads/2026/04/2766-how-nris-can-book-an-apartment-in-mangalore-without-visiting-india-003-100x100.webp 17768 total MB 629.8
ASSET OK https://yamunabuilders.com/wp-content/uploads/2026/04/2766-how-nris-can-book-an-apartment-in-mangalore-without-visiting-india-003-1080x607.webp 48118 total MB 629.8
ASSET OK https://yamunabuilders.com/wp-content/uploads/2026/04/2766-how-nris-can-book-an-apartment-in-mangalore-without-visiting-india-003-140x140.webp 18774 total MB 629.8
ASSET OK https://yamunabuilders.com/wp-content/uploads/2026/04/2766-how-nris-can-book-an-apartment-in-mangalore-without-visiting-india-003-150x84.webp 18512 total MB 629.9
ASSET OK https://yamunabuilders.com/wp-content/uploads/2026/04/2766-how-nris-can-book-an-apartment-in-mangalore-without-visiting-india-003-1870x770.webp 66486 total MB 629.9
ASSET OK https://yamunabuilders.com/wp-content/uploads/2026/04/2766-how-nris-can-book-an-apartment-in-mangalore-without-visiting-india-003-300x169.webp 22676 total MB 629.9
ASSET OK https://yamunabuilders.com/wp-content/uploads/2026/04/2766-how-nris-can-book-an-apartment-in-mangalore-without-visiting-india-003-350x350.webp 24798 total MB 630.0
ASSET OK https://yamunabuilders.com/wp-content/uploads/2026/04/2766-how-nris-can-book-an-apartment-in-mangalore-without-visiting-india-003-400x269.webp 25832 total MB 630.0
ASSET OK https://yamunabuilders.com/wp-content/uploads/2026/04/2766-how-nris-can-book-an-apartment-in-mangalore-without-visiting-india-003-500x1000.webp 31392 total MB 630.0
ASSET OK https://yamunabuilders.com/wp-content/uploads/2026/04/2766-how-nris-can-book-an-apartment-in-mangalore-without-visiting-india-003-500x500.webp 29696 total MB 630.1
ASSET OK https://yamunabuilders.com/wp-content/uploads/2026/04/2766-how-nris-can-book-an-apartment-in-mangalore-without-visiting-india-003-600x403.webp 31990 total MB 630.1
ASSET OK https://yamunabuilders.com/wp-content/uploads/2026/04/2766-how-nris-can-book-an-apartment-in-mangalore-without-visiting-india-003-670x335.webp 32302 total MB 630.1
ASSET OK https://yamunabuilders.com/wp-content/uploads/2026/04/2766-how-nris-can-book-an-apartment-in-mangalore-without-visiting-india-003-768x432.webp 36098 total MB 630.2
ASSET OK https://yamunabuilders.com/wp-content/uploads/2026/04/2766-how-nris-can-book-an-apartment-in-mangalore-without-visiting-india-003-800x800.webp 40480 total MB 630.2
ASSET OK https://yamunabuilders.com/wp-content/uploads/2026/04/2766-how-nris-can-book-an-apartment-in-mangalore-without-visiting-india-003-900x600.webp 41650 total MB 630.2
ASSET OK https://yamunabuilders.com/wp-content/uploads/2026/04/2766-how-nris-can-book-an-apartment-in-mangalore-without-visiting-india-003-900x604.webp 41536 total MB 630.3
ASSET OK https://yamunabuilders.com/wp-content/uploads/2026/04/2766-how-nris-can-book-an-apartment-in-mangalore-without-visiting-india-004-1000x1000.webp 60074 total MB 630.3
ASSET OK https://yamunabuilders.com/wp-content/uploads/2026/04/2766-how-nris-can-book-an-apartment-in-mangalore-without-visiting-india-004-1000x500.webp 46048 total MB 630.4
ASSET OK https://yamunabuilders.com/wp-content/uploads/2026/04/2766-how-nris-can-book-an-apartment-in-mangalore-without-visiting-india-004-100x100.webp 28912 total MB 630.4
ASSET OK https://yamunabuilders.com/wp-content/uploads/2026/04/2766-how-nris-can-book-an-apartment-in-mangalore-without-visiting-india-004-1080x720.webp 53758 total MB 630.5
ASSET OK https://yamunabuilders.com/wp-content/uploads/2026/04/2766-how-nris-can-book-an-apartment-in-mangalore-without-visiting-india-004-140x140.webp 29694 total MB 630.5
ASSET OK https://yamunabuilders.com/wp-content/uploads/2026/04/2766-how-nris-can-book-an-apartment-in-mangalore-without-visiting-india-004-150x100.webp 29388 total MB 630.5
ASSET OK https://yamunabuilders.com/wp-content/uploads/2026/04/2766-how-nris-can-book-an-apartment-in-mangalore-without-visiting-india-004-1870x770.webp 60550 total MB 630.6
ASSET OK https://yamunabuilders.com/wp-content/uploads/2026/04/2766-how-nris-can-book-an-apartment-in-mangalore-without-visiting-india-004-300x200.webp 32200 total MB 630.6
ASSET OK https://yamunabuilders.com/wp-content/uploads/2026/04/2766-how-nris-can-book-an-apartment-in-mangalore-without-visiting-india-004-350x350.webp 35214 total MB 630.7
ASSET OK https://yamunabuilders.com/wp-content/uploads/2026/04/2766-how-nris-can-book-an-apartment-in-mangalore-without-visiting-india-004-400x269.webp 34408 total MB 630.7
ASSET OK https://yamunabuilders.com/wp-content/uploads/2026/04/2766-how-nris-can-book-an-apartment-in-mangalore-without-visiting-india-004-500x1000.webp 51262 total MB 630.7
ASSET OK https://yamunabuilders.com/wp-content/uploads/2026/04/2766-how-nris-can-book-an-apartment-in-mangalore-without-visiting-india-004-500x500.webp 40402 total MB 630.8
ASSET OK https://yamunabuilders.com/wp-content/uploads/2026/04/2766-how-nris-can-book-an-apartment-in-mangalore-without-visiting-india-004-600x403.webp 39360 total MB 630.8
ASSET OK https://yamunabuilders.com/wp-content/uploads/2026/04/2766-how-nris-can-book-an-apartment-in-mangalore-without-visiting-india-004-670x335.webp 37724 total MB 630.9
ASSET OK https://yamunabuilders.com/wp-content/uploads/2026/04/2766-how-nris-can-book-an-apartment-in-mangalore-without-visiting-india-004-768x512.webp 43578 total MB 630.9
ASSET OK https://yamunabuilders.com/wp-content/uploads/2026/04/2766-how-nris-can-book-an-apartment-in-mangalore-without-visiting-india-004-800x800.webp 51220 total MB 631.0
ASSET OK https://yamunabuilders.com/wp-content/uploads/2026/04/2766-how-nris-can-book-an-apartment-in-mangalore-without-visiting-india-004-900x600.webp 48052 total MB 631.0
ASSET OK https://yamunabuilders.com/wp-content/uploads/2026/04/2766-how-nris-can-book-an-apartment-in-mangalore-without-visiting-india-004-900x604.webp 48046 total MB 631.1
ASSET OK https://yamunabuilders.com/wp-content/uploads/2026/04/2774-sky-city-brochure-april-003-1000x1000.webp 201800 total MB 631.3
ASSET OK https://yamunabuilders.com/wp-content/uploads/2026/04/2774-sky-city-brochure-april-003-1000x500.webp 101178 total MB 631.4
ASSET OK https://yamunabuilders.com/wp-content/uploads/2026/04/2774-sky-city-brochure-april-003-100x100.webp 14716 total MB 631.4
ASSET OK https://yamunabuilders.com/wp-content/uploads/2026/04/2774-sky-city-brochure-april-003-1080x608.webp 121706 total MB 631.5
ASSET OK https://yamunabuilders.com/wp-content/uploads/2026/04/2774-sky-city-brochure-april-003-140x140.webp 16626 total MB 631.5
ASSET OK https://yamunabuilders.com/wp-content/uploads/2026/04/2774-sky-city-brochure-april-003-150x84.webp 15156 total MB 631.5
ASSET OK https://yamunabuilders.com/wp-content/uploads/2026/04/2774-sky-city-brochure-april-003-1870x770.webp 267102 total MB 631.8
ASSET OK https://yamunabuilders.com/wp-content/uploads/2026/04/2774-sky-city-brochure-april-003-300x169.webp 22148 total MB 631.8
ASSET OK https://yamunabuilders.com/wp-content/uploads/2026/04/2774-sky-city-brochure-april-003-350x350.webp 37112 total MB 631.8
ASSET OK https://yamunabuilders.com/wp-content/uploads/2026/04/2774-sky-city-brochure-april-003-400x269.webp 32644 total MB 631.9
ASSET OK https://yamunabuilders.com/wp-content/uploads/2026/04/2774-sky-city-brochure-april-003-500x1000.webp 118182 total MB 632.0
ASSET OK https://yamunabuilders.com/wp-content/uploads/2026/04/2774-sky-city-brochure-april-003-500x500.webp 61248 total MB 632.1
ASSET OK https://yamunabuilders.com/wp-content/uploads/2026/04/2774-sky-city-brochure-april-003-600x403.webp 57028 total MB 632.1
ASSET OK https://yamunabuilders.com/wp-content/uploads/2026/04/2774-sky-city-brochure-april-003-670x335.webp 52454 total MB 632.2
ASSET OK https://yamunabuilders.com/wp-content/uploads/2026/04/2774-sky-city-brochure-april-003-768x432.webp 68456 total MB 632.2
ASSET OK https://yamunabuilders.com/wp-content/uploads/2026/04/2774-sky-city-brochure-april-003-800x800.webp 133068 total MB 632.4
ASSET OK https://yamunabuilders.com/wp-content/uploads/2026/04/2774-sky-city-brochure-april-003-900x600.webp 108360 total MB 632.5
ASSET OK https://yamunabuilders.com/wp-content/uploads/2026/04/2774-sky-city-brochure-april-003-900x604.webp 108670 total MB 632.6
ASSET OK https://yamunabuilders.com/wp-content/uploads/2026/04/2774-sky-city-brochure-april-004-1000x1000.webp 89860 total MB 632.7
ASSET OK https://yamunabuilders.com/wp-content/uploads/2026/04/2774-sky-city-brochure-april-004-1000x500.webp 66834 total MB 632.7
ASSET OK https://yamunabuilders.com/wp-content/uploads/2026/04/2774-sky-city-brochure-april-004-100x100.webp 23772 total MB 632.8
ASSET OK https://yamunabuilders.com/wp-content/uploads/2026/04/2774-sky-city-brochure-april-004-1080x720.webp 79438 total MB 632.8
ASSET OK https://yamunabuilders.com/wp-content/uploads/2026/04/2774-sky-city-brochure-april-004-140x140.webp 25522 total MB 632.9
ASSET OK https://yamunabuilders.com/wp-content/uploads/2026/04/2774-sky-city-brochure-april-004-150x100.webp 24862 total MB 632.9
ASSET OK https://yamunabuilders.com/wp-content/uploads/2026/04/2774-sky-city-brochure-april-004-1870x770.webp 114618 total MB 633.0
ASSET OK https://yamunabuilders.com/wp-content/uploads/2026/04/2774-sky-city-brochure-april-004-300x200.webp 31380 total MB 633.0
ASSET OK https://yamunabuilders.com/wp-content/uploads/2026/04/2774-sky-city-brochure-april-004-350x350.webp 37774 total MB 633.1
ASSET OK https://yamunabuilders.com/wp-content/uploads/2026/04/2774-sky-city-brochure-april-004-400x269.webp 36658 total MB 633.1
ASSET OK https://yamunabuilders.com/wp-content/uploads/2026/04/2774-sky-city-brochure-april-004-500x1000.webp 58652 total MB 633.2
ASSET OK https://yamunabuilders.com/wp-content/uploads/2026/04/2774-sky-city-brochure-april-004-500x500.webp 48110 total MB 633.2
ASSET OK https://yamunabuilders.com/wp-content/uploads/2026/04/2774-sky-city-brochure-april-004-600x403.webp 48108 total MB 633.3
ASSET OK https://yamunabuilders.com/wp-content/uploads/2026/04/2774-sky-city-brochure-april-004-670x335.webp 47674 total MB 633.3
ASSET OK https://yamunabuilders.com/wp-content/uploads/2026/04/2774-sky-city-brochure-april-004-768x512.webp 58452 total MB 633.4
ASSET OK https://yamunabuilders.com/wp-content/uploads/2026/04/2774-sky-city-brochure-april-004-800x800.webp 71712 total MB 633.5
ASSET OK https://yamunabuilders.com/wp-content/uploads/2026/04/2774-sky-city-brochure-april-004-900x600.webp 67596 total MB 633.5
ASSET OK https://yamunabuilders.com/wp-content/uploads/2026/04/2774-sky-city-brochure-april-004-900x604.webp 68294 total MB 633.6
ASSET OK https://yamunabuilders.com/wp-content/uploads/2026/04/2774-sky-city-brochure-april-005-1000x1000.webp 68530 total MB 633.7
ASSET OK https://yamunabuilders.com/wp-content/uploads/2026/04/2774-sky-city-brochure-april-005-1000x500.webp 59922 total MB 633.7
ASSET OK https://yamunabuilders.com/wp-content/uploads/2026/04/2774-sky-city-brochure-april-005-100x100.webp 26902 total MB 633.7
ASSET OK https://yamunabuilders.com/wp-content/uploads/2026/04/2774-sky-city-brochure-april-005-1080x720.webp 69310 total MB 633.8
ASSET OK https://yamunabuilders.com/wp-content/uploads/2026/04/2774-sky-city-brochure-april-005-140x140.webp 28098 total MB 633.8
ASSET OK https://yamunabuilders.com/wp-content/uploads/2026/04/2774-sky-city-brochure-april-005-150x100.webp 27894 total MB 633.9
ASSET OK https://yamunabuilders.com/wp-content/uploads/2026/04/2774-sky-city-brochure-april-005-1870x770.webp 98538 total MB 634.0
ASSET OK https://yamunabuilders.com/wp-content/uploads/2026/04/2774-sky-city-brochure-april-005-300x200.webp 32582 total MB 634.0
ASSET OK https://yamunabuilders.com/wp-content/uploads/2026/04/2774-sky-city-brochure-april-005-350x350.webp 35554 total MB 634.0
ASSET OK https://yamunabuilders.com/wp-content/uploads/2026/04/2774-sky-city-brochure-april-005-400x269.webp 36290 total MB 634.1
ASSET OK https://yamunabuilders.com/wp-content/uploads/2026/04/2774-sky-city-brochure-april-005-500x1000.webp 49594 total MB 634.1
ASSET OK https://yamunabuilders.com/wp-content/uploads/2026/04/2774-sky-city-brochure-april-005-500x500.webp 42230 total MB 634.2
ASSET OK https://yamunabuilders.com/wp-content/uploads/2026/04/2774-sky-city-brochure-april-005-600x403.webp 44756 total MB 634.2
ASSET OK https://yamunabuilders.com/wp-content/uploads/2026/04/2774-sky-city-brochure-april-005-670x335.webp 45280 total MB 634.3
ASSET OK https://yamunabuilders.com/wp-content/uploads/2026/04/2774-sky-city-brochure-april-005-768x512.webp 52898 total MB 634.3
ASSET OK https://yamunabuilders.com/wp-content/uploads/2026/04/2774-sky-city-brochure-april-005-800x800.webp 57352 total MB 634.4
ASSET OK https://yamunabuilders.com/wp-content/uploads/2026/04/2774-sky-city-brochure-april-005-900x600.webp 59552 total MB 634.4
ASSET OK https://yamunabuilders.com/wp-content/uploads/2026/04/2774-sky-city-brochure-april-005-900x604.webp 59540 total MB 634.5
ASSET OK https://yamunabuilders.com/wp-content/uploads/2026/04/2774-sky-city-brochure-april-006-1000x1000.webp 51174 total MB 634.5
ASSET OK https://yamunabuilders.com/wp-content/uploads/2026/04/2774-sky-city-brochure-april-006-1000x500.webp 43836 total MB 634.6
ASSET OK https://yamunabuilders.com/wp-content/uploads/2026/04/2774-sky-city-brochure-april-006-100x100.webp 25076 total MB 634.6
ASSET OK https://yamunabuilders.com/wp-content/uploads/2026/04/2774-sky-city-brochure-april-006-1080x720.webp 51014 total MB 634.7
ASSET OK https://yamunabuilders.com/wp-content/uploads/2026/04/2774-sky-city-brochure-april-006-140x140.webp 25836 total MB 634.7
ASSET OK https://yamunabuilders.com/wp-content/uploads/2026/04/2774-sky-city-brochure-april-006-150x100.webp 25964 total MB 634.7
ASSET OK https://yamunabuilders.com/wp-content/uploads/2026/04/2774-sky-city-brochure-april-006-1870x770.webp 60854 total MB 634.8
ASSET OK https://yamunabuilders.com/wp-content/uploads/2026/04/2774-sky-city-brochure-april-006-300x200.webp 29150 total MB 634.8
ASSET OK https://yamunabuilders.com/wp-content/uploads/2026/04/2774-sky-city-brochure-april-006-350x350.webp 30474 total MB 634.8
ASSET OK https://yamunabuilders.com/wp-content/uploads/2026/04/2774-sky-city-brochure-april-006-400x269.webp 31388 total MB 634.9
ASSET OK https://yamunabuilders.com/wp-content/uploads/2026/04/2774-sky-city-brochure-april-006-500x1000.webp 38534 total MB 634.9
ASSET OK https://yamunabuilders.com/wp-content/uploads/2026/04/2774-sky-city-brochure-april-006-500x500.webp 34700 total MB 634.9
ASSET OK https://yamunabuilders.com/wp-content/uploads/2026/04/2774-sky-city-brochure-april-006-600x403.webp 36546 total MB 635.0
ASSET OK https://yamunabuilders.com/wp-content/uploads/2026/04/2774-sky-city-brochure-april-006-670x335.webp 35654 total MB 635.0
ASSET OK https://yamunabuilders.com/wp-content/uploads/2026/04/2774-sky-city-brochure-april-006-768x512.webp 41390 total MB 635.0
ASSET OK https://yamunabuilders.com/wp-content/uploads/2026/04/2774-sky-city-brochure-april-006-800x800.webp 43844 total MB 635.1
ASSET OK https://yamunabuilders.com/wp-content/uploads/2026/04/2774-sky-city-brochure-april-006-900x600.webp 45408 total MB 635.1
ASSET OK https://yamunabuilders.com/wp-content/uploads/2026/04/2774-sky-city-brochure-april-006-900x604.webp 45262 total MB 635.2
ASSET OK https://yamunabuilders.com/wp-content/uploads/2026/04/2774-sky-city-brochure-april-007-1000x1000.webp 119642 total MB 635.3
ASSET OK https://yamunabuilders.com/wp-content/uploads/2026/04/2774-sky-city-brochure-april-007-1000x500.webp 83166 total MB 635.4
ASSET OK https://yamunabuilders.com/wp-content/uploads/2026/04/2774-sky-city-brochure-april-007-100x100.webp 26742 total MB 635.4
ASSET OK https://yamunabuilders.com/wp-content/uploads/2026/04/2774-sky-city-brochure-april-007-1080x810.webp 114774 total MB 635.5
ASSET OK https://yamunabuilders.com/wp-content/uploads/2026/04/2774-sky-city-brochure-april-007-140x140.webp 28428 total MB 635.6
ASSET OK https://yamunabuilders.com/wp-content/uploads/2026/04/2774-sky-city-brochure-april-007-150x113.webp 28310 total MB 635.6
ASSET OK https://yamunabuilders.com/wp-content/uploads/2026/04/2774-sky-city-brochure-april-007-1870x770.webp 156764 total MB 635.7
ASSET OK https://yamunabuilders.com/wp-content/uploads/2026/04/2774-sky-city-brochure-april-007-300x225.webp 35962 total MB 635.8
ASSET OK https://yamunabuilders.com/wp-content/uploads/2026/04/2774-sky-city-brochure-april-007-350x350.webp 41552 total MB 635.8
ASSET OK https://yamunabuilders.com/wp-content/uploads/2026/04/2774-sky-city-brochure-april-007-400x269.webp 40936 total MB 635.9
ASSET OK https://yamunabuilders.com/wp-content/uploads/2026/04/2774-sky-city-brochure-april-007-500x1000.webp 70114 total MB 635.9
ASSET OK https://yamunabuilders.com/wp-content/uploads/2026/04/2774-sky-city-brochure-april-007-500x500.webp 54922 total MB 636.0
ASSET OK https://yamunabuilders.com/wp-content/uploads/2026/04/2774-sky-city-brochure-april-007-600x403.webp 56156 total MB 636.0
ASSET OK https://yamunabuilders.com/wp-content/uploads/2026/04/2774-sky-city-brochure-april-007-670x335.webp 55280 total MB 636.1
ASSET OK https://yamunabuilders.com/wp-content/uploads/2026/04/2774-sky-city-brochure-april-007-768x576.webp 74978 total MB 636.2
ASSET OK https://yamunabuilders.com/wp-content/uploads/2026/04/2774-sky-city-brochure-april-007-800x800.webp 88934 total MB 636.3
ASSET OK https://yamunabuilders.com/wp-content/uploads/2026/04/2774-sky-city-brochure-april-007-900x600.webp 85306 total MB 636.3
ASSET OK https://yamunabuilders.com/wp-content/uploads/2026/04/2774-sky-city-brochure-april-007-900x604.webp 85786 total MB 636.4
ASSET OK https://yamunabuilders.com/wp-content/uploads/2026/04/2774-sky-city-brochure-april-008-1000x1000.webp 80850 total MB 636.5
ASSET OK https://yamunabuilders.com/wp-content/uploads/2026/04/2774-sky-city-brochure-april-008-1000x500.webp 60068 total MB 636.6
ASSET OK https://yamunabuilders.com/wp-content/uploads/2026/04/2774-sky-city-brochure-april-008-100x100.webp 24026 total MB 636.6
ASSET OK https://yamunabuilders.com/wp-content/uploads/2026/04/2774-sky-city-brochure-april-008-1080x719.webp 73524 total MB 636.7
ASSET OK https://yamunabuilders.com/wp-content/uploads/2026/04/2774-sky-city-brochure-april-008-140x140.webp 25204 total MB 636.7
ASSET OK https://yamunabuilders.com/wp-content/uploads/2026/04/2774-sky-city-brochure-april-008-150x100.webp 24902 total MB 636.7
ASSET OK https://yamunabuilders.com/wp-content/uploads/2026/04/2774-sky-city-brochure-april-008-1870x770.webp 108838 total MB 636.8
ASSET OK https://yamunabuilders.com/wp-content/uploads/2026/04/2774-sky-city-brochure-april-008-300x200.webp 30006 total MB 636.9
ASSET OK https://yamunabuilders.com/wp-content/uploads/2026/04/2774-sky-city-brochure-april-008-350x350.webp 34416 total MB 636.9
ASSET OK https://yamunabuilders.com/wp-content/uploads/2026/04/2774-sky-city-brochure-april-008-400x269.webp 33988 total MB 636.9
ASSET OK https://yamunabuilders.com/wp-content/uploads/2026/04/2774-sky-city-brochure-april-008-500x1000.webp 50974 total MB 637.0
ASSET OK https://yamunabuilders.com/wp-content/uploads/2026/04/2774-sky-city-brochure-april-008-500x500.webp 42784 total MB 637.0
ASSET OK https://yamunabuilders.com/wp-content/uploads/2026/04/2774-sky-city-brochure-april-008-600x403.webp 44070 total MB 637.1
ASSET OK https://yamunabuilders.com/wp-content/uploads/2026/04/2774-sky-city-brochure-april-008-670x335.webp 43294 total MB 637.1
ASSET OK https://yamunabuilders.com/wp-content/uploads/2026/04/2774-sky-city-brochure-april-008-768x511.webp 52780 total MB 637.2
ASSET OK https://yamunabuilders.com/wp-content/uploads/2026/04/2774-sky-city-brochure-april-008-800x800.webp 63478 total MB 637.2
ASSET OK https://yamunabuilders.com/wp-content/uploads/2026/04/2774-sky-city-brochure-april-008-900x600.webp 61286 total MB 637.3
ASSET OK https://yamunabuilders.com/wp-content/uploads/2026/04/2774-sky-city-brochure-april-008-900x604.webp 61116 total MB 637.3
ASSET OK https://yamunabuilders.com/wp-content/uploads/2026/04/2774-sky-city-brochure-april-009-1000x1000.webp 95360 total MB 637.4
ASSET OK https://yamunabuilders.com/wp-content/uploads/2026/04/2774-sky-city-brochure-april-009-1000x500.webp 76008 total MB 637.5
ASSET OK https://yamunabuilders.com/wp-content/uploads/2026/04/2774-sky-city-brochure-april-009-100x100.webp 3318 total MB 637.5
ASSET OK https://yamunabuilders.com/wp-content/uploads/2026/04/2774-sky-city-brochure-april-009-1080x675.webp 90762 total MB 637.6
ASSET OK https://yamunabuilders.com/wp-content/uploads/2026/04/2774-sky-city-brochure-april-009-140x140.webp 5544 total MB 637.6
ASSET OK https://yamunabuilders.com/wp-content/uploads/2026/04/2774-sky-city-brochure-april-009-150x94.webp 4798 total MB 637.6
ASSET OK https://yamunabuilders.com/wp-content/uploads/2026/04/2774-sky-city-brochure-april-009-1870x770.webp 151356 total MB 637.8
ASSET OK https://yamunabuilders.com/wp-content/uploads/2026/04/2774-sky-city-brochure-april-009-300x188.webp 13782 total MB 637.8
ASSET OK https://yamunabuilders.com/wp-content/uploads/2026/04/2774-sky-city-brochure-april-009-350x350.webp 22040 total MB 637.8
ASSET OK https://yamunabuilders.com/wp-content/uploads/2026/04/2774-sky-city-brochure-april-009-400x269.webp 22280 total MB 637.8
ASSET OK https://yamunabuilders.com/wp-content/uploads/2026/04/2774-sky-city-brochure-april-009-500x1000.webp 43970 total MB 637.9
ASSET OK https://yamunabuilders.com/wp-content/uploads/2026/04/2774-sky-city-brochure-april-009-500x500.webp 37502 total MB 637.9
ASSET OK https://yamunabuilders.com/wp-content/uploads/2026/04/2774-sky-city-brochure-april-009-600x403.webp 40722 total MB 638.0
ASSET OK https://yamunabuilders.com/wp-content/uploads/2026/04/2774-sky-city-brochure-april-009-670x335.webp 41936 total MB 638.0
ASSET OK https://yamunabuilders.com/wp-content/uploads/2026/04/2774-sky-city-brochure-april-009-768x480.webp 56132 total MB 638.0
ASSET OK https://yamunabuilders.com/wp-content/uploads/2026/04/2774-sky-city-brochure-april-009-800x800.webp 71912 total MB 638.1
ASSET OK https://yamunabuilders.com/wp-content/uploads/2026/04/2774-sky-city-brochure-april-009-900x600.webp 71984 total MB 638.2
ASSET OK https://yamunabuilders.com/wp-content/uploads/2026/04/2774-sky-city-brochure-april-009-900x604.webp 71958 total MB 638.3
ASSET OK https://yamunabuilders.com/wp-content/uploads/2026/04/2774-sky-city-brochure-april-010-1000x1000.webp 68048 total MB 638.3
ASSET OK https://yamunabuilders.com/wp-content/uploads/2026/04/2774-sky-city-brochure-april-010-1000x500.webp 51512 total MB 638.4
ASSET OK https://yamunabuilders.com/wp-content/uploads/2026/04/2774-sky-city-brochure-april-010-100x100.webp 20282 total MB 638.4
ASSET OK https://yamunabuilders.com/wp-content/uploads/2026/04/2774-sky-city-brochure-april-010-1080x570.webp 56464 total MB 638.5
ASSET OK https://yamunabuilders.com/wp-content/uploads/2026/04/2774-sky-city-brochure-april-010-140x140.webp 21796 total MB 638.5
ASSET OK https://yamunabuilders.com/wp-content/uploads/2026/04/2774-sky-city-brochure-april-010-150x79.webp 20444 total MB 638.5
ASSET OK https://yamunabuilders.com/wp-content/uploads/2026/04/2774-sky-city-brochure-april-010-1870x770.webp 79488 total MB 638.6
ASSET OK https://yamunabuilders.com/wp-content/uploads/2026/04/2774-sky-city-brochure-april-010-300x158.webp 25082 total MB 638.6
ASSET OK https://yamunabuilders.com/wp-content/uploads/2026/04/2774-sky-city-brochure-april-010-350x350.webp 31690 total MB 638.6
ASSET OK https://yamunabuilders.com/wp-content/uploads/2026/04/2774-sky-city-brochure-april-010-400x269.webp 30456 total MB 638.7
ASSET OK https://yamunabuilders.com/wp-content/uploads/2026/04/2774-sky-city-brochure-april-010-500x1000.webp 48324 total MB 638.7
ASSET OK https://yamunabuilders.com/wp-content/uploads/2026/04/2774-sky-city-brochure-april-010-500x500.webp 39264 total MB 638.8
ASSET OK https://yamunabuilders.com/wp-content/uploads/2026/04/2774-sky-city-brochure-april-010-600x403.webp 39066 total MB 638.8
ASSET OK https://yamunabuilders.com/wp-content/uploads/2026/04/2774-sky-city-brochure-april-010-670x335.webp 38228 total MB 638.8
ASSET OK https://yamunabuilders.com/wp-content/uploads/2026/04/2774-sky-city-brochure-april-010-768x405.webp 42640 total MB 638.9
ASSET OK https://yamunabuilders.com/wp-content/uploads/2026/04/2774-sky-city-brochure-april-010-800x800.webp 55428 total MB 638.9
ASSET OK https://yamunabuilders.com/wp-content/uploads/2026/04/2774-sky-city-brochure-april-010-900x600.webp 52212 total MB 639.0
ASSET OK https://yamunabuilders.com/wp-content/uploads/2026/04/2774-sky-city-brochure-april-010-900x604.webp 52824 total MB 639.0
ASSET OK https://yamunabuilders.com/wp-content/uploads/2026/04/2774-sky-city-brochure-april-011-1000x1000.webp 86602 total MB 639.1
ASSET OK https://yamunabuilders.com/wp-content/uploads/2026/04/2774-sky-city-brochure-april-011-1000x500.webp 40574 total MB 639.2
ASSET OK https://yamunabuilders.com/wp-content/uploads/2026/04/2774-sky-city-brochure-april-011-100x100.webp 3130 total MB 639.2
ASSET OK https://yamunabuilders.com/wp-content/uploads/2026/04/2774-sky-city-brochure-april-011-1080x608.webp 45444 total MB 639.2
ASSET OK https://yamunabuilders.com/wp-content/uploads/2026/04/2774-sky-city-brochure-april-011-140x140.webp 4968 total MB 639.2
ASSET OK https://yamunabuilders.com/wp-content/uploads/2026/04/2774-sky-city-brochure-april-011-150x84.webp 2760 total MB 639.2
ASSET OK https://yamunabuilders.com/wp-content/uploads/2026/04/2774-sky-city-brochure-april-011-1870x770.webp 100250 total MB 639.3
ASSET OK https://yamunabuilders.com/wp-content/uploads/2026/04/2774-sky-city-brochure-april-011-300x169.webp 7300 total MB 639.3
ASSET OK https://yamunabuilders.com/wp-content/uploads/2026/04/2774-sky-city-brochure-april-011-350x350.webp 18516 total MB 639.3
ASSET OK https://yamunabuilders.com/wp-content/uploads/2026/04/2774-sky-city-brochure-april-011-400x269.webp 14254 total MB 639.4
ASSET OK https://yamunabuilders.com/wp-content/uploads/2026/04/2774-sky-city-brochure-april-011-500x1000.webp 45864 total MB 639.4
ASSET OK https://yamunabuilders.com/wp-content/uploads/2026/04/2774-sky-city-brochure-april-011-500x500.webp 30548 total MB 639.4
ASSET OK https://yamunabuilders.com/wp-content/uploads/2026/04/2774-sky-city-brochure-april-011-600x403.webp 25146 total MB 639.5
ASSET OK https://yamunabuilders.com/wp-content/uploads/2026/04/2774-sky-city-brochure-april-011-670x335.webp 22546 total MB 639.5
ASSET OK https://yamunabuilders.com/wp-content/uploads/2026/04/2774-sky-city-brochure-april-011-768x432.webp 27528 total MB 639.5
ASSET OK https://yamunabuilders.com/wp-content/uploads/2026/04/2774-sky-city-brochure-april-011-800x800.webp 62402 total MB 639.6
ASSET OK https://yamunabuilders.com/wp-content/uploads/2026/04/2774-sky-city-brochure-april-011-900x600.webp 44736 total MB 639.6
ASSET OK https://yamunabuilders.com/wp-content/uploads/2026/04/2774-sky-city-brochure-april-011-900x604.webp 45208 total MB 639.7
ASSET OK https://yamunabuilders.com/wp-content/uploads/2026/04/2774-sky-city-brochure-april-012-1000x1000.webp 86602 total MB 639.8
ASSET OK https://yamunabuilders.com/wp-content/uploads/2026/04/2774-sky-city-brochure-april-012-1000x500.webp 40574 total MB 639.8
ASSET OK https://yamunabuilders.com/wp-content/uploads/2026/04/2774-sky-city-brochure-april-012-100x100.webp 3130 total MB 639.8
ASSET OK https://yamunabuilders.com/wp-content/uploads/2026/04/2774-sky-city-brochure-april-012-1080x608.webp 45444 total MB 639.8
ASSET OK https://yamunabuilders.com/wp-content/uploads/2026/04/2774-sky-city-brochure-april-012-140x140.webp 4968 total MB 639.8
ASSET OK https://yamunabuilders.com/wp-content/uploads/2026/04/2774-sky-city-brochure-april-012-150x84.webp 2760 total MB 639.8
ASSET OK https://yamunabuilders.com/wp-content/uploads/2026/04/2774-sky-city-brochure-april-012-1870x770.webp 100250 total MB 639.9
ASSET OK https://yamunabuilders.com/wp-content/uploads/2026/04/2774-sky-city-brochure-april-012-300x169.webp 7300 total MB 640.0
ASSET OK https://yamunabuilders.com/wp-content/uploads/2026/04/2774-sky-city-brochure-april-012-350x350.webp 18516 total MB 640.0
ASSET OK https://yamunabuilders.com/wp-content/uploads/2026/04/2774-sky-city-brochure-april-012-400x269.webp 14254 total MB 640.0
ASSET OK https://yamunabuilders.com/wp-content/uploads/2026/04/2774-sky-city-brochure-april-012-500x1000.webp 45864 total MB 640.0
ASSET OK https://yamunabuilders.com/wp-content/uploads/2026/04/2774-sky-city-brochure-april-012-500x500.webp 30548 total MB 640.1
ASSET OK https://yamunabuilders.com/wp-content/uploads/2026/04/2774-sky-city-brochure-april-012-600x403.webp 25146 total MB 640.1
ASSET OK https://yamunabuilders.com/wp-content/uploads/2026/04/2774-sky-city-brochure-april-012-670x335.webp 22546 total MB 640.1
ASSET OK https://yamunabuilders.com/wp-content/uploads/2026/04/2774-sky-city-brochure-april-012-768x432.webp 27528 total MB 640.1
ASSET OK https://yamunabuilders.com/wp-content/uploads/2026/04/2774-sky-city-brochure-april-012-800x800.webp 62402 total MB 640.2
ASSET OK https://yamunabuilders.com/wp-content/uploads/2026/04/2774-sky-city-brochure-april-012-900x600.webp 44736 total MB 640.2
ASSET OK https://yamunabuilders.com/wp-content/uploads/2026/04/2774-sky-city-brochure-april-012-900x604.webp 45208 total MB 640.3
ASSET OK https://yamunabuilders.com/wp-content/uploads/2026/04/2774-sky-city-brochure-april-014-1000x1000.webp 105374 total MB 640.4
ASSET OK https://yamunabuilders.com/wp-content/uploads/2026/04/2774-sky-city-brochure-april-014-1000x500.webp 46792 total MB 640.4
ASSET OK https://yamunabuilders.com/wp-content/uploads/2026/04/2774-sky-city-brochure-april-014-100x100.webp 3360 total MB 640.4
ASSET OK https://yamunabuilders.com/wp-content/uploads/2026/04/2774-sky-city-brochure-april-014-1080x608.webp 53304 total MB 640.5
ASSET OK https://yamunabuilders.com/wp-content/uploads/2026/04/2774-sky-city-brochure-april-014-140x140.webp 5430 total MB 640.5
ASSET OK https://yamunabuilders.com/wp-content/uploads/2026/04/2774-sky-city-brochure-april-014-150x84.webp 2904 total MB 640.5
ASSET OK https://yamunabuilders.com/wp-content/uploads/2026/04/2774-sky-city-brochure-april-014-1870x770.webp 111674 total MB 640.6
ASSET OK https://yamunabuilders.com/wp-content/uploads/2026/04/2774-sky-city-brochure-april-014-300x169.webp 7780 total MB 640.6
ASSET OK https://yamunabuilders.com/wp-content/uploads/2026/04/2774-sky-city-brochure-april-014-350x350.webp 21220 total MB 640.7
ASSET OK https://yamunabuilders.com/wp-content/uploads/2026/04/2774-sky-city-brochure-april-014-400x269.webp 15706 total MB 640.7
ASSET OK https://yamunabuilders.com/wp-content/uploads/2026/04/2774-sky-city-brochure-april-014-500x1000.webp 54590 total MB 640.7
ASSET OK https://yamunabuilders.com/wp-content/uploads/2026/04/2774-sky-city-brochure-april-014-500x500.webp 35606 total MB 640.8
ASSET OK https://yamunabuilders.com/wp-content/uploads/2026/04/2774-sky-city-brochure-april-014-600x403.webp 28740 total MB 640.8
ASSET OK https://yamunabuilders.com/wp-content/uploads/2026/04/2774-sky-city-brochure-april-014-670x335.webp 25206 total MB 640.8
ASSET OK https://yamunabuilders.com/wp-content/uploads/2026/04/2774-sky-city-brochure-april-014-768x432.webp 31248 total MB 640.8
ASSET OK https://yamunabuilders.com/wp-content/uploads/2026/04/2774-sky-city-brochure-april-014-800x800.webp 74454 total MB 640.9
ASSET OK https://yamunabuilders.com/wp-content/uploads/2026/04/2774-sky-city-brochure-april-014-900x600.webp 52558 total MB 641.0
ASSET OK https://yamunabuilders.com/wp-content/uploads/2026/04/2774-sky-city-brochure-april-014-900x604.webp 53356 total MB 641.0
ASSET OK https://yamunabuilders.com/wp-content/uploads/2026/04/2774-sky-city-brochure-april-015-1000x1000.webp 97790 total MB 641.1
ASSET OK https://yamunabuilders.com/wp-content/uploads/2026/04/2774-sky-city-brochure-april-015-1000x500.webp 47994 total MB 641.2
ASSET OK https://yamunabuilders.com/wp-content/uploads/2026/04/2774-sky-city-brochure-april-015-100x100.webp 3094 total MB 641.2
ASSET OK https://yamunabuilders.com/wp-content/uploads/2026/04/2774-sky-city-brochure-april-015-1080x608.webp 55006 total MB 641.2
ASSET OK https://yamunabuilders.com/wp-content/uploads/2026/04/2774-sky-city-brochure-april-015-140x140.webp 4934 total MB 641.2
ASSET OK https://yamunabuilders.com/wp-content/uploads/2026/04/2774-sky-city-brochure-april-015-150x84.webp 3212 total MB 641.2
ASSET OK https://yamunabuilders.com/wp-content/uploads/2026/04/2774-sky-city-brochure-april-015-1870x770.webp 116750 total MB 641.4
ASSET OK https://yamunabuilders.com/wp-content/uploads/2026/04/2774-sky-city-brochure-april-015-300x169.webp 8324 total MB 641.4
ASSET OK https://yamunabuilders.com/wp-content/uploads/2026/04/2774-sky-city-brochure-april-015-350x350.webp 19628 total MB 641.4
ASSET OK https://yamunabuilders.com/wp-content/uploads/2026/04/2774-sky-city-brochure-april-015-400x269.webp 16246 total MB 641.4
ASSET OK https://yamunabuilders.com/wp-content/uploads/2026/04/2774-sky-city-brochure-april-015-500x1000.webp 49032 total MB 641.4
ASSET OK https://yamunabuilders.com/wp-content/uploads/2026/04/2774-sky-city-brochure-april-015-500x500.webp 33432 total MB 641.5
ASSET OK https://yamunabuilders.com/wp-content/uploads/2026/04/2774-sky-city-brochure-april-015-600x403.webp 29734 total MB 641.5
ASSET OK https://yamunabuilders.com/wp-content/uploads/2026/04/2774-sky-city-brochure-april-015-670x335.webp 26316 total MB 641.5
ASSET OK https://yamunabuilders.com/wp-content/uploads/2026/04/2774-sky-city-brochure-april-015-768x432.webp 32620 total MB 641.6
ASSET OK https://yamunabuilders.com/wp-content/uploads/2026/04/2774-sky-city-brochure-april-015-800x800.webp 69042 total MB 641.6
ASSET OK https://yamunabuilders.com/wp-content/uploads/2026/04/2774-sky-city-brochure-april-015-900x600.webp 53404 total MB 641.7
ASSET OK https://yamunabuilders.com/wp-content/uploads/2026/04/2774-sky-city-brochure-april-015-900x604.webp 54252 total MB 641.7
ASSET OK https://yamunabuilders.com/wp-content/uploads/2026/04/2774-sky-city-brochure-april-016-1000x1000.webp 97640 total MB 641.8
ASSET OK https://yamunabuilders.com/wp-content/uploads/2026/04/2774-sky-city-brochure-april-016-1000x500.webp 47870 total MB 641.9
ASSET OK https://yamunabuilders.com/wp-content/uploads/2026/04/2774-sky-city-brochure-april-016-100x100.webp 3144 total MB 641.9
ASSET OK https://yamunabuilders.com/wp-content/uploads/2026/04/2774-sky-city-brochure-april-016-1080x608.webp 54774 total MB 641.9
ASSET OK https://yamunabuilders.com/wp-content/uploads/2026/04/2774-sky-city-brochure-april-016-140x140.webp 5054 total MB 642.0
ASSET OK https://yamunabuilders.com/wp-content/uploads/2026/04/2774-sky-city-brochure-april-016-150x84.webp 3048 total MB 642.0
ASSET OK https://yamunabuilders.com/wp-content/uploads/2026/04/2774-sky-city-brochure-april-016-1870x770.webp 119176 total MB 642.1
ASSET OK https://yamunabuilders.com/wp-content/uploads/2026/04/2774-sky-city-brochure-april-016-300x169.webp 8068 total MB 642.1
ASSET OK https://yamunabuilders.com/wp-content/uploads/2026/04/2774-sky-city-brochure-april-016-350x350.webp 19486 total MB 642.1
ASSET OK https://yamunabuilders.com/wp-content/uploads/2026/04/2774-sky-city-brochure-april-016-400x269.webp 16250 total MB 642.1
ASSET OK https://yamunabuilders.com/wp-content/uploads/2026/04/2774-sky-city-brochure-april-016-500x1000.webp 51438 total MB 642.2
ASSET OK https://yamunabuilders.com/wp-content/uploads/2026/04/2774-sky-city-brochure-april-016-500x500.webp 32934 total MB 642.2
ASSET OK https://yamunabuilders.com/wp-content/uploads/2026/04/2774-sky-city-brochure-april-016-600x403.webp 29260 total MB 642.2
ASSET OK https://yamunabuilders.com/wp-content/uploads/2026/04/2774-sky-city-brochure-april-016-670x335.webp 26124 total MB 642.3
ASSET OK https://yamunabuilders.com/wp-content/uploads/2026/04/2774-sky-city-brochure-april-016-768x432.webp 32362 total MB 642.3
ASSET OK https://yamunabuilders.com/wp-content/uploads/2026/04/2774-sky-city-brochure-april-016-800x800.webp 69164 total MB 642.4
ASSET OK https://yamunabuilders.com/wp-content/uploads/2026/04/2774-sky-city-brochure-april-016-900x600.webp 54562 total MB 642.4
ASSET OK https://yamunabuilders.com/wp-content/uploads/2026/04/2774-sky-city-brochure-april-016-900x604.webp 54524 total MB 642.5
ASSET OK https://yamunabuilders.com/wp-content/uploads/2026/04/2857-what-is-rera-and-why-it-matters-when-buying-a-flat-in-mangalore-001-1000x1000.webp 73966 total MB 642.5
ASSET OK https://yamunabuilders.com/wp-content/uploads/2026/04/2857-what-is-rera-and-why-it-matters-when-buying-a-flat-in-mangalore-001-1000x500.webp 54678 total MB 642.6
ASSET OK https://yamunabuilders.com/wp-content/uploads/2026/04/2857-what-is-rera-and-why-it-matters-when-buying-a-flat-in-mangalore-001-100x100.webp 21850 total MB 642.6
ASSET OK https://yamunabuilders.com/wp-content/uploads/2026/04/2857-what-is-rera-and-why-it-matters-when-buying-a-flat-in-mangalore-001-1080x720.webp 69602 total MB 642.7
ASSET OK https://yamunabuilders.com/wp-content/uploads/2026/04/2857-what-is-rera-and-why-it-matters-when-buying-a-flat-in-mangalore-001-140x140.webp 23368 total MB 642.7
ASSET OK https://yamunabuilders.com/wp-content/uploads/2026/04/2857-what-is-rera-and-why-it-matters-when-buying-a-flat-in-mangalore-001-150x100.webp 22684 total MB 642.7
ASSET OK https://yamunabuilders.com/wp-content/uploads/2026/04/2857-what-is-rera-and-why-it-matters-when-buying-a-flat-in-mangalore-001-1870x770.webp 81782 total MB 642.8
ASSET OK https://yamunabuilders.com/wp-content/uploads/2026/04/2857-what-is-rera-and-why-it-matters-when-buying-a-flat-in-mangalore-001-300x200.webp 28398 total MB 642.8
ASSET OK https://yamunabuilders.com/wp-content/uploads/2026/04/2857-what-is-rera-and-why-it-matters-when-buying-a-flat-in-mangalore-001-350x350.webp 33108 total MB 642.9
ASSET OK https://yamunabuilders.com/wp-content/uploads/2026/04/2857-what-is-rera-and-why-it-matters-when-buying-a-flat-in-mangalore-001-400x269.webp 32336 total MB 642.9
ASSET OK https://yamunabuilders.com/wp-content/uploads/2026/04/2857-what-is-rera-and-why-it-matters-when-buying-a-flat-in-mangalore-001-500x1000.webp 49852 total MB 643.0
ASSET OK https://yamunabuilders.com/wp-content/uploads/2026/04/2857-what-is-rera-and-why-it-matters-when-buying-a-flat-in-mangalore-001-500x500.webp 41372 total MB 643.0
ASSET OK https://yamunabuilders.com/wp-content/uploads/2026/04/2857-what-is-rera-and-why-it-matters-when-buying-a-flat-in-mangalore-001-600x403.webp 42038 total MB 643.0
ASSET OK https://yamunabuilders.com/wp-content/uploads/2026/04/2857-what-is-rera-and-why-it-matters-when-buying-a-flat-in-mangalore-001-670x335.webp 40058 total MB 643.1
ASSET OK https://yamunabuilders.com/wp-content/uploads/2026/04/2857-what-is-rera-and-why-it-matters-when-buying-a-flat-in-mangalore-001-768x512.webp 50190 total MB 643.1
ASSET OK https://yamunabuilders.com/wp-content/uploads/2026/04/2857-what-is-rera-and-why-it-matters-when-buying-a-flat-in-mangalore-001-800x800.webp 59400 total MB 643.2
ASSET OK https://yamunabuilders.com/wp-content/uploads/2026/04/2857-what-is-rera-and-why-it-matters-when-buying-a-flat-in-mangalore-001-900x600.webp 58830 total MB 643.3
ASSET OK https://yamunabuilders.com/wp-content/uploads/2026/04/2857-what-is-rera-and-why-it-matters-when-buying-a-flat-in-mangalore-001-900x604.webp 58572 total MB 643.3
ASSET OK https://yamunabuilders.com/wp-content/uploads/2026/04/2857-what-is-rera-and-why-it-matters-when-buying-a-flat-in-mangalore-002-1000x1000.webp 59736 total MB 643.4
ASSET OK https://yamunabuilders.com/wp-content/uploads/2026/04/2857-what-is-rera-and-why-it-matters-when-buying-a-flat-in-mangalore-002-1000x500.webp 52276 total MB 643.4
ASSET OK https://yamunabuilders.com/wp-content/uploads/2026/04/2857-what-is-rera-and-why-it-matters-when-buying-a-flat-in-mangalore-002-100x100.webp 29702 total MB 643.5
ASSET OK https://yamunabuilders.com/wp-content/uploads/2026/04/2857-what-is-rera-and-why-it-matters-when-buying-a-flat-in-mangalore-002-1080x720.webp 57696 total MB 643.5
ASSET OK https://yamunabuilders.com/wp-content/uploads/2026/04/2857-what-is-rera-and-why-it-matters-when-buying-a-flat-in-mangalore-002-140x140.webp 30530 total MB 643.5
ASSET OK https://yamunabuilders.com/wp-content/uploads/2026/04/2857-what-is-rera-and-why-it-matters-when-buying-a-flat-in-mangalore-002-150x100.webp 30504 total MB 643.6
ASSET OK https://yamunabuilders.com/wp-content/uploads/2026/04/2857-what-is-rera-and-why-it-matters-when-buying-a-flat-in-mangalore-002-1870x770.webp 77558 total MB 643.6
ASSET OK https://yamunabuilders.com/wp-content/uploads/2026/04/2857-what-is-rera-and-why-it-matters-when-buying-a-flat-in-mangalore-002-300x200.webp 33740 total MB 643.7
ASSET OK https://yamunabuilders.com/wp-content/uploads/2026/04/2857-what-is-rera-and-why-it-matters-when-buying-a-flat-in-mangalore-002-350x350.webp 35950 total MB 643.7
ASSET OK https://yamunabuilders.com/wp-content/uploads/2026/04/2857-what-is-rera-and-why-it-matters-when-buying-a-flat-in-mangalore-002-400x269.webp 36118 total MB 643.8
ASSET OK https://yamunabuilders.com/wp-content/uploads/2026/04/2857-what-is-rera-and-why-it-matters-when-buying-a-flat-in-mangalore-002-500x1000.webp 41848 total MB 643.8
ASSET OK https://yamunabuilders.com/wp-content/uploads/2026/04/2857-what-is-rera-and-why-it-matters-when-buying-a-flat-in-mangalore-002-500x500.webp 40620 total MB 643.8
ASSET OK https://yamunabuilders.com/wp-content/uploads/2026/04/2857-what-is-rera-and-why-it-matters-when-buying-a-flat-in-mangalore-002-600x403.webp 41498 total MB 643.9
ASSET OK https://yamunabuilders.com/wp-content/uploads/2026/04/2857-what-is-rera-and-why-it-matters-when-buying-a-flat-in-mangalore-002-670x335.webp 42510 total MB 643.9
ASSET OK https://yamunabuilders.com/wp-content/uploads/2026/04/2857-what-is-rera-and-why-it-matters-when-buying-a-flat-in-mangalore-002-768x512.webp 46950 total MB 644.0
ASSET OK https://yamunabuilders.com/wp-content/uploads/2026/04/2857-what-is-rera-and-why-it-matters-when-buying-a-flat-in-mangalore-002-800x800.webp 51408 total MB 644.0
ASSET OK https://yamunabuilders.com/wp-content/uploads/2026/04/2857-what-is-rera-and-why-it-matters-when-buying-a-flat-in-mangalore-002-900x600.webp 51240 total MB 644.1
ASSET OK https://yamunabuilders.com/wp-content/uploads/2026/04/2857-what-is-rera-and-why-it-matters-when-buying-a-flat-in-mangalore-002-900x604.webp 51204 total MB 644.1
ASSET OK https://yamunabuilders.com/wp-content/uploads/2026/04/2857-what-is-rera-and-why-it-matters-when-buying-a-flat-in-mangalore-003-1000x1000.webp 61660 total MB 644.2
ASSET OK https://yamunabuilders.com/wp-content/uploads/2026/04/2857-what-is-rera-and-why-it-matters-when-buying-a-flat-in-mangalore-003-1000x500.webp 49564 total MB 644.2
ASSET OK https://yamunabuilders.com/wp-content/uploads/2026/04/2857-what-is-rera-and-why-it-matters-when-buying-a-flat-in-mangalore-003-100x100.webp 30378 total MB 644.3
ASSET OK https://yamunabuilders.com/wp-content/uploads/2026/04/2857-what-is-rera-and-why-it-matters-when-buying-a-flat-in-mangalore-003-1080x573.webp 52178 total MB 644.3
ASSET OK https://yamunabuilders.com/wp-content/uploads/2026/04/2857-what-is-rera-and-why-it-matters-when-buying-a-flat-in-mangalore-003-140x140.webp 31320 total MB 644.3
ASSET OK https://yamunabuilders.com/wp-content/uploads/2026/04/2857-what-is-rera-and-why-it-matters-when-buying-a-flat-in-mangalore-003-150x80.webp 30552 total MB 644.4
ASSET OK https://yamunabuilders.com/wp-content/uploads/2026/04/2857-what-is-rera-and-why-it-matters-when-buying-a-flat-in-mangalore-003-1870x770.webp 70468 total MB 644.4
ASSET OK https://yamunabuilders.com/wp-content/uploads/2026/04/2857-what-is-rera-and-why-it-matters-when-buying-a-flat-in-mangalore-003-300x159.webp 33492 total MB 644.5
ASSET OK https://yamunabuilders.com/wp-content/uploads/2026/04/2857-what-is-rera-and-why-it-matters-when-buying-a-flat-in-mangalore-003-350x350.webp 37306 total MB 644.5
ASSET OK https://yamunabuilders.com/wp-content/uploads/2026/04/2857-what-is-rera-and-why-it-matters-when-buying-a-flat-in-mangalore-003-400x269.webp 37160 total MB 644.6
ASSET OK https://yamunabuilders.com/wp-content/uploads/2026/04/2857-what-is-rera-and-why-it-matters-when-buying-a-flat-in-mangalore-003-500x1000.webp 46514 total MB 644.6
ASSET OK https://yamunabuilders.com/wp-content/uploads/2026/04/2857-what-is-rera-and-why-it-matters-when-buying-a-flat-in-mangalore-003-500x500.webp 42598 total MB 644.6
ASSET OK https://yamunabuilders.com/wp-content/uploads/2026/04/2857-what-is-rera-and-why-it-matters-when-buying-a-flat-in-mangalore-003-600x403.webp 42898 total MB 644.7
ASSET OK https://yamunabuilders.com/wp-content/uploads/2026/04/2857-what-is-rera-and-why-it-matters-when-buying-a-flat-in-mangalore-003-670x335.webp 41312 total MB 644.7
ASSET OK https://yamunabuilders.com/wp-content/uploads/2026/04/2857-what-is-rera-and-why-it-matters-when-buying-a-flat-in-mangalore-003-768x407.webp 43832 total MB 644.8
ASSET OK https://yamunabuilders.com/wp-content/uploads/2026/04/2857-what-is-rera-and-why-it-matters-when-buying-a-flat-in-mangalore-003-800x800.webp 53392 total MB 644.8
ASSET OK https://yamunabuilders.com/wp-content/uploads/2026/04/2857-what-is-rera-and-why-it-matters-when-buying-a-flat-in-mangalore-003-900x600.webp 51932 total MB 644.9
ASSET OK https://yamunabuilders.com/wp-content/uploads/2026/04/2857-what-is-rera-and-why-it-matters-when-buying-a-flat-in-mangalore-003-900x604.webp 52210 total MB 644.9
ASSET OK https://yamunabuilders.com/wp-content/uploads/2026/04/2865-mangalores-next-wave-of-growth-the-rise-of-upcoming-high-rise-apartments-001-1000x1000.webp 64190 total MB 645.0
ASSET OK https://yamunabuilders.com/wp-content/uploads/2026/04/2865-mangalores-next-wave-of-growth-the-rise-of-upcoming-high-rise-apartments-001-1000x500.webp 42326 total MB 645.0
ASSET OK https://yamunabuilders.com/wp-content/uploads/2026/04/2865-mangalores-next-wave-of-growth-the-rise-of-upcoming-high-rise-apartments-001-100x100.webp 2516 total MB 645.0
ASSET OK https://yamunabuilders.com/wp-content/uploads/2026/04/2865-mangalores-next-wave-of-growth-the-rise-of-upcoming-high-rise-apartments-001-1080x720.webp 59728 total MB 645.1
ASSET OK https://yamunabuilders.com/wp-content/uploads/2026/04/2865-mangalores-next-wave-of-growth-the-rise-of-upcoming-high-rise-apartments-001-140x140.webp 3994 total MB 645.1
ASSET OK https://yamunabuilders.com/wp-content/uploads/2026/04/2865-mangalores-next-wave-of-growth-the-rise-of-upcoming-high-rise-apartments-001-150x100.webp 3386 total MB 645.1
ASSET OK https://yamunabuilders.com/wp-content/uploads/2026/04/2865-mangalores-next-wave-of-growth-the-rise-of-upcoming-high-rise-apartments-001-1870x770.webp 87078 total MB 645.2
ASSET OK https://yamunabuilders.com/wp-content/uploads/2026/04/2865-mangalores-next-wave-of-growth-the-rise-of-upcoming-high-rise-apartments-001-300x200.webp 9462 total MB 645.2
ASSET OK https://yamunabuilders.com/wp-content/uploads/2026/04/2865-mangalores-next-wave-of-growth-the-rise-of-upcoming-high-rise-apartments-001-350x350.webp 13958 total MB 645.2
ASSET OK https://yamunabuilders.com/wp-content/uploads/2026/04/2865-mangalores-next-wave-of-growth-the-rise-of-upcoming-high-rise-apartments-001-400x269.webp 14398 total MB 645.2
ASSET OK https://yamunabuilders.com/wp-content/uploads/2026/04/2865-mangalores-next-wave-of-growth-the-rise-of-upcoming-high-rise-apartments-001-500x1000.webp 33904 total MB 645.3
ASSET OK https://yamunabuilders.com/wp-content/uploads/2026/04/2865-mangalores-next-wave-of-growth-the-rise-of-upcoming-high-rise-apartments-001-500x500.webp 23152 total MB 645.3
ASSET OK https://yamunabuilders.com/wp-content/uploads/2026/04/2865-mangalores-next-wave-of-growth-the-rise-of-upcoming-high-rise-apartments-001-600x403.webp 25514 total MB 645.3
ASSET OK https://yamunabuilders.com/wp-content/uploads/2026/04/2865-mangalores-next-wave-of-growth-the-rise-of-upcoming-high-rise-apartments-001-670x335.webp 23180 total MB 645.3
ASSET OK https://yamunabuilders.com/wp-content/uploads/2026/04/2865-mangalores-next-wave-of-growth-the-rise-of-upcoming-high-rise-apartments-001-768x512.webp 35984 total MB 645.4
ASSET OK https://yamunabuilders.com/wp-content/uploads/2026/04/2865-mangalores-next-wave-of-growth-the-rise-of-upcoming-high-rise-apartments-001-800x800.webp 44876 total MB 645.4
ASSET OK https://yamunabuilders.com/wp-content/uploads/2026/04/2865-mangalores-next-wave-of-growth-the-rise-of-upcoming-high-rise-apartments-001-900x600.webp 45756 total MB 645.5
ASSET OK https://yamunabuilders.com/wp-content/uploads/2026/04/2865-mangalores-next-wave-of-growth-the-rise-of-upcoming-high-rise-apartments-001-900x604.webp 46350 total MB 645.5
ASSET OK https://yamunabuilders.com/wp-content/uploads/2026/04/2865-mangalores-next-wave-of-growth-the-rise-of-upcoming-high-rise-apartments-002-1000x1000.webp 76140 total MB 645.6
ASSET OK https://yamunabuilders.com/wp-content/uploads/2026/04/2865-mangalores-next-wave-of-growth-the-rise-of-upcoming-high-rise-apartments-002-1000x500.webp 38542 total MB 645.6
ASSET OK https://yamunabuilders.com/wp-content/uploads/2026/04/2865-mangalores-next-wave-of-growth-the-rise-of-upcoming-high-rise-apartments-002-100x100.webp 3176 total MB 645.6
ASSET OK https://yamunabuilders.com/wp-content/uploads/2026/04/2865-mangalores-next-wave-of-growth-the-rise-of-upcoming-high-rise-apartments-002-1080x720.webp 53716 total MB 645.7
ASSET OK https://yamunabuilders.com/wp-content/uploads/2026/04/2865-mangalores-next-wave-of-growth-the-rise-of-upcoming-high-rise-apartments-002-140x140.webp 4494 total MB 645.7
ASSET OK https://yamunabuilders.com/wp-content/uploads/2026/04/2865-mangalores-next-wave-of-growth-the-rise-of-upcoming-high-rise-apartments-002-150x100.webp 3754 total MB 645.7
ASSET OK https://yamunabuilders.com/wp-content/uploads/2026/04/2865-mangalores-next-wave-of-growth-the-rise-of-upcoming-high-rise-apartments-002-1870x770.webp 82142 total MB 645.8
ASSET OK https://yamunabuilders.com/wp-content/uploads/2026/04/2865-mangalores-next-wave-of-growth-the-rise-of-upcoming-high-rise-apartments-002-300x200.webp 8554 total MB 645.8
ASSET OK https://yamunabuilders.com/wp-content/uploads/2026/04/2865-mangalores-next-wave-of-growth-the-rise-of-upcoming-high-rise-apartments-002-350x350.webp 15434 total MB 645.8
ASSET OK https://yamunabuilders.com/wp-content/uploads/2026/04/2865-mangalores-next-wave-of-growth-the-rise-of-upcoming-high-rise-apartments-002-400x269.webp 12496 total MB 645.8
ASSET OK https://yamunabuilders.com/wp-content/uploads/2026/04/2865-mangalores-next-wave-of-growth-the-rise-of-upcoming-high-rise-apartments-002-500x1000.webp 44132 total MB 645.9
ASSET OK https://yamunabuilders.com/wp-content/uploads/2026/04/2865-mangalores-next-wave-of-growth-the-rise-of-upcoming-high-rise-apartments-002-500x500.webp 26796 total MB 645.9
ASSET OK https://yamunabuilders.com/wp-content/uploads/2026/04/2865-mangalores-next-wave-of-growth-the-rise-of-upcoming-high-rise-apartments-002-600x403.webp 22088 total MB 645.9
ASSET OK https://yamunabuilders.com/wp-content/uploads/2026/04/2865-mangalores-next-wave-of-growth-the-rise-of-upcoming-high-rise-apartments-002-670x335.webp 21030 total MB 645.9
ASSET OK https://yamunabuilders.com/wp-content/uploads/2026/04/2865-mangalores-next-wave-of-growth-the-rise-of-upcoming-high-rise-apartments-002-768x512.webp 31628 total MB 646.0
ASSET OK https://yamunabuilders.com/wp-content/uploads/2026/04/2865-mangalores-next-wave-of-growth-the-rise-of-upcoming-high-rise-apartments-002-800x800.webp 54320 total MB 646.0
ASSET OK https://yamunabuilders.com/wp-content/uploads/2026/04/2865-mangalores-next-wave-of-growth-the-rise-of-upcoming-high-rise-apartments-002-900x600.webp 40500 total MB 646.0
ASSET OK https://yamunabuilders.com/wp-content/uploads/2026/04/2865-mangalores-next-wave-of-growth-the-rise-of-upcoming-high-rise-apartments-002-900x604.webp 40140 total MB 646.1
ASSET OK https://yamunabuilders.com/wp-content/uploads/2026/04/2888-sky-city-digital-brochure-new-001-1000x1000.webp 135692 total MB 646.2
ASSET OK https://yamunabuilders.com/wp-content/uploads/2026/04/2888-sky-city-digital-brochure-new-001-1000x500.webp 65030 total MB 646.3
ASSET OK https://yamunabuilders.com/wp-content/uploads/2026/04/2888-sky-city-digital-brochure-new-001-100x100.webp 14326 total MB 646.3
ASSET OK https://yamunabuilders.com/wp-content/uploads/2026/04/2888-sky-city-digital-brochure-new-001-1080x930.webp 129830 total MB 646.4
ASSET OK https://yamunabuilders.com/wp-content/uploads/2026/04/2888-sky-city-digital-brochure-new-001-140x140.webp 15752 total MB 646.4
ASSET OK https://yamunabuilders.com/wp-content/uploads/2026/04/2888-sky-city-digital-brochure-new-001-150x129.webp 15678 total MB 646.5
ASSET OK https://yamunabuilders.com/wp-content/uploads/2026/04/2888-sky-city-digital-brochure-new-001-1870x770.webp 127758 total MB 646.6
ASSET OK https://yamunabuilders.com/wp-content/uploads/2026/04/2888-sky-city-digital-brochure-new-001-300x258.webp 24642 total MB 646.6
ASSET OK https://yamunabuilders.com/wp-content/uploads/2026/04/2888-sky-city-digital-brochure-new-001-350x350.webp 31512 total MB 646.6
ASSET OK https://yamunabuilders.com/wp-content/uploads/2026/04/2888-sky-city-digital-brochure-new-001-400x269.webp 28312 total MB 646.7
ASSET OK https://yamunabuilders.com/wp-content/uploads/2026/04/2888-sky-city-digital-brochure-new-001-500x1000.webp 105554 total MB 646.8
ASSET OK https://yamunabuilders.com/wp-content/uploads/2026/04/2888-sky-city-digital-brochure-new-001-500x500.webp 49282 total MB 646.8
ASSET OK https://yamunabuilders.com/wp-content/uploads/2026/04/2888-sky-city-digital-brochure-new-001-600x403.webp 45910 total MB 646.9
ASSET OK https://yamunabuilders.com/wp-content/uploads/2026/04/2888-sky-city-digital-brochure-new-001-670x335.webp 38902 total MB 646.9
ASSET OK https://yamunabuilders.com/wp-content/uploads/2026/04/2888-sky-city-digital-brochure-new-001-768x661.webp 76104 total MB 647.0
ASSET OK https://yamunabuilders.com/wp-content/uploads/2026/04/2888-sky-city-digital-brochure-new-001-800x800.webp 95254 total MB 647.1
ASSET OK https://yamunabuilders.com/wp-content/uploads/2026/04/2888-sky-city-digital-brochure-new-001-900x600.webp 78426 total MB 647.2
ASSET OK https://yamunabuilders.com/wp-content/uploads/2026/04/2888-sky-city-digital-brochure-new-001-900x604.webp 78976 total MB 647.2
ASSET OK https://yamunabuilders.com/wp-content/uploads/2026/04/2888-sky-city-digital-brochure-new-009-100x150.webp 7274 total MB 647.3
ASSET OK https://yamunabuilders.com/wp-content/uploads/2026/04/2888-sky-city-digital-brochure-new-009-140x140.webp 7370 total MB 647.3
ASSET OK https://yamunabuilders.com/wp-content/uploads/2026/04/2888-sky-city-digital-brochure-new-009-200x300.webp 11530 total MB 647.3
ASSET OK https://yamunabuilders.com/wp-content/uploads/2026/04/2888-sky-city-digital-brochure-new-009-600x403.webp 19154 total MB 647.3
ASSET OK https://yamunabuilders.com/wp-content/uploads/2026/04/2888-sky-city-digital-brochure-new-009-721x1080.webp 51004 total MB 647.3
ASSET OK https://yamunabuilders.com/wp-content/uploads/2026/04/2888-sky-city-digital-brochure-new-009-768x1151.webp 55248 total MB 647.4
ASSET OK https://yamunabuilders.com/wp-content/uploads/2026/04/2963-dont-just-read-about-it-experience-it-own-the-feeling-as-yamuna-sky-city-opens-its-doors-this-april-25-001-1080x720.webp 181616 total MB 647.6
ASSET OK https://yamunabuilders.com/wp-content/uploads/2026/04/2963-dont-just-read-about-it-experience-it-own-the-feeling-as-yamuna-sky-city-opens-its-doors-this-april-25-001-140x140.webp 110268 total MB 647.7
ASSET OK https://yamunabuilders.com/wp-content/uploads/2026/04/2963-dont-just-read-about-it-experience-it-own-the-feeling-as-yamuna-sky-city-opens-its-doors-this-april-25-001-150x100.webp 108848 total MB 647.8
ASSET OK https://yamunabuilders.com/wp-content/uploads/2026/04/2963-dont-just-read-about-it-experience-it-own-the-feeling-as-yamuna-sky-city-opens-its-doors-this-april-25-001-300x200.webp 116484 total MB 647.9
ASSET OK https://yamunabuilders.com/wp-content/uploads/2026/04/2963-dont-just-read-about-it-experience-it-own-the-feeling-as-yamuna-sky-city-opens-its-doors-this-april-25-001-600x403.webp 137298 total MB 648.1
ASSET OK https://yamunabuilders.com/wp-content/uploads/2026/04/2963-dont-just-read-about-it-experience-it-own-the-feeling-as-yamuna-sky-city-opens-its-doors-this-april-25-001-768x512.webp 150448 total MB 648.2
ASSET OK https://yamunabuilders.com/wp-content/uploads/2026/04/2963-dont-just-read-about-it-experience-it-own-the-feeling-as-yamuna-sky-city-opens-its-doors-this-april-25-002-1080x720.webp 173922 total MB 648.4
ASSET OK https://yamunabuilders.com/wp-content/uploads/2026/04/2963-dont-just-read-about-it-experience-it-own-the-feeling-as-yamuna-sky-city-opens-its-doors-this-april-25-002-140x140.webp 108096 total MB 648.5
ASSET OK https://yamunabuilders.com/wp-content/uploads/2026/04/2963-dont-just-read-about-it-experience-it-own-the-feeling-as-yamuna-sky-city-opens-its-doors-this-april-25-002-150x100.webp 107660 total MB 648.6
ASSET OK https://yamunabuilders.com/wp-content/uploads/2026/04/2963-dont-just-read-about-it-experience-it-own-the-feeling-as-yamuna-sky-city-opens-its-doors-this-april-25-002-300x200.webp 113928 total MB 648.7
ASSET OK https://yamunabuilders.com/wp-content/uploads/2026/04/2963-dont-just-read-about-it-experience-it-own-the-feeling-as-yamuna-sky-city-opens-its-doors-this-april-25-002-600x403.webp 133072 total MB 648.8
ASSET OK https://yamunabuilders.com/wp-content/uploads/2026/04/2963-dont-just-read-about-it-experience-it-own-the-feeling-as-yamuna-sky-city-opens-its-doors-this-april-25-002-768x512.webp 145110 total MB 649.0
ASSET OK https://yamunabuilders.com/wp-content/uploads/2026/04/2963-dont-just-read-about-it-experience-it-own-the-feeling-as-yamuna-sky-city-opens-its-doors-this-april-25-003-1080x720.webp 173400 total MB 649.2
ASSET OK https://yamunabuilders.com/wp-content/uploads/2026/04/2963-dont-just-read-about-it-experience-it-own-the-feeling-as-yamuna-sky-city-opens-its-doors-this-april-25-003-140x140.webp 108144 total MB 649.3
ASSET OK https://yamunabuilders.com/wp-content/uploads/2026/04/2963-dont-just-read-about-it-experience-it-own-the-feeling-as-yamuna-sky-city-opens-its-doors-this-april-25-003-150x100.webp 107700 total MB 649.4
ASSET OK https://yamunabuilders.com/wp-content/uploads/2026/04/2963-dont-just-read-about-it-experience-it-own-the-feeling-as-yamuna-sky-city-opens-its-doors-this-april-25-003-300x200.webp 113752 total MB 649.5
ASSET OK https://yamunabuilders.com/wp-content/uploads/2026/04/2963-dont-just-read-about-it-experience-it-own-the-feeling-as-yamuna-sky-city-opens-its-doors-this-april-25-003-600x403.webp 132576 total MB 649.6
ASSET OK https://yamunabuilders.com/wp-content/uploads/2026/04/2963-dont-just-read-about-it-experience-it-own-the-feeling-as-yamuna-sky-city-opens-its-doors-this-april-25-003-768x512.webp 145098 total MB 649.8
ASSET OK https://yamunabuilders.com/wp-content/uploads/2026/04/2963-dont-just-read-about-it-experience-it-own-the-feeling-as-yamuna-sky-city-opens-its-doors-this-april-25-005-1080x540.webp 60884 total MB 649.8
ASSET OK https://yamunabuilders.com/wp-content/uploads/2026/04/2963-dont-just-read-about-it-experience-it-own-the-feeling-as-yamuna-sky-city-opens-its-doors-this-april-25-005-140x140.webp 4102 total MB 649.8
ASSET OK https://yamunabuilders.com/wp-content/uploads/2026/04/2963-dont-just-read-about-it-experience-it-own-the-feeling-as-yamuna-sky-city-opens-its-doors-this-april-25-005-150x75.webp 3928 total MB 649.8
ASSET OK https://yamunabuilders.com/wp-content/uploads/2026/04/2963-dont-just-read-about-it-experience-it-own-the-feeling-as-yamuna-sky-city-opens-its-doors-this-april-25-005-300x150.webp 8552 total MB 649.8
ASSET OK https://yamunabuilders.com/wp-content/uploads/2026/04/2963-dont-just-read-about-it-experience-it-own-the-feeling-as-yamuna-sky-city-opens-its-doors-this-april-25-005-600x403.webp 27406 total MB 649.9
ASSET OK https://yamunabuilders.com/wp-content/uploads/2026/04/2963-dont-just-read-about-it-experience-it-own-the-feeling-as-yamuna-sky-city-opens-its-doors-this-april-25-005-768x384.webp 36432 total MB 649.9
ASSET OK https://yamunabuilders.com/wp-content/uploads/2026/04/2963-dont-just-read-about-it-experience-it-own-the-feeling-as-yamuna-sky-city-opens-its-doors-this-april-25-006-1080x540.webp 69552 total MB 650.0
ASSET OK https://yamunabuilders.com/wp-content/uploads/2026/04/2963-dont-just-read-about-it-experience-it-own-the-feeling-as-yamuna-sky-city-opens-its-doors-this-april-25-006-140x140.webp 2492 total MB 650.0
ASSET OK https://yamunabuilders.com/wp-content/uploads/2026/04/2963-dont-just-read-about-it-experience-it-own-the-feeling-as-yamuna-sky-city-opens-its-doors-this-april-25-006-150x75.webp 2258 total MB 650.0
ASSET OK https://yamunabuilders.com/wp-content/uploads/2026/04/2963-dont-just-read-about-it-experience-it-own-the-feeling-as-yamuna-sky-city-opens-its-doors-this-april-25-006-300x150.webp 7528 total MB 650.0
ASSET OK https://yamunabuilders.com/wp-content/uploads/2026/04/2963-dont-just-read-about-it-experience-it-own-the-feeling-as-yamuna-sky-city-opens-its-doors-this-april-25-006-600x403.webp 30264 total MB 650.0
ASSET OK https://yamunabuilders.com/wp-content/uploads/2026/04/2963-dont-just-read-about-it-experience-it-own-the-feeling-as-yamuna-sky-city-opens-its-doors-this-april-25-006-768x384.webp 40212 total MB 650.1
ASSET OK https://yamunabuilders.com/wp-content/uploads/2026/04/2988-2-bhk-vs-3-bhk-flats-in-mangalore-which-one-is-right-for-you-001-1080x720.webp 82304 total MB 650.1
ASSET OK https://yamunabuilders.com/wp-content/uploads/2026/04/2988-2-bhk-vs-3-bhk-flats-in-mangalore-which-one-is-right-for-you-001-140x140.webp 27246 total MB 650.2
ASSET OK https://yamunabuilders.com/wp-content/uploads/2026/04/2988-2-bhk-vs-3-bhk-flats-in-mangalore-which-one-is-right-for-you-001-150x100.webp 26954 total MB 650.2
ASSET OK https://yamunabuilders.com/wp-content/uploads/2026/04/2988-2-bhk-vs-3-bhk-flats-in-mangalore-which-one-is-right-for-you-001-300x200.webp 31958 total MB 650.2
ASSET OK https://yamunabuilders.com/wp-content/uploads/2026/04/2988-2-bhk-vs-3-bhk-flats-in-mangalore-which-one-is-right-for-you-001-600x403.webp 46682 total MB 650.3
ASSET OK https://yamunabuilders.com/wp-content/uploads/2026/04/2988-2-bhk-vs-3-bhk-flats-in-mangalore-which-one-is-right-for-you-001-768x512.webp 57316 total MB 650.3
ASSET OK https://yamunabuilders.com/wp-content/uploads/2026/04/2988-2-bhk-vs-3-bhk-flats-in-mangalore-which-one-is-right-for-you-002-1080x720.webp 75904 total MB 650.4
ASSET OK https://yamunabuilders.com/wp-content/uploads/2026/04/2988-2-bhk-vs-3-bhk-flats-in-mangalore-which-one-is-right-for-you-002-140x140.webp 27280 total MB 650.4
ASSET OK https://yamunabuilders.com/wp-content/uploads/2026/04/2988-2-bhk-vs-3-bhk-flats-in-mangalore-which-one-is-right-for-you-002-150x100.webp 27344 total MB 650.5
ASSET OK https://yamunabuilders.com/wp-content/uploads/2026/04/2988-2-bhk-vs-3-bhk-flats-in-mangalore-which-one-is-right-for-you-002-300x200.webp 32164 total MB 650.5
ASSET OK https://yamunabuilders.com/wp-content/uploads/2026/04/2988-2-bhk-vs-3-bhk-flats-in-mangalore-which-one-is-right-for-you-002-600x403.webp 45672 total MB 650.5
ASSET OK https://yamunabuilders.com/wp-content/uploads/2026/04/2988-2-bhk-vs-3-bhk-flats-in-mangalore-which-one-is-right-for-you-002-768x512.webp 54764 total MB 650.6
ASSET OK https://yamunabuilders.com/wp-content/uploads/2026/04/2988-2-bhk-vs-3-bhk-flats-in-mangalore-which-one-is-right-for-you-003-1080x608.webp 43738 total MB 650.6
ASSET OK https://yamunabuilders.com/wp-content/uploads/2026/04/2988-2-bhk-vs-3-bhk-flats-in-mangalore-which-one-is-right-for-you-003-140x140.webp 3216 total MB 650.6
ASSET OK https://yamunabuilders.com/wp-content/uploads/2026/04/2988-2-bhk-vs-3-bhk-flats-in-mangalore-which-one-is-right-for-you-003-150x84.webp 2462 total MB 650.6
ASSET OK https://yamunabuilders.com/wp-content/uploads/2026/04/2988-2-bhk-vs-3-bhk-flats-in-mangalore-which-one-is-right-for-you-003-300x169.webp 6572 total MB 650.7
ASSET OK https://yamunabuilders.com/wp-content/uploads/2026/04/2988-2-bhk-vs-3-bhk-flats-in-mangalore-which-one-is-right-for-you-003-600x403.webp 19328 total MB 650.7
ASSET OK https://yamunabuilders.com/wp-content/uploads/2026/04/2988-2-bhk-vs-3-bhk-flats-in-mangalore-which-one-is-right-for-you-003-768x432.webp 24850 total MB 650.7
ASSET OK https://yamunabuilders.com/wp-content/uploads/2026/04/2988-2-bhk-vs-3-bhk-flats-in-mangalore-which-one-is-right-for-you-004-1080x715.webp 119118 total MB 650.8
ASSET OK https://yamunabuilders.com/wp-content/uploads/2026/04/2988-2-bhk-vs-3-bhk-flats-in-mangalore-which-one-is-right-for-you-004-140x140.webp 33000 total MB 650.8
ASSET OK https://yamunabuilders.com/wp-content/uploads/2026/04/2988-2-bhk-vs-3-bhk-flats-in-mangalore-which-one-is-right-for-you-004-150x99.webp 32286 total MB 650.9
ASSET OK https://yamunabuilders.com/wp-content/uploads/2026/04/2988-2-bhk-vs-3-bhk-flats-in-mangalore-which-one-is-right-for-you-004-300x199.webp 38708 total MB 650.9
ASSET OK https://yamunabuilders.com/wp-content/uploads/2026/04/2988-2-bhk-vs-3-bhk-flats-in-mangalore-which-one-is-right-for-you-004-600x403.webp 61362 total MB 651.0
ASSET OK https://yamunabuilders.com/wp-content/uploads/2026/04/2988-2-bhk-vs-3-bhk-flats-in-mangalore-which-one-is-right-for-you-004-768x509.webp 78976 total MB 651.1
ASSET OK https://yamunabuilders.com/wp-content/uploads/2026/04/global-225-1000x1000.webp 102502 total MB 651.2
ASSET OK https://yamunabuilders.com/wp-content/uploads/2026/04/global-225-1000x500.webp 61946 total MB 651.2
ASSET OK https://yamunabuilders.com/wp-content/uploads/2026/04/global-225-100x100.webp 2760 total MB 651.2
ASSET OK https://yamunabuilders.com/wp-content/uploads/2026/04/global-225-1080x764.webp 75218 total MB 651.3
ASSET OK https://yamunabuilders.com/wp-content/uploads/2026/04/global-225-140x140.webp 4708 total MB 651.3
ASSET OK https://yamunabuilders.com/wp-content/uploads/2026/04/global-225-150x106.webp 3334 total MB 651.3
ASSET OK https://yamunabuilders.com/wp-content/uploads/2026/04/global-225-1870x770.webp 139532 total MB 651.4
ASSET OK https://yamunabuilders.com/wp-content/uploads/2026/04/global-225-300x212.webp 9984 total MB 651.5
ASSET OK https://yamunabuilders.com/wp-content/uploads/2026/04/global-225-350x350.webp 19734 total MB 651.5
ASSET OK https://yamunabuilders.com/wp-content/uploads/2026/04/global-225-400x269.webp 15792 total MB 651.5
ASSET OK https://yamunabuilders.com/wp-content/uploads/2026/04/global-225-500x1000.webp 48340 total MB 651.5
ASSET OK https://yamunabuilders.com/wp-content/uploads/2026/04/global-225-500x500.webp 34556 total MB 651.6
ASSET OK https://yamunabuilders.com/wp-content/uploads/2026/04/global-225-600x403.webp 29776 total MB 651.6
ASSET OK https://yamunabuilders.com/wp-content/uploads/2026/04/global-225-670x335.webp 32828 total MB 651.6
ASSET OK https://yamunabuilders.com/wp-content/uploads/2026/04/global-225-768x543.webp 43524 total MB 651.7
ASSET OK https://yamunabuilders.com/wp-content/uploads/2026/04/global-225-800x800.webp 72898 total MB 651.8
ASSET OK https://yamunabuilders.com/wp-content/uploads/2026/04/global-225-900x600.webp 55988 total MB 651.8
ASSET OK https://yamunabuilders.com/wp-content/uploads/2026/04/global-225-900x604.webp 55810 total MB 651.9
ASSET OK https://yamunabuilders.com/wp-content/uploads/2026/04/global-226-1000x1000.webp 86602 total MB 652.0
ASSET OK https://yamunabuilders.com/wp-content/uploads/2026/04/global-226-1000x500.webp 40574 total MB 652.0
ASSET OK https://yamunabuilders.com/wp-content/uploads/2026/04/global-226-100x100.webp 3130 total MB 652.0
ASSET OK https://yamunabuilders.com/wp-content/uploads/2026/04/global-226-1080x608.webp 45444 total MB 652.0
ASSET OK https://yamunabuilders.com/wp-content/uploads/2026/04/global-226-140x140.webp 4968 total MB 652.0
ASSET OK https://yamunabuilders.com/wp-content/uploads/2026/04/global-226-150x84.webp 2760 total MB 652.1
ASSET OK https://yamunabuilders.com/wp-content/uploads/2026/04/global-226-1870x770.webp 100250 total MB 652.2
ASSET OK https://yamunabuilders.com/wp-content/uploads/2026/04/global-226-300x169.webp 7300 total MB 652.2
ASSET OK https://yamunabuilders.com/wp-content/uploads/2026/04/global-226-350x350.webp 18516 total MB 652.2
ASSET OK https://yamunabuilders.com/wp-content/uploads/2026/04/global-226-400x269.webp 14254 total MB 652.2
ASSET OK https://yamunabuilders.com/wp-content/uploads/2026/04/global-226-500x1000.webp 45864 total MB 652.2
ASSET OK https://yamunabuilders.com/wp-content/uploads/2026/04/global-226-500x500.webp 30548 total MB 652.3
ASSET OK https://yamunabuilders.com/wp-content/uploads/2026/04/global-226-600x403.webp 25146 total MB 652.3
ASSET OK https://yamunabuilders.com/wp-content/uploads/2026/04/global-226-670x335.webp 22546 total MB 652.3
ASSET OK https://yamunabuilders.com/wp-content/uploads/2026/04/global-226-768x432.webp 27528 total MB 652.3
ASSET OK https://yamunabuilders.com/wp-content/uploads/2026/04/global-226-800x800.webp 62402 total MB 652.4
ASSET OK https://yamunabuilders.com/wp-content/uploads/2026/04/global-226-900x600.webp 44736 total MB 652.4
ASSET OK https://yamunabuilders.com/wp-content/uploads/2026/04/global-226-900x604.webp 45208 total MB 652.5
ASSET OK https://yamunabuilders.com/wp-content/uploads/2026/05/3006-10-questions-to-ask-your-builder-before-booking-a-flat-in-mangalore-001-1080x720.webp 41718 total MB 652.5
ASSET OK https://yamunabuilders.com/wp-content/uploads/2026/05/3006-10-questions-to-ask-your-builder-before-booking-a-flat-in-mangalore-001-140x140.webp 3570 total MB 652.5
ASSET OK https://yamunabuilders.com/wp-content/uploads/2026/05/3006-10-questions-to-ask-your-builder-before-booking-a-flat-in-mangalore-001-150x100.webp 3512 total MB 652.5
ASSET OK https://yamunabuilders.com/wp-content/uploads/2026/05/3006-10-questions-to-ask-your-builder-before-booking-a-flat-in-mangalore-001-300x200.webp 8478 total MB 652.6
ASSET OK https://yamunabuilders.com/wp-content/uploads/2026/05/3006-10-questions-to-ask-your-builder-before-booking-a-flat-in-mangalore-001-600x403.webp 20336 total MB 652.6
ASSET OK https://yamunabuilders.com/wp-content/uploads/2026/05/3006-10-questions-to-ask-your-builder-before-booking-a-flat-in-mangalore-001-768x512.webp 27538 total MB 652.6
ASSET OK https://yamunabuilders.com/wp-content/uploads/2026/05/3006-10-questions-to-ask-your-builder-before-booking-a-flat-in-mangalore-002-1080x608.webp 27082 total MB 652.6
ASSET OK https://yamunabuilders.com/wp-content/uploads/2026/05/3006-10-questions-to-ask-your-builder-before-booking-a-flat-in-mangalore-002-140x140.webp 3828 total MB 652.6
ASSET OK https://yamunabuilders.com/wp-content/uploads/2026/05/3006-10-questions-to-ask-your-builder-before-booking-a-flat-in-mangalore-002-150x84.webp 2262 total MB 652.6
ASSET OK https://yamunabuilders.com/wp-content/uploads/2026/05/3006-10-questions-to-ask-your-builder-before-booking-a-flat-in-mangalore-002-300x169.webp 5910 total MB 652.6
ASSET OK https://yamunabuilders.com/wp-content/uploads/2026/05/3006-10-questions-to-ask-your-builder-before-booking-a-flat-in-mangalore-002-600x403.webp 17356 total MB 652.7
ASSET OK https://yamunabuilders.com/wp-content/uploads/2026/05/3006-10-questions-to-ask-your-builder-before-booking-a-flat-in-mangalore-002-768x432.webp 18528 total MB 652.7
ASSET OK https://yamunabuilders.com/wp-content/uploads/2026/05/3006-10-questions-to-ask-your-builder-before-booking-a-flat-in-mangalore-003-1080x608.webp 27082 total MB 652.7
ASSET OK https://yamunabuilders.com/wp-content/uploads/2026/05/3006-10-questions-to-ask-your-builder-before-booking-a-flat-in-mangalore-003-140x140.webp 3828 total MB 652.7
ASSET OK https://yamunabuilders.com/wp-content/uploads/2026/05/3006-10-questions-to-ask-your-builder-before-booking-a-flat-in-mangalore-003-150x84.webp 2262 total MB 652.7
ASSET OK https://yamunabuilders.com/wp-content/uploads/2026/05/3006-10-questions-to-ask-your-builder-before-booking-a-flat-in-mangalore-003-300x169.webp 5910 total MB 652.7
ASSET OK https://yamunabuilders.com/wp-content/uploads/2026/05/3006-10-questions-to-ask-your-builder-before-booking-a-flat-in-mangalore-003-600x403.webp 17356 total MB 652.7
ASSET OK https://yamunabuilders.com/wp-content/uploads/2026/05/3006-10-questions-to-ask-your-builder-before-booking-a-flat-in-mangalore-003-768x432.webp 18528 total MB 652.7
ASSET OK https://yamunabuilders.com/wp-content/uploads/2026/05/3006-10-questions-to-ask-your-builder-before-booking-a-flat-in-mangalore-004-1080x654.webp 65198 total MB 652.8
ASSET OK https://yamunabuilders.com/wp-content/uploads/2026/05/3006-10-questions-to-ask-your-builder-before-booking-a-flat-in-mangalore-004-140x140.webp 26686 total MB 652.8
ASSET OK https://yamunabuilders.com/wp-content/uploads/2026/05/3006-10-questions-to-ask-your-builder-before-booking-a-flat-in-mangalore-004-150x91.webp 26392 total MB 652.9
ASSET OK https://yamunabuilders.com/wp-content/uploads/2026/05/3006-10-questions-to-ask-your-builder-before-booking-a-flat-in-mangalore-004-300x182.webp 31756 total MB 652.9
ASSET OK https://yamunabuilders.com/wp-content/uploads/2026/05/3006-10-questions-to-ask-your-builder-before-booking-a-flat-in-mangalore-004-600x403.webp 44394 total MB 652.9
ASSET OK https://yamunabuilders.com/wp-content/uploads/2026/05/3006-10-questions-to-ask-your-builder-before-booking-a-flat-in-mangalore-004-768x465.webp 51590 total MB 653.0
ASSET OK https://yamunabuilders.com/wp-content/uploads/2026/05/3006-10-questions-to-ask-your-builder-before-booking-a-flat-in-mangalore-005-1080x720.webp 24482 total MB 653.0
ASSET OK https://yamunabuilders.com/wp-content/uploads/2026/05/3006-10-questions-to-ask-your-builder-before-booking-a-flat-in-mangalore-005-140x140.webp 2336 total MB 653.0
ASSET OK https://yamunabuilders.com/wp-content/uploads/2026/05/3006-10-questions-to-ask-your-builder-before-booking-a-flat-in-mangalore-005-150x100.webp 2072 total MB 653.0
ASSET OK https://yamunabuilders.com/wp-content/uploads/2026/05/3006-10-questions-to-ask-your-builder-before-booking-a-flat-in-mangalore-005-300x200.webp 4668 total MB 653.0
ASSET OK https://yamunabuilders.com/wp-content/uploads/2026/05/3006-10-questions-to-ask-your-builder-before-booking-a-flat-in-mangalore-005-600x403.webp 11276 total MB 653.0
ASSET OK https://yamunabuilders.com/wp-content/uploads/2026/05/3006-10-questions-to-ask-your-builder-before-booking-a-flat-in-mangalore-005-768x512.webp 15666 total MB 653.1
ASSET OK https://yamunabuilders.com/wp-content/uploads/2026/05/3017-moving-to-mangalore-heres-what-apartment-living-feels-like-001-1080x721.webp 92138 total MB 653.1
ASSET OK https://yamunabuilders.com/wp-content/uploads/2026/05/3017-moving-to-mangalore-heres-what-apartment-living-feels-like-001-140x140.webp 20960 total MB 653.2
ASSET OK https://yamunabuilders.com/wp-content/uploads/2026/05/3017-moving-to-mangalore-heres-what-apartment-living-feels-like-001-150x100.webp 20812 total MB 653.2
ASSET OK https://yamunabuilders.com/wp-content/uploads/2026/05/3017-moving-to-mangalore-heres-what-apartment-living-feels-like-001-300x200.webp 25510 total MB 653.2
ASSET OK https://yamunabuilders.com/wp-content/uploads/2026/05/3017-moving-to-mangalore-heres-what-apartment-living-feels-like-001-600x403.webp 43004 total MB 653.3
ASSET OK https://yamunabuilders.com/wp-content/uploads/2026/05/3017-moving-to-mangalore-heres-what-apartment-living-feels-like-001-768x513.webp 57030 total MB 653.3
ASSET OK https://yamunabuilders.com/wp-content/uploads/2026/05/3025-why-villas-in-mangalore-are-attracting-investors-from-across-india-001-1080x720.webp 54662 total MB 653.4
ASSET OK https://yamunabuilders.com/wp-content/uploads/2026/05/3025-why-villas-in-mangalore-are-attracting-investors-from-across-india-001-140x140.webp 22778 total MB 653.4
ASSET OK https://yamunabuilders.com/wp-content/uploads/2026/05/3025-why-villas-in-mangalore-are-attracting-investors-from-across-india-001-150x100.webp 21690 total MB 653.4
ASSET OK https://yamunabuilders.com/wp-content/uploads/2026/05/3025-why-villas-in-mangalore-are-attracting-investors-from-across-india-001-300x200.webp 24922 total MB 653.4
ASSET OK https://yamunabuilders.com/wp-content/uploads/2026/05/3025-why-villas-in-mangalore-are-attracting-investors-from-across-india-001-600x403.webp 34256 total MB 653.5
ASSET OK https://yamunabuilders.com/wp-content/uploads/2026/05/3025-why-villas-in-mangalore-are-attracting-investors-from-across-india-001-768x512.webp 40948 total MB 653.5
ASSET OK https://yamunabuilders.com/wp-content/uploads/2026/05/3025-why-villas-in-mangalore-are-attracting-investors-from-across-india-002-1080x720.webp 199460 total MB 653.7
ASSET OK https://yamunabuilders.com/wp-content/uploads/2026/05/3025-why-villas-in-mangalore-are-attracting-investors-from-across-india-002-140x140.webp 17728 total MB 653.7
ASSET OK https://yamunabuilders.com/wp-content/uploads/2026/05/3025-why-villas-in-mangalore-are-attracting-investors-from-across-india-002-150x100.webp 16950 total MB 653.7
ASSET OK https://yamunabuilders.com/wp-content/uploads/2026/05/3025-why-villas-in-mangalore-are-attracting-investors-from-across-india-002-300x200.webp 28120 total MB 653.8
ASSET OK https://yamunabuilders.com/wp-content/uploads/2026/05/3025-why-villas-in-mangalore-are-attracting-investors-from-across-india-002-600x403.webp 73148 total MB 653.9
ASSET OK https://yamunabuilders.com/wp-content/uploads/2026/05/3025-why-villas-in-mangalore-are-attracting-investors-from-across-india-002-768x512.webp 108182 total MB 654.0
ASSET OK https://yamunabuilders.com/wp-content/uploads/2026/05/3025-why-villas-in-mangalore-are-attracting-investors-from-across-india-003-1080x720.webp 160724 total MB 654.1
ASSET OK https://yamunabuilders.com/wp-content/uploads/2026/05/3025-why-villas-in-mangalore-are-attracting-investors-from-across-india-003-140x140.webp 23806 total MB 654.1
ASSET OK https://yamunabuilders.com/wp-content/uploads/2026/05/3025-why-villas-in-mangalore-are-attracting-investors-from-across-india-003-150x100.webp 22496 total MB 654.2
ASSET OK https://yamunabuilders.com/wp-content/uploads/2026/05/3025-why-villas-in-mangalore-are-attracting-investors-from-across-india-003-300x200.webp 33698 total MB 654.2
ASSET OK https://yamunabuilders.com/wp-content/uploads/2026/05/3025-why-villas-in-mangalore-are-attracting-investors-from-across-india-003-600x403.webp 70402 total MB 654.3
ASSET OK https://yamunabuilders.com/wp-content/uploads/2026/05/3025-why-villas-in-mangalore-are-attracting-investors-from-across-india-003-768x512.webp 95420 total MB 654.4
ASSET OK https://yamunabuilders.com/wp-content/uploads/2026/06/3035-renting-vs-buying-a-flat-in-mangalore-city-when-does-it-make-financial-sense-to-own-001-1080x720.webp 50968 total MB 654.4
ASSET OK https://yamunabuilders.com/wp-content/uploads/2026/06/3035-renting-vs-buying-a-flat-in-mangalore-city-when-does-it-make-financial-sense-to-own-001-140x140.webp 19900 total MB 654.4
ASSET OK https://yamunabuilders.com/wp-content/uploads/2026/06/3035-renting-vs-buying-a-flat-in-mangalore-city-when-does-it-make-financial-sense-to-own-001-150x100.webp 19668 total MB 654.5
ASSET OK https://yamunabuilders.com/wp-content/uploads/2026/06/3035-renting-vs-buying-a-flat-in-mangalore-city-when-does-it-make-financial-sense-to-own-001-300x200.webp 24080 total MB 654.5
ASSET OK https://yamunabuilders.com/wp-content/uploads/2026/06/3035-renting-vs-buying-a-flat-in-mangalore-city-when-does-it-make-financial-sense-to-own-001-600x403.webp 34024 total MB 654.5
ASSET OK https://yamunabuilders.com/wp-content/uploads/2026/06/3035-renting-vs-buying-a-flat-in-mangalore-city-when-does-it-make-financial-sense-to-own-001-768x512.webp 39730 total MB 654.6
ASSET OK https://yamunabuilders.com/wp-content/uploads/2026/06/3035-renting-vs-buying-a-flat-in-mangalore-city-when-does-it-make-financial-sense-to-own-002-1080x720.webp 51414 total MB 654.6
ASSET OK https://yamunabuilders.com/wp-content/uploads/2026/06/3035-renting-vs-buying-a-flat-in-mangalore-city-when-does-it-make-financial-sense-to-own-002-140x140.webp 32760 total MB 654.6
ASSET OK https://yamunabuilders.com/wp-content/uploads/2026/06/3035-renting-vs-buying-a-flat-in-mangalore-city-when-does-it-make-financial-sense-to-own-002-150x100.webp 31806 total MB 654.7
ASSET OK https://yamunabuilders.com/wp-content/uploads/2026/06/3035-renting-vs-buying-a-flat-in-mangalore-city-when-does-it-make-financial-sense-to-own-002-300x200.webp 34602 total MB 654.7
ASSET OK https://yamunabuilders.com/wp-content/uploads/2026/06/3035-renting-vs-buying-a-flat-in-mangalore-city-when-does-it-make-financial-sense-to-own-002-600x403.webp 41020 total MB 654.7
ASSET OK https://yamunabuilders.com/wp-content/uploads/2026/06/3035-renting-vs-buying-a-flat-in-mangalore-city-when-does-it-make-financial-sense-to-own-002-768x512.webp 44674 total MB 654.8
ASSET OK https://yamunabuilders.com/wp-content/uploads/2026/06/3035-renting-vs-buying-a-flat-in-mangalore-city-when-does-it-make-financial-sense-to-own-003-1080x588.webp 61664 total MB 654.9
ASSET OK https://yamunabuilders.com/wp-content/uploads/2026/06/3035-renting-vs-buying-a-flat-in-mangalore-city-when-does-it-make-financial-sense-to-own-003-140x140.webp 25222 total MB 654.9
ASSET OK https://yamunabuilders.com/wp-content/uploads/2026/06/3035-renting-vs-buying-a-flat-in-mangalore-city-when-does-it-make-financial-sense-to-own-003-150x82.webp 24458 total MB 654.9
ASSET OK https://yamunabuilders.com/wp-content/uploads/2026/06/3035-renting-vs-buying-a-flat-in-mangalore-city-when-does-it-make-financial-sense-to-own-003-300x163.webp 29062 total MB 654.9
ASSET OK https://yamunabuilders.com/wp-content/uploads/2026/06/3035-renting-vs-buying-a-flat-in-mangalore-city-when-does-it-make-financial-sense-to-own-003-600x403.webp 42780 total MB 655.0
ASSET OK https://yamunabuilders.com/wp-content/uploads/2026/06/3035-renting-vs-buying-a-flat-in-mangalore-city-when-does-it-make-financial-sense-to-own-003-768x418.webp 46986 total MB 655.0
ASSET OK https://yamunabuilders.com/wp-content/uploads/2026/06/3035-renting-vs-buying-a-flat-in-mangalore-city-when-does-it-make-financial-sense-to-own-004-1080x720.webp 42780 total MB 655.1
ASSET OK https://yamunabuilders.com/wp-content/uploads/2026/06/3035-renting-vs-buying-a-flat-in-mangalore-city-when-does-it-make-financial-sense-to-own-004-140x140.webp 20110 total MB 655.1
ASSET OK https://yamunabuilders.com/wp-content/uploads/2026/06/3035-renting-vs-buying-a-flat-in-mangalore-city-when-does-it-make-financial-sense-to-own-004-150x100.webp 19936 total MB 655.1
ASSET OK https://yamunabuilders.com/wp-content/uploads/2026/06/3035-renting-vs-buying-a-flat-in-mangalore-city-when-does-it-make-financial-sense-to-own-004-300x200.webp 22880 total MB 655.1
ASSET OK https://yamunabuilders.com/wp-content/uploads/2026/06/3035-renting-vs-buying-a-flat-in-mangalore-city-when-does-it-make-financial-sense-to-own-004-600x403.webp 29710 total MB 655.2
ASSET OK https://yamunabuilders.com/wp-content/uploads/2026/06/3035-renting-vs-buying-a-flat-in-mangalore-city-when-does-it-make-financial-sense-to-own-004-768x512.webp 33824 total MB 655.2
ASSET OK https://yamunabuilders.com/wp-content/uploads/2026/06/3035-renting-vs-buying-a-flat-in-mangalore-city-when-does-it-make-financial-sense-to-own-005-1080x605.webp 43462 total MB 655.2
ASSET OK https://yamunabuilders.com/wp-content/uploads/2026/06/3035-renting-vs-buying-a-flat-in-mangalore-city-when-does-it-make-financial-sense-to-own-005-140x140.webp 11406 total MB 655.2
ASSET OK https://yamunabuilders.com/wp-content/uploads/2026/06/3035-renting-vs-buying-a-flat-in-mangalore-city-when-does-it-make-financial-sense-to-own-005-150x84.webp 10648 total MB 655.3
ASSET OK https://yamunabuilders.com/wp-content/uploads/2026/06/3035-renting-vs-buying-a-flat-in-mangalore-city-when-does-it-make-financial-sense-to-own-005-300x168.webp 15034 total MB 655.3
ASSET OK https://yamunabuilders.com/wp-content/uploads/2026/06/3035-renting-vs-buying-a-flat-in-mangalore-city-when-does-it-make-financial-sense-to-own-005-600x403.webp 26848 total MB 655.3
ASSET OK https://yamunabuilders.com/wp-content/uploads/2026/06/3035-renting-vs-buying-a-flat-in-mangalore-city-when-does-it-make-financial-sense-to-own-005-768x430.webp 30978 total MB 655.3
ASSET OK https://yamunabuilders.com/wp-content/uploads/2026/06/3051-yamuna-skycity-takes-off-a-landmark-launch-event-in-collaboration-with-lamborghini-001-1080x720.webp 116994 total MB 655.4
ASSET OK https://yamunabuilders.com/wp-content/uploads/2026/06/3051-yamuna-skycity-takes-off-a-landmark-launch-event-in-collaboration-with-lamborghini-001-140x140.webp 65028 total MB 655.5
ASSET OK https://yamunabuilders.com/wp-content/uploads/2026/06/3051-yamuna-skycity-takes-off-a-landmark-launch-event-in-collaboration-with-lamborghini-001-150x100.webp 64398 total MB 655.6
ASSET OK https://yamunabuilders.com/wp-content/uploads/2026/06/3051-yamuna-skycity-takes-off-a-landmark-launch-event-in-collaboration-with-lamborghini-001-300x200.webp 70370 total MB 655.6
ASSET OK https://yamunabuilders.com/wp-content/uploads/2026/06/3051-yamuna-skycity-takes-off-a-landmark-launch-event-in-collaboration-with-lamborghini-001-600x403.webp 86716 total MB 655.7
ASSET OK https://yamunabuilders.com/wp-content/uploads/2026/06/3051-yamuna-skycity-takes-off-a-landmark-launch-event-in-collaboration-with-lamborghini-001-768x512.webp 96028 total MB 655.8
ASSET OK https://yamunabuilders.com/wp-content/uploads/2026/06/3051-yamuna-skycity-takes-off-a-landmark-launch-event-in-collaboration-with-lamborghini-002-1080x540.webp 176014 total MB 656.0
ASSET OK https://yamunabuilders.com/wp-content/uploads/2026/06/3051-yamuna-skycity-takes-off-a-landmark-launch-event-in-collaboration-with-lamborghini-002-140x140.webp 68026 total MB 656.1
ASSET OK https://yamunabuilders.com/wp-content/uploads/2026/06/3051-yamuna-skycity-takes-off-a-landmark-launch-event-in-collaboration-with-lamborghini-002-150x75.webp 66378 total MB 656.1
ASSET OK https://yamunabuilders.com/wp-content/uploads/2026/06/3051-yamuna-skycity-takes-off-a-landmark-launch-event-in-collaboration-with-lamborghini-002-300x150.webp 74184 total MB 656.2
ASSET OK https://yamunabuilders.com/wp-content/uploads/2026/06/3051-yamuna-skycity-takes-off-a-landmark-launch-event-in-collaboration-with-lamborghini-002-600x403.webp 115408 total MB 656.3
ASSET OK https://yamunabuilders.com/wp-content/uploads/2026/06/3051-yamuna-skycity-takes-off-a-landmark-launch-event-in-collaboration-with-lamborghini-002-768x384.webp 123866 total MB 656.5
ASSET OK https://yamunabuilders.com/wp-content/uploads/2026/06/3051-yamuna-skycity-takes-off-a-landmark-launch-event-in-collaboration-with-lamborghini-003-1080x720.webp 235872 total MB 656.7
ASSET OK https://yamunabuilders.com/wp-content/uploads/2026/06/3051-yamuna-skycity-takes-off-a-landmark-launch-event-in-collaboration-with-lamborghini-003-140x140.webp 47068 total MB 656.7
ASSET OK https://yamunabuilders.com/wp-content/uploads/2026/06/3051-yamuna-skycity-takes-off-a-landmark-launch-event-in-collaboration-with-lamborghini-003-150x100.webp 46012 total MB 656.8
ASSET OK https://yamunabuilders.com/wp-content/uploads/2026/06/3051-yamuna-skycity-takes-off-a-landmark-launch-event-in-collaboration-with-lamborghini-003-300x200.webp 59704 total MB 656.8
ASSET OK https://yamunabuilders.com/wp-content/uploads/2026/06/3051-yamuna-skycity-takes-off-a-landmark-launch-event-in-collaboration-with-lamborghini-003-600x403.webp 110908 total MB 657.0
ASSET OK https://yamunabuilders.com/wp-content/uploads/2026/06/3051-yamuna-skycity-takes-off-a-landmark-launch-event-in-collaboration-with-lamborghini-003-768x512.webp 149306 total MB 657.1
ASSET OK https://yamunabuilders.com/wp-content/uploads/2026/06/3051-yamuna-skycity-takes-off-a-landmark-launch-event-in-collaboration-with-lamborghini-004-1080x720.webp 143550 total MB 657.2
ASSET OK https://yamunabuilders.com/wp-content/uploads/2026/06/3051-yamuna-skycity-takes-off-a-landmark-launch-event-in-collaboration-with-lamborghini-004-140x140.webp 50174 total MB 657.3
ASSET OK https://yamunabuilders.com/wp-content/uploads/2026/06/3051-yamuna-skycity-takes-off-a-landmark-launch-event-in-collaboration-with-lamborghini-004-150x100.webp 49726 total MB 657.3
ASSET OK https://yamunabuilders.com/wp-content/uploads/2026/06/3051-yamuna-skycity-takes-off-a-landmark-launch-event-in-collaboration-with-lamborghini-004-300x200.webp 59290 total MB 657.4
ASSET OK https://yamunabuilders.com/wp-content/uploads/2026/06/3051-yamuna-skycity-takes-off-a-landmark-launch-event-in-collaboration-with-lamborghini-004-600x403.webp 87274 total MB 657.5
ASSET OK https://yamunabuilders.com/wp-content/uploads/2026/06/3051-yamuna-skycity-takes-off-a-landmark-launch-event-in-collaboration-with-lamborghini-004-768x512.webp 105594 total MB 657.6
ASSET OK https://yamunabuilders.com/wp-content/uploads/2026/06/3051-yamuna-skycity-takes-off-a-landmark-launch-event-in-collaboration-with-lamborghini-005-1080x720.webp 212510 total MB 657.8
ASSET OK https://yamunabuilders.com/wp-content/uploads/2026/06/3051-yamuna-skycity-takes-off-a-landmark-launch-event-in-collaboration-with-lamborghini-005-140x140.webp 76730 total MB 657.9
ASSET OK https://yamunabuilders.com/wp-content/uploads/2026/06/3051-yamuna-skycity-takes-off-a-landmark-launch-event-in-collaboration-with-lamborghini-005-150x100.webp 76522 total MB 658.0
ASSET OK https://yamunabuilders.com/wp-content/uploads/2026/06/3051-yamuna-skycity-takes-off-a-landmark-launch-event-in-collaboration-with-lamborghini-005-300x200.webp 85938 total MB 658.0
ASSET OK https://yamunabuilders.com/wp-content/uploads/2026/06/3051-yamuna-skycity-takes-off-a-landmark-launch-event-in-collaboration-with-lamborghini-005-600x403.webp 121196 total MB 658.2
ASSET OK https://yamunabuilders.com/wp-content/uploads/2026/06/3051-yamuna-skycity-takes-off-a-landmark-launch-event-in-collaboration-with-lamborghini-005-768x512.webp 148198 total MB 658.3
ASSET OK https://yamunabuilders.com/wp-content/uploads/2026/06/3051-yamuna-skycity-takes-off-a-landmark-launch-event-in-collaboration-with-lamborghini-006-1080x720.webp 238150 total MB 658.6
ASSET OK https://yamunabuilders.com/wp-content/uploads/2026/06/3051-yamuna-skycity-takes-off-a-landmark-launch-event-in-collaboration-with-lamborghini-006-140x140.webp 82772 total MB 658.6
ASSET OK https://yamunabuilders.com/wp-content/uploads/2026/06/3051-yamuna-skycity-takes-off-a-landmark-launch-event-in-collaboration-with-lamborghini-006-150x100.webp 81278 total MB 658.7
ASSET OK https://yamunabuilders.com/wp-content/uploads/2026/06/3051-yamuna-skycity-takes-off-a-landmark-launch-event-in-collaboration-with-lamborghini-006-300x200.webp 92602 total MB 658.8
ASSET OK https://yamunabuilders.com/wp-content/uploads/2026/06/3051-yamuna-skycity-takes-off-a-landmark-launch-event-in-collaboration-with-lamborghini-006-600x403.webp 135018 total MB 658.9
ASSET OK https://yamunabuilders.com/wp-content/uploads/2026/06/3051-yamuna-skycity-takes-off-a-landmark-launch-event-in-collaboration-with-lamborghini-006-768x512.webp 165632 total MB 659.1
ASSET OK https://yamunabuilders.com/wp-content/uploads/2026/06/3051-yamuna-skycity-takes-off-a-landmark-launch-event-in-collaboration-with-lamborghini-007-1080x720.webp 253376 total MB 659.4
ASSET OK https://yamunabuilders.com/wp-content/uploads/2026/06/3051-yamuna-skycity-takes-off-a-landmark-launch-event-in-collaboration-with-lamborghini-007-140x140.webp 79160 total MB 659.4
ASSET OK https://yamunabuilders.com/wp-content/uploads/2026/06/3051-yamuna-skycity-takes-off-a-landmark-launch-event-in-collaboration-with-lamborghini-007-150x100.webp 78410 total MB 659.5
ASSET OK https://yamunabuilders.com/wp-content/uploads/2026/06/3051-yamuna-skycity-takes-off-a-landmark-launch-event-in-collaboration-with-lamborghini-007-300x200.webp 89166 total MB 659.6
ASSET OK https://yamunabuilders.com/wp-content/uploads/2026/06/3051-yamuna-skycity-takes-off-a-landmark-launch-event-in-collaboration-with-lamborghini-007-600x403.webp 132404 total MB 659.7
ASSET OK https://yamunabuilders.com/wp-content/uploads/2026/06/3051-yamuna-skycity-takes-off-a-landmark-launch-event-in-collaboration-with-lamborghini-007-768x512.webp 166550 total MB 659.9
ASSET OK https://yamunabuilders.com/wp-content/uploads/2026/06/3051-yamuna-skycity-takes-off-a-landmark-launch-event-in-collaboration-with-lamborghini-008-1080x720.webp 142908 total MB 660.1
ASSET OK https://yamunabuilders.com/wp-content/uploads/2026/06/3051-yamuna-skycity-takes-off-a-landmark-launch-event-in-collaboration-with-lamborghini-008-140x140.webp 68028 total MB 660.1
ASSET OK https://yamunabuilders.com/wp-content/uploads/2026/06/3051-yamuna-skycity-takes-off-a-landmark-launch-event-in-collaboration-with-lamborghini-008-150x100.webp 68020 total MB 660.2
ASSET OK https://yamunabuilders.com/wp-content/uploads/2026/06/3051-yamuna-skycity-takes-off-a-landmark-launch-event-in-collaboration-with-lamborghini-008-300x200.webp 75772 total MB 660.3
ASSET OK https://yamunabuilders.com/wp-content/uploads/2026/06/3051-yamuna-skycity-takes-off-a-landmark-launch-event-in-collaboration-with-lamborghini-008-600x403.webp 98974 total MB 660.4
ASSET OK https://yamunabuilders.com/wp-content/uploads/2026/06/3051-yamuna-skycity-takes-off-a-landmark-launch-event-in-collaboration-with-lamborghini-008-768x512.webp 112440 total MB 660.5
ASSET OK https://yamunabuilders.com/wp-content/uploads/2026/06/3051-yamuna-skycity-takes-off-a-landmark-launch-event-in-collaboration-with-lamborghini-009-1080x720.webp 238150 total MB 660.7
ASSET OK https://yamunabuilders.com/wp-content/uploads/2026/06/3051-yamuna-skycity-takes-off-a-landmark-launch-event-in-collaboration-with-lamborghini-009-140x140.webp 82772 total MB 660.8
ASSET OK https://yamunabuilders.com/wp-content/uploads/2026/06/3051-yamuna-skycity-takes-off-a-landmark-launch-event-in-collaboration-with-lamborghini-009-150x100.webp 81278 total MB 660.9
ASSET OK https://yamunabuilders.com/wp-content/uploads/2026/06/3051-yamuna-skycity-takes-off-a-landmark-launch-event-in-collaboration-with-lamborghini-009-300x200.webp 92602 total MB 661.0
ASSET OK https://yamunabuilders.com/wp-content/uploads/2026/06/3051-yamuna-skycity-takes-off-a-landmark-launch-event-in-collaboration-with-lamborghini-009-600x403.webp 135018 total MB 661.1
ASSET OK https://yamunabuilders.com/wp-content/uploads/2026/06/3051-yamuna-skycity-takes-off-a-landmark-launch-event-in-collaboration-with-lamborghini-009-768x512.webp 165632 total MB 661.3
ASSET OK https://yamunabuilders.com/wp-content/uploads/2026/06/3051-yamuna-skycity-takes-off-a-landmark-launch-event-in-collaboration-with-lamborghini-010-1080x720.webp 153366 total MB 661.4
ASSET OK https://yamunabuilders.com/wp-content/uploads/2026/06/3051-yamuna-skycity-takes-off-a-landmark-launch-event-in-collaboration-with-lamborghini-010-140x140.webp 43166 total MB 661.5
ASSET OK https://yamunabuilders.com/wp-content/uploads/2026/06/3051-yamuna-skycity-takes-off-a-landmark-launch-event-in-collaboration-with-lamborghini-010-150x100.webp 42232 total MB 661.5
ASSET OK https://yamunabuilders.com/wp-content/uploads/2026/06/3051-yamuna-skycity-takes-off-a-landmark-launch-event-in-collaboration-with-lamborghini-010-300x200.webp 51060 total MB 661.6
ASSET OK https://yamunabuilders.com/wp-content/uploads/2026/06/3051-yamuna-skycity-takes-off-a-landmark-launch-event-in-collaboration-with-lamborghini-010-600x403.webp 81688 total MB 661.6
ASSET OK https://yamunabuilders.com/wp-content/uploads/2026/06/3051-yamuna-skycity-takes-off-a-landmark-launch-event-in-collaboration-with-lamborghini-010-768x512.webp 103634 total MB 661.7
ASSET OK https://yamunabuilders.com/wp-content/uploads/2026/06/3051-yamuna-skycity-takes-off-a-landmark-launch-event-in-collaboration-with-lamborghini-011-1080x720.webp 151714 total MB 661.9
ASSET OK https://yamunabuilders.com/wp-content/uploads/2026/06/3051-yamuna-skycity-takes-off-a-landmark-launch-event-in-collaboration-with-lamborghini-011-140x140.webp 50376 total MB 662.0
ASSET OK https://yamunabuilders.com/wp-content/uploads/2026/06/3051-yamuna-skycity-takes-off-a-landmark-launch-event-in-collaboration-with-lamborghini-011-150x100.webp 49780 total MB 662.0
ASSET OK https://yamunabuilders.com/wp-content/uploads/2026/06/3051-yamuna-skycity-takes-off-a-landmark-launch-event-in-collaboration-with-lamborghini-011-300x200.webp 59516 total MB 662.1
ASSET OK https://yamunabuilders.com/wp-content/uploads/2026/06/3051-yamuna-skycity-takes-off-a-landmark-launch-event-in-collaboration-with-lamborghini-011-600x403.webp 89140 total MB 662.1
ASSET OK https://yamunabuilders.com/wp-content/uploads/2026/06/3051-yamuna-skycity-takes-off-a-landmark-launch-event-in-collaboration-with-lamborghini-011-768x512.webp 107946 total MB 662.3
ASSET OK https://yamunabuilders.com/wp-content/uploads/2026/06/3051-yamuna-skycity-takes-off-a-landmark-launch-event-in-collaboration-with-lamborghini-012-1080x720.webp 127856 total MB 662.4
ASSET OK https://yamunabuilders.com/wp-content/uploads/2026/06/3051-yamuna-skycity-takes-off-a-landmark-launch-event-in-collaboration-with-lamborghini-012-140x140.webp 65224 total MB 662.4
ASSET OK https://yamunabuilders.com/wp-content/uploads/2026/06/3051-yamuna-skycity-takes-off-a-landmark-launch-event-in-collaboration-with-lamborghini-012-150x100.webp 64730 total MB 662.5
ASSET OK https://yamunabuilders.com/wp-content/uploads/2026/06/3051-yamuna-skycity-takes-off-a-landmark-launch-event-in-collaboration-with-lamborghini-012-300x200.webp 70648 total MB 662.6
ASSET OK https://yamunabuilders.com/wp-content/uploads/2026/06/3051-yamuna-skycity-takes-off-a-landmark-launch-event-in-collaboration-with-lamborghini-012-600x403.webp 89016 total MB 662.7
ASSET OK https://yamunabuilders.com/wp-content/uploads/2026/06/3051-yamuna-skycity-takes-off-a-landmark-launch-event-in-collaboration-with-lamborghini-012-768x512.webp 101392 total MB 662.8
ASSET OK https://yamunabuilders.com/wp-content/uploads/2026/06/3076-smart-home-features-now-standard-in-mangalore-apartments-001-1080x720.webp 64502 total MB 662.8
ASSET OK https://yamunabuilders.com/wp-content/uploads/2026/06/3076-smart-home-features-now-standard-in-mangalore-apartments-001-140x140.webp 7516 total MB 662.8
ASSET OK https://yamunabuilders.com/wp-content/uploads/2026/06/3076-smart-home-features-now-standard-in-mangalore-apartments-001-150x100.webp 7040 total MB 662.9
ASSET OK https://yamunabuilders.com/wp-content/uploads/2026/06/3076-smart-home-features-now-standard-in-mangalore-apartments-001-300x200.webp 12222 total MB 662.9
ASSET OK https://yamunabuilders.com/wp-content/uploads/2026/06/3076-smart-home-features-now-standard-in-mangalore-apartments-001-600x403.webp 30542 total MB 662.9
ASSET OK https://yamunabuilders.com/wp-content/uploads/2026/06/3076-smart-home-features-now-standard-in-mangalore-apartments-001-768x512.webp 42012 total MB 662.9
ASSET OK https://yamunabuilders.com/wp-content/uploads/2026/06/3076-smart-home-features-now-standard-in-mangalore-apartments-004-1080x608.webp 105754 total MB 663.0
ASSET OK https://yamunabuilders.com/wp-content/uploads/2026/06/3076-smart-home-features-now-standard-in-mangalore-apartments-004-140x140.webp 16322 total MB 663.1
ASSET OK https://yamunabuilders.com/wp-content/uploads/2026/06/3076-smart-home-features-now-standard-in-mangalore-apartments-004-150x84.webp 14562 total MB 663.1
ASSET OK https://yamunabuilders.com/wp-content/uploads/2026/06/3076-smart-home-features-now-standard-in-mangalore-apartments-004-300x169.webp 21208 total MB 663.1
ASSET OK https://yamunabuilders.com/wp-content/uploads/2026/06/3076-smart-home-features-now-standard-in-mangalore-apartments-004-600x403.webp 54324 total MB 663.2
ASSET OK https://yamunabuilders.com/wp-content/uploads/2026/06/3076-smart-home-features-now-standard-in-mangalore-apartments-004-768x432.webp 64108 total MB 663.2
ASSET OK https://yamunabuilders.com/wp-content/uploads/2026/06/3076-smart-home-features-now-standard-in-mangalore-apartments-005-1080x721.webp 90206 total MB 663.3
ASSET OK https://yamunabuilders.com/wp-content/uploads/2026/06/3076-smart-home-features-now-standard-in-mangalore-apartments-005-140x140.webp 17570 total MB 663.3
ASSET OK https://yamunabuilders.com/wp-content/uploads/2026/06/3076-smart-home-features-now-standard-in-mangalore-apartments-005-150x100.webp 16436 total MB 663.3
ASSET OK https://yamunabuilders.com/wp-content/uploads/2026/06/3076-smart-home-features-now-standard-in-mangalore-apartments-005-300x200.webp 22874 total MB 663.4
ASSET OK https://yamunabuilders.com/wp-content/uploads/2026/06/3076-smart-home-features-now-standard-in-mangalore-apartments-005-600x403.webp 42048 total MB 663.4
ASSET OK https://yamunabuilders.com/wp-content/uploads/2026/06/3076-smart-home-features-now-standard-in-mangalore-apartments-005-768x512.webp 56536 total MB 663.5
ASSET OK https://yamunabuilders.com/wp-content/uploads/2026/06/3076-smart-home-features-now-standard-in-mangalore-apartments-006-1080x721.webp 90206 total MB 663.6
ASSET OK https://yamunabuilders.com/wp-content/uploads/2026/06/3076-smart-home-features-now-standard-in-mangalore-apartments-006-140x140.webp 17570 total MB 663.6
ASSET OK https://yamunabuilders.com/wp-content/uploads/2026/06/3076-smart-home-features-now-standard-in-mangalore-apartments-006-150x100.webp 16436 total MB 663.6
ASSET OK https://yamunabuilders.com/wp-content/uploads/2026/06/3076-smart-home-features-now-standard-in-mangalore-apartments-006-300x200.webp 22874 total MB 663.6
ASSET OK https://yamunabuilders.com/wp-content/uploads/2026/06/3076-smart-home-features-now-standard-in-mangalore-apartments-006-600x403.webp 42048 total MB 663.7
ASSET OK https://yamunabuilders.com/wp-content/uploads/2026/06/3076-smart-home-features-now-standard-in-mangalore-apartments-006-768x512.webp 56536 total MB 663.7
ASSET OK https://yamunabuilders.com/wp-content/plugins/salient-nectar-slider/img/textures/grid.png 964 total MB 663.7
ASSET OK https://yamunabuilders.com/wp-content/themes/salient/img/icons/leaflet/marker-shadow.png 618 total MB 663.7
ASSET OK https://yamunabuilders.com/wp-content/themes/salient/css/build/plugins/leaflet.css 10601 total MB 663.7
ASSET 404 https://yamunabuilders.com/wp-content/themes/salient/css/img/icons/leaflet/layers.png
ASSET 404 https://yamunabuilders.com/wp-content/themes/salient/css/img/icons/leaflet/layers-2x.png
ASSET OK https://yamunabuilders.com/wp-content/themes/salient/img/icons/loading-white-bg.gif 2608 total MB 663.7
ASSET OK https://yamunabuilders.com/wp-content/themes/salient/img/icons/quote.png 1340 total MB 663.7
ASSET OK https://yamunabuilders.com/wp-content/themes/salient/img/icons/link.png 1443 total MB 663.7
ASSET OK https://yamunabuilders.com/wp-content/themes/salient/img/icons/status.png 1162 total MB 663.7
ASSET OK https://yamunabuilders.com/wp-content/themes/salient/img/icons/quote-2x.png 1776 total MB 663.7
ASSET OK https://yamunabuilders.com/wp-content/themes/salient/img/icons/link-2x.png 2078 total MB 663.7
ASSET OK https://yamunabuilders.com/wp-content/themes/salient/img/icons/portfolio-arrows.png 1189 total MB 663.7
ASSET OK https://yamunabuilders.com/wp-content/themes/salient/img/icons/portfolio-arrows-2x.png 1467 total MB 663.7
ASSET OK https://yamunabuilders.com/wp-content/themes/salient/img/icons/comment-children-line.jpg 1125 total MB 663.7
ASSET OK https://yamunabuilders.com/wp-content/themes/salient/css/fonts/icomoon.eot 22052 total MB 663.8
ASSET OK https://yamunabuilders.com/wp-content/themes/salient/css/fonts/icomoon.woff 21964 total MB 663.8
ASSET OK https://yamunabuilders.com/wp-content/themes/salient/css/fonts/icomoon.ttf 21888 total MB 663.8
ASSET OK https://yamunabuilders.com/wp-content/themes/salient/css/fonts/icomoon.svg 73297 total MB 663.9
ASSET OK https://yamunabuilders.com/wp-content/themes/salient/css/fonts/fontawesome-webfont.eot 165742 total MB 664.0
ASSET OK https://yamunabuilders.com/wp-content/themes/salient/css/fonts/fontawesome-webfont.svg 444379 total MB 664.5
ASSET OK https://yamunabuilders.com/wp-content/themes/salient/css/fonts/fontawesome-webfont.woff 102588 total MB 664.6
ASSET OK https://yamunabuilders.com/wp-content/themes/salient/css/fonts/fontawesome-webfont.ttf 165864 total MB 664.8
assets downloaded MB: 664.8
DONE in 1343 s
